gestion,codigo_ue,nombre_ue,codigo_departamento,departamento,codigo_provincia,provincia,codigo_municipio,municipio,codigo_distrito,distrito_educativo,area_codigo,area,dependencia_codigo,dependencia,nivel_codigo,niveles_ofertados,matricula_total,codigo_local_educativo,turno_codigo,motivo_exclusion
2024,80480004,ANGELA MAURER,1,CHUQUISACA,101,OROPEZA,10101,CAPITAL (SUCRE),1001,SUCRE,U,Urbana,1,Fiscal,1,Inicial,251,80480002,1,Solo inicial
2024,80480015,AMALIA VIUDA DE VARGAS,1,CHUQUISACA,101,OROPEZA,10101,CAPITAL (SUCRE),1001,SUCRE,U,Urbana,1,Fiscal,1,Inicial,164,80480006,1,Solo inicial
2024,80480016,MERCEDES CANDIA DE OVANDO INICIAL,1,CHUQUISACA,101,OROPEZA,10101,CAPITAL (SUCRE),1001,SUCRE,U,Urbana,1,Fiscal,1,Inicial,148,80480007,2,Solo inicial
2024,80480018,ACCION SOCIAL B,1,CHUQUISACA,101,OROPEZA,10101,CAPITAL (SUCRE),1001,SUCRE,U,Urbana,1,Fiscal,1,Inicial,152,80480027,2,Solo inicial
2024,80480019,GEORGES ROUMA,1,CHUQUISACA,101,OROPEZA,10101,CAPITAL (SUCRE),1001,SUCRE,U,Urbana,1,Fiscal,1,Inicial,101,80480008,2,Solo inicial
2024,80480020,JUDITH CARRASCO DE ECHEVARRIA,1,CHUQUISACA,101,OROPEZA,10101,CAPITAL (SUCRE),1001,SUCRE,U,Urbana,1,Fiscal,1,Inicial,307,80480008,1,Solo inicial
2024,80480024,SAN FRANCISCO,1,CHUQUISACA,101,OROPEZA,10101,CAPITAL (SUCRE),1001,SUCRE,U,Urbana,1,Fiscal,1,Inicial,296,80480124,2,Solo inicial
2024,80480036,SAN LAZARO,1,CHUQUISACA,101,OROPEZA,10101,CAPITAL (SUCRE),1001,SUCRE,U,Urbana,1,Fiscal,1,Inicial,161,80480125,1,Solo inicial
2024,80480039,TREVERIS,1,CHUQUISACA,101,OROPEZA,10101,CAPITAL (SUCRE),1001,SUCRE,U,Urbana,1,Fiscal,1,Inicial,117,80480018,2,Solo inicial
2024,80480046,MUNICIPAL,1,CHUQUISACA,101,OROPEZA,10101,CAPITAL (SUCRE),1001,SUCRE,U,Urbana,1,Fiscal,1,Inicial,115,80480022,1,Solo inicial
2024,80480052,ACCION SOCIAL A,1,CHUQUISACA,101,OROPEZA,10101,CAPITAL (SUCRE),1001,SUCRE,U,Urbana,1,Fiscal,1,Inicial,178,80480027,1,Solo inicial
2024,80480059,TTE. EDMUNDO ANDRADE B,1,CHUQUISACA,101,OROPEZA,10101,CAPITAL (SUCRE),1001,SUCRE,U,Urbana,1,Fiscal,1,Inicial,137,80480031,4,Solo inicial
2024,80480070,JAIME MENDOZA,1,CHUQUISACA,101,OROPEZA,10101,CAPITAL (SUCRE),1001,SUCRE,U,Urbana,1,Fiscal,1,Inicial,211,80480035,1,Solo inicial
2024,80480071,SAUL MENDOZA,1,CHUQUISACA,101,OROPEZA,10101,CAPITAL (SUCRE),1001,SUCRE,U,Urbana,1,Fiscal,1,Inicial,136,80480035,2,Solo inicial
2024,80480073,AGAR SALAZAR DE COX,1,CHUQUISACA,101,OROPEZA,10101,CAPITAL (SUCRE),1001,SUCRE,U,Urbana,1,Fiscal,1,Inicial,150,80480037,2,Solo inicial
2024,80480074,GERARDO VACA GUZMAN,1,CHUQUISACA,101,OROPEZA,10101,CAPITAL (SUCRE),1001,SUCRE,U,Urbana,1,Fiscal,1,Inicial,322,80480037,1,Solo inicial
2024,80480075,SAN ROQUE,1,CHUQUISACA,101,OROPEZA,10101,CAPITAL (SUCRE),1001,SUCRE,U,Urbana,1,Fiscal,1,Inicial,128,80480128,1,Solo inicial
2024,80480085,CRISTO REY,1,CHUQUISACA,101,OROPEZA,10101,CAPITAL (SUCRE),1001,SUCRE,U,Urbana,1,Fiscal,1,Inicial,136,80480043,1,Solo inicial
2024,80480165,SAN VICENTE DE PAUL INICIAL,1,CHUQUISACA,101,OROPEZA,10101,CAPITAL (SUCRE),1001,SUCRE,U,Urbana,1,Fiscal,1,Inicial,289,80480132,2,Solo inicial
2024,80480168,JOSE MARIANO SERRANO D,1,CHUQUISACA,101,OROPEZA,10101,CAPITAL (SUCRE),1001,SUCRE,U,Urbana,1,Fiscal,1,Inicial,157,80480018,1,Solo inicial
2024,80480230,LOYOLA A,1,CHUQUISACA,101,OROPEZA,10101,CAPITAL (SUCRE),1001,SUCRE,U,Urbana,1,Fiscal,1,Inicial,202,80480135,1,Solo inicial
2024,80480241,ROBERTO ALVARADO DAZA D,1,CHUQUISACA,101,OROPEZA,10101,CAPITAL (SUCRE),1001,SUCRE,U,Urbana,1,Fiscal,1,Inicial,184,80480189,1,Solo inicial
2024,80480242,SUMAJ RIJCHARY,1,CHUQUISACA,101,OROPEZA,10101,CAPITAL (SUCRE),1001,SUCRE,U,Urbana,1,Fiscal,1,Inicial,284,80480197,4,Solo inicial
2024,80480252,CARITA DE ANGEL,1,CHUQUISACA,101,OROPEZA,10101,CAPITAL (SUCRE),1001,SUCRE,U,Urbana,0,Privada,1,Inicial,36,80480282,4,Solo inicial
2024,80480274,MI KINDER,1,CHUQUISACA,101,OROPEZA,10101,CAPITAL (SUCRE),1001,SUCRE,U,Urbana,0,Privada,1,Inicial,15,80480218,1,Solo inicial
2024,80480283,NICOLÁS JÛRGEN SCHÛTT,1,CHUQUISACA,101,OROPEZA,10101,CAPITAL (SUCRE),1001,SUCRE,U,Urbana,0,Privada,1,Inicial,15,80480226,1,Solo inicial
2024,80480294,ROBERTO ALVARADO DAZA E,1,CHUQUISACA,101,OROPEZA,10101,CAPITAL (SUCRE),1001,SUCRE,U,Urbana,1,Fiscal,1,Inicial,104,80480189,2,Solo inicial
2024,80480302,PEPITO GRILLO,1,CHUQUISACA,101,OROPEZA,10101,CAPITAL (SUCRE),1001,SUCRE,U,Urbana,0,Privada,1,Inicial,39,80480237,1,Solo inicial
2024,80480307,JARDIN INFATIL UBUNTU KIDS,1,CHUQUISACA,101,OROPEZA,10101,CAPITAL (SUCRE),1001,SUCRE,U,Urbana,0,Privada,1,Inicial,56,80480240,1,Solo inicial
2024,80480312,PEQUEÑOS GENIOS,1,CHUQUISACA,101,OROPEZA,10101,CAPITAL (SUCRE),1001,SUCRE,U,Urbana,0,Privada,1,Inicial,35,80480246,1,Solo inicial
2024,80480316,MANITAS PINTADAS,1,CHUQUISACA,101,OROPEZA,10101,CAPITAL (SUCRE),1001,SUCRE,U,Urbana,0,Privada,1,Inicial,6,80480250,1,Solo inicial
2024,80480319,MONTAÑA MAGICA,1,CHUQUISACA,101,OROPEZA,10101,CAPITAL (SUCRE),1001,SUCRE,U,Urbana,0,Privada,1,Inicial,50,80480252,1,Solo inicial
2024,80480323,ABRA PALABRA,1,CHUQUISACA,101,OROPEZA,10101,CAPITAL (SUCRE),1001,SUCRE,U,Urbana,0,Privada,1,Inicial,39,80480255,1,Solo inicial
2024,80480324,MI JARDIN ENCANTADO,1,CHUQUISACA,101,OROPEZA,10101,CAPITAL (SUCRE),1001,SUCRE,U,Urbana,0,Privada,1,Inicial,22,80480256,1,Solo inicial
2024,80480326,EL MUNDO DE SOFIA,1,CHUQUISACA,101,OROPEZA,10101,CAPITAL (SUCRE),1001,SUCRE,U,Urbana,0,Privada,1,Inicial,16,80480258,1,Solo inicial
2024,80480327,CAMINITO FELIZ,1,CHUQUISACA,101,OROPEZA,10101,CAPITAL (SUCRE),1001,SUCRE,U,Urbana,0,Privada,1,Inicial,44,80480259,1,Solo inicial
2024,80480357,CIBERKIDS,1,CHUQUISACA,101,OROPEZA,10101,CAPITAL (SUCRE),1001,SUCRE,U,Urbana,0,Privada,1,Inicial,23,80480295,4,Solo inicial
2024,80480363,VABADUS,1,CHUQUISACA,101,OROPEZA,10101,CAPITAL (SUCRE),1001,SUCRE,U,Urbana,0,Privada,1,Inicial,4,80480302,4,Solo inicial
2024,80460029,NIÑO JESUS DEL ROSARIO,1,CHUQUISACA,103,ZUDAÑEZ,10301,VILLA ZUDANEZ (TACOPAYA),1006,ZUDAÑEZ,R,Rural,1,Fiscal,1,Inicial,125,80460029,1,Solo inicial
2024,70460030,JARDIN DE NIÑOS CAMINITO DEL SABER,1,CHUQUISACA,103,ZUDAÑEZ,10302,PRESTO,1007,PRESTO,R,Rural,1,Fiscal,1,Inicial,12,70460031,4,Solo inicial
2024,60450016,ALEGRIA,1,CHUQUISACA,104,TOMINA,10403,SOPACHUY,1012,SOPACHUY,R,Rural,1,Fiscal,1,Inicial,52,60450019,1,Solo inicial
2024,80440059,DOLLY BORJA DE MENDOZA,1,CHUQUISACA,105,HERNANDO SILES,10501,MONTEAGUDO,1015,MONTEAGUDO,U,Urbana,1,Fiscal,1,Inicial,226,80440095,1,Solo inicial
2024,80430076,LA HERMANDAD,1,CHUQUISACA,106,YAMPARAEZ,10601,TARABUCO,1017,TARABUCO,R,Rural,1,Fiscal,3,Inicial; Primaria,0,80430076,4,Matrícula total cero
2024,80420061,12 DE ABRIL,1,CHUQUISACA,107,NOR CINTI,10701,CAMARGO,1019,CAMARGO,U,Urbana,1,Fiscal,1,Inicial,168,80420055,1,Solo inicial
2024,70420020,COCHA PATA,1,CHUQUISACA,107,NOR CINTI,10702,SAN LUCAS,1020,SAN LUCAS,R,Rural,1,Fiscal,3,Inicial; Primaria,0,70420019,4,Matrícula total cero
2024,60420073,JUANCITO PINTO,1,CHUQUISACA,107,NOR CINTI,10704,VILLA CHARCAS,1030,VILLA CHARCAS,R,Rural,1,Fiscal,1,Inicial,102,60420072,1,Solo inicial
2024,70400059,12 DE ABRIL,1,CHUQUISACA,109,SUD CINTI,10902,CULPINA,1024,CULPINA,U,Urbana,1,Fiscal,1,Inicial,124,70400063,1,Solo inicial
2024,40730693,EL POLLITO,2,LA PAZ,201,MURILLO,20101,CAPITAL (LA PAZ),2084,EL ALTO 1,U,Urbana,0,Privada,1,Inicial,31,40730521,1,Solo inicial
2024,80730008,27 DE MAYO,2,LA PAZ,201,MURILLO,20101,CAPITAL (LA PAZ),2081,LA PAZ 1,U,Urbana,1,Fiscal,1,Inicial,117,80730007,2,Solo inicial
2024,80730009,SIMONA MANZANEDA,2,LA PAZ,201,MURILLO,20101,CAPITAL (LA PAZ),2081,LA PAZ 1,U,Urbana,1,Fiscal,1,Inicial,243,80730007,1,Solo inicial
2024,80730023,CRISTO REY NRO. 1,2,LA PAZ,201,MURILLO,20101,CAPITAL (LA PAZ),2081,LA PAZ 1,U,Urbana,1,Fiscal,1,Inicial,175,80730011,1,Solo inicial
2024,80730026,IGNACIO CALDERON FE Y ALEGRIA III,2,LA PAZ,201,MURILLO,20101,CAPITAL (LA PAZ),2081,LA PAZ 1,U,Urbana,1,Fiscal,1,Inicial,152,80730012,1,Solo inicial
2024,80730050,NAZARIO PARDO VALLE,2,LA PAZ,201,MURILLO,20101,CAPITAL (LA PAZ),2081,LA PAZ 1,U,Urbana,1,Fiscal,1,Inicial,91,80730148,1,Solo inicial
2024,80730053,SANTA ANA I,2,LA PAZ,201,MURILLO,20101,CAPITAL (LA PAZ),2081,LA PAZ 1,U,Urbana,1,Fiscal,1,Inicial,104,80730222,1,Solo inicial
2024,80730079,SAN MARTIN DE PORRES,2,LA PAZ,201,MURILLO,20101,CAPITAL (LA PAZ),2081,LA PAZ 1,U,Urbana,1,Fiscal,1,Inicial,76,80730026,1,Solo inicial
2024,80730101,CAROLA IÑIGUEZ,2,LA PAZ,201,MURILLO,20101,CAPITAL (LA PAZ),2081,LA PAZ 1,U,Urbana,1,Fiscal,1,Inicial,116,80730034,2,Solo inicial
2024,80730103,ESTANISLAO PASCUAL,2,LA PAZ,201,MURILLO,20101,CAPITAL (LA PAZ),2081,LA PAZ 1,U,Urbana,1,Fiscal,1,Inicial,164,80730034,1,Solo inicial
2024,80730108,JUAN PEDRO SMETSERS FE Y ALEGRIA,2,LA PAZ,201,MURILLO,20101,CAPITAL (LA PAZ),2081,LA PAZ 1,U,Urbana,1,Fiscal,1,Inicial,295,80730037,1,Solo inicial
2024,80730112,CARLOS CARRASCO AVILA,2,LA PAZ,201,MURILLO,20101,CAPITAL (LA PAZ),2081,LA PAZ 1,U,Urbana,1,Fiscal,1,Inicial,126,80730421,1,Solo inicial
2024,80730117,JARDIN DE MARIA,2,LA PAZ,201,MURILLO,20101,CAPITAL (LA PAZ),2081,LA PAZ 1,U,Urbana,1,Fiscal,1,Inicial,234,80730040,1,Solo inicial
2024,80730125,CORINA GALLARDO,2,LA PAZ,201,MURILLO,20101,CAPITAL (LA PAZ),2081,LA PAZ 1,U,Urbana,1,Fiscal,1,Inicial,189,80730515,1,Solo inicial
2024,80730126,VILLA VICTORIA,2,LA PAZ,201,MURILLO,20101,CAPITAL (LA PAZ),2081,LA PAZ 1,U,Urbana,1,Fiscal,1,Inicial,88,80730515,2,Solo inicial
2024,80730163,RICARDO JOSE BUSTAMANTE C,2,LA PAZ,201,MURILLO,20101,CAPITAL (LA PAZ),2083,LA PAZ 3,U,Urbana,1,Fiscal,1,Inicial,123,80730478,1,Solo inicial
2024,80730171,LIA CHOPITEA DE RODRIGUEZ,2,LA PAZ,201,MURILLO,20101,CAPITAL (LA PAZ),2082,LA PAZ 2,U,Urbana,1,Fiscal,1,Inicial,144,80730054,2,Solo inicial
2024,80730172,OSCAR ALFARO,2,LA PAZ,201,MURILLO,20101,CAPITAL (LA PAZ),2082,LA PAZ 2,U,Urbana,1,Fiscal,1,Inicial,349,80730054,1,Solo inicial
2024,80730203,FLORA PEREZ DE SAAVEDRA,2,LA PAZ,201,MURILLO,20101,CAPITAL (LA PAZ),2083,LA PAZ 3,U,Urbana,1,Fiscal,1,Inicial,205,80730068,1,Solo inicial
2024,80730218,HERNANDO SILES I,2,LA PAZ,201,MURILLO,20101,CAPITAL (LA PAZ),2083,LA PAZ 3,U,Urbana,1,Fiscal,1,Inicial,234,80730076,1,Solo inicial
2024,80730229,MCAL. SUCRE,2,LA PAZ,201,MURILLO,20101,CAPITAL (LA PAZ),2082,LA PAZ 2,U,Urbana,1,Fiscal,1,Inicial,211,80730116,1,Solo inicial
2024,80730230,TOKIO,2,LA PAZ,201,MURILLO,20101,CAPITAL (LA PAZ),2082,LA PAZ 2,U,Urbana,1,Fiscal,1,Inicial,163,80730116,2,Solo inicial
2024,80730270,PAZ NERY NAVA I,2,LA PAZ,201,MURILLO,20101,CAPITAL (LA PAZ),2083,LA PAZ 3,U,Urbana,1,Fiscal,1,Inicial,41,80730088,1,Solo inicial
2024,80730282,COPACABANA INICIAL,2,LA PAZ,201,MURILLO,20101,CAPITAL (LA PAZ),2083,LA PAZ 3,U,Urbana,1,Fiscal,1,Inicial,214,80730091,1,Solo inicial
2024,80730287,GRAL. JOSE DE SAN MARTIN INICIAL,2,LA PAZ,201,MURILLO,20101,CAPITAL (LA PAZ),2083,LA PAZ 3,U,Urbana,1,Fiscal,1,Inicial,196,80730094,1,Solo inicial
2024,80730309,JESUS DIVINO MAESTRO,2,LA PAZ,201,MURILLO,20101,CAPITAL (LA PAZ),2082,LA PAZ 2,U,Urbana,1,Fiscal,1,Inicial,163,80730097,4,Solo inicial
2024,80730324,CHASQUIPAMPA C,2,LA PAZ,201,MURILLO,20101,CAPITAL (LA PAZ),2082,LA PAZ 2,U,Urbana,1,Fiscal,1,Inicial,258,80730104,2,Solo inicial
2024,80730336,JUAN HERSCHEL C,2,LA PAZ,201,MURILLO,20101,CAPITAL (LA PAZ),2082,LA PAZ 2,U,Urbana,1,Fiscal,1,Inicial,186,80730481,1,Solo inicial
2024,80730429,ALFREDO GUILLEN PINTO,2,LA PAZ,201,MURILLO,20101,CAPITAL (LA PAZ),2082,LA PAZ 2,U,Urbana,1,Fiscal,1,Inicial,293,80730127,2,Solo inicial
2024,80730430,CARLOS BELTRAN MORALES,2,LA PAZ,201,MURILLO,20101,CAPITAL (LA PAZ),2082,LA PAZ 2,U,Urbana,1,Fiscal,1,Inicial,300,80730127,1,Solo inicial
2024,80730466,MACARIO PINILLA,2,LA PAZ,201,MURILLO,20101,CAPITAL (LA PAZ),2081,LA PAZ 1,U,Urbana,1,Fiscal,1,Inicial,402,80730145,1,Solo inicial
2024,80730467,JUANCITO PINTO,2,LA PAZ,201,MURILLO,20101,CAPITAL (LA PAZ),2081,LA PAZ 1,U,Urbana,1,Fiscal,1,Inicial,203,80730145,2,Solo inicial
2024,80730480,ADVENTISTA MIRAFLORES,2,LA PAZ,201,MURILLO,20101,CAPITAL (LA PAZ),2082,LA PAZ 2,U,Urbana,0,Privada,1,Inicial,10,80730693,1,Solo inicial
2024,80730481,NICOLE,2,LA PAZ,201,MURILLO,20101,CAPITAL (LA PAZ),2082,LA PAZ 2,U,Urbana,0,Privada,1,Inicial,54,80730535,1,Solo inicial
2024,80730501,BEATA PLACIDA NRO. 1,2,LA PAZ,201,MURILLO,20101,CAPITAL (LA PAZ),2081,LA PAZ 1,U,Urbana,1,Fiscal,1,Inicial,59,80730216,2,Solo inicial
2024,80730556,MUÑEQUITO,2,LA PAZ,201,MURILLO,20101,CAPITAL (LA PAZ),2081,LA PAZ 1,U,Urbana,0,Privada,1,Inicial,35,80730701,4,Solo inicial
2024,80730562,SIMON RODRIGUEZ CARREÑO A,2,LA PAZ,201,MURILLO,20101,CAPITAL (LA PAZ),2083,LA PAZ 3,U,Urbana,1,Fiscal,1,Inicial,202,80730076,2,Solo inicial
2024,80730606,LITORAL B,2,LA PAZ,201,MURILLO,20101,CAPITAL (LA PAZ),2083,LA PAZ 3,U,Urbana,1,Fiscal,1,Inicial,151,80730049,1,Solo inicial
2024,80730622,JULIO CESAR PATIÑO A,2,LA PAZ,201,MURILLO,20101,CAPITAL (LA PAZ),2082,LA PAZ 2,U,Urbana,1,Fiscal,1,Inicial,210,80730422,1,Solo inicial
2024,80730625,JULIO CESAR PATIÑO D,2,LA PAZ,201,MURILLO,20101,CAPITAL (LA PAZ),2082,LA PAZ 2,U,Urbana,1,Fiscal,1,Inicial,196,80730422,2,Solo inicial
2024,80730636,NIÑOS LA PAZ,2,LA PAZ,201,MURILLO,20101,CAPITAL (LA PAZ),2083,LA PAZ 3,U,Urbana,1,Fiscal,1,Inicial,65,80730373,1,Solo inicial
2024,80730664,MARIA AUXILIADORA II,2,LA PAZ,201,MURILLO,20101,CAPITAL (LA PAZ),2082,LA PAZ 2,U,Urbana,0,Privada,1,Inicial,47,80730401,1,Solo inicial
2024,80730688,LAS NIEVES,2,LA PAZ,201,MURILLO,20101,CAPITAL (LA PAZ),2081,LA PAZ 1,U,Urbana,1,Fiscal,1,Inicial,214,80730424,1,Solo inicial
2024,80730725,BEATA PLACIDA NRO. 2,2,LA PAZ,201,MURILLO,20101,CAPITAL (LA PAZ),2081,LA PAZ 1,U,Urbana,0,Privada,1,Inicial,228,80730216,1,Solo inicial
2024,80730744,LA PAZ I,2,LA PAZ,201,MURILLO,20101,CAPITAL (LA PAZ),2081,LA PAZ 1,U,Urbana,0,Privada,1,Inicial,48,80730260,1,Solo inicial
2024,80730749,MILI Y WILLY,2,LA PAZ,201,MURILLO,20101,CAPITAL (LA PAZ),2082,LA PAZ 2,U,Urbana,0,Privada,1,Inicial,12,80730477,1,Solo inicial
2024,80730769,CRECER,2,LA PAZ,201,MURILLO,20101,CAPITAL (LA PAZ),2082,LA PAZ 2,U,Urbana,0,Privada,1,Inicial,73,80730498,1,Solo inicial
2024,80730770,RISAS Y SONRISAS,2,LA PAZ,201,MURILLO,20101,CAPITAL (LA PAZ),2082,LA PAZ 2,U,Urbana,0,Privada,1,Inicial,79,80730499,1,Solo inicial
2024,80730771,MI RINCONCITO,2,LA PAZ,201,MURILLO,20101,CAPITAL (LA PAZ),2083,LA PAZ 3,U,Urbana,0,Privada,1,Inicial,43,80730500,1,Solo inicial
2024,80730776,PLAYLAND,2,LA PAZ,201,MURILLO,20101,CAPITAL (LA PAZ),2082,LA PAZ 2,U,Urbana,0,Privada,1,Inicial,12,80730506,1,Solo inicial
2024,80730777,CRECER SUR,2,LA PAZ,201,MURILLO,20101,CAPITAL (LA PAZ),2082,LA PAZ 2,U,Urbana,0,Privada,1,Inicial,30,80730703,1,Solo inicial
2024,80730786,CAMINITO,2,LA PAZ,201,MURILLO,20101,CAPITAL (LA PAZ),2081,LA PAZ 1,U,Urbana,0,Privada,1,Inicial,20,80730520,1,Solo inicial
2024,80730795,TASHI DELEG,2,LA PAZ,201,MURILLO,20101,CAPITAL (LA PAZ),2082,LA PAZ 2,U,Urbana,0,Privada,1,Inicial,4,80730531,1,Solo inicial
2024,80730800,AMIGOS DEL PLANETA,2,LA PAZ,201,MURILLO,20101,CAPITAL (LA PAZ),2082,LA PAZ 2,U,Urbana,0,Privada,1,Inicial,77,80730536,4,Solo inicial
2024,80730801,ARROZ CON LECHE,2,LA PAZ,201,MURILLO,20101,CAPITAL (LA PAZ),2082,LA PAZ 2,U,Urbana,0,Privada,1,Inicial,61,80730537,1,Solo inicial
2024,80730802,PASITOS CON AMOR,2,LA PAZ,201,MURILLO,20101,CAPITAL (LA PAZ),2081,LA PAZ 1,U,Urbana,0,Privada,1,Inicial,34,80730539,1,Solo inicial
2024,80730805,TOCANDO VIDAS,2,LA PAZ,201,MURILLO,20101,CAPITAL (LA PAZ),2082,LA PAZ 2,U,Urbana,0,Privada,1,Inicial,17,80730540,4,Solo inicial
2024,80730811,ZAPATITOS,2,LA PAZ,201,MURILLO,20101,CAPITAL (LA PAZ),2082,LA PAZ 2,U,Urbana,0,Privada,1,Inicial,45,80730546,4,Solo inicial
2024,80730812,HAPPY KIDS,2,LA PAZ,201,MURILLO,20101,CAPITAL (LA PAZ),2082,LA PAZ 2,U,Urbana,0,Privada,1,Inicial,52,80730547,1,Solo inicial
2024,80730813,EL JARDIN,2,LA PAZ,201,MURILLO,20101,CAPITAL (LA PAZ),2082,LA PAZ 2,U,Urbana,0,Privada,1,Inicial,23,80730548,1,Solo inicial
2024,80730814,MANNY A LA OBRA,2,LA PAZ,201,MURILLO,20101,CAPITAL (LA PAZ),2081,LA PAZ 1,U,Urbana,0,Privada,1,Inicial,14,80730549,1,Solo inicial
2024,80730819,HAPPYLAND,2,LA PAZ,201,MURILLO,20101,CAPITAL (LA PAZ),2082,LA PAZ 2,U,Urbana,0,Privada,1,Inicial,29,80730552,1,Solo inicial
2024,80730823,ESTRELLITA,2,LA PAZ,201,MURILLO,20101,CAPITAL (LA PAZ),2083,LA PAZ 3,U,Urbana,0,Privada,1,Inicial,18,80730638,1,Solo inicial
2024,80730826,EL MUNDITO DEL SABER,2,LA PAZ,201,MURILLO,20101,CAPITAL (LA PAZ),2082,LA PAZ 2,U,Urbana,0,Privada,1,Inicial,10,80730557,1,Solo inicial
2024,80730828,NICOLE S.R.L. TURNO TARDE,2,LA PAZ,201,MURILLO,20101,CAPITAL (LA PAZ),2082,LA PAZ 2,U,Urbana,0,Privada,1,Inicial,29,80730535,2,Solo inicial
2024,80730831,MI PEQUEÑO ANGEL,2,LA PAZ,201,MURILLO,20101,CAPITAL (LA PAZ),2082,LA PAZ 2,U,Urbana,0,Privada,1,Inicial,17,80730682,1,Solo inicial
2024,80730876,MATICES,2,LA PAZ,201,MURILLO,20101,CAPITAL (LA PAZ),2082,LA PAZ 2,U,Urbana,0,Privada,1,Inicial,23,80730610,1,Solo inicial
2024,80730877,ANATAÑANI,2,LA PAZ,201,MURILLO,20101,CAPITAL (LA PAZ),2082,LA PAZ 2,U,Urbana,0,Privada,1,Inicial,23,80730611,1,Solo inicial
2024,80730878,JARDÍN DEL SUR,2,LA PAZ,201,MURILLO,20101,CAPITAL (LA PAZ),2082,LA PAZ 2,U,Urbana,0,Privada,1,Inicial,14,80730612,1,Solo inicial
2024,80730880,GOTITAS DEL SABER,2,LA PAZ,201,MURILLO,20101,CAPITAL (LA PAZ),2081,LA PAZ 1,U,Urbana,0,Privada,1,Inicial,20,80730613,1,Solo inicial
2024,80730881,DAME TU MANO,2,LA PAZ,201,MURILLO,20101,CAPITAL (LA PAZ),2082,LA PAZ 2,U,Urbana,0,Privada,1,Inicial,25,80730614,1,Solo inicial
2024,80730896,CIDEI S.R.L.,2,LA PAZ,201,MURILLO,20101,CAPITAL (LA PAZ),2081,LA PAZ 1,U,Urbana,0,Privada,1,Inicial,51,80730630,1,Solo inicial
2024,80730900,LAZITOS DE AMISTAD,2,LA PAZ,201,MURILLO,20101,CAPITAL (LA PAZ),2082,LA PAZ 2,U,Urbana,0,Privada,1,Inicial,99,80730639,4,Solo inicial
2024,80730938,TESDA S.R.L.,2,LA PAZ,201,MURILLO,20101,CAPITAL (LA PAZ),2082,LA PAZ 2,U,Urbana,0,Privada,1,Inicial,14,80730718,1,Solo inicial
2024,40730017,6 DE JUNIO,2,LA PAZ,201,MURILLO,20105,EL ALTO,2085,EL ALTO 2,U,Urbana,1,Fiscal,1,Inicial,251,40730008,1,Solo inicial
2024,40730018,NIÑO JESUS DE PRAGA,2,LA PAZ,201,MURILLO,20105,EL ALTO,2085,EL ALTO 2,U,Urbana,1,Fiscal,1,Inicial,127,40730008,2,Solo inicial
2024,40730118,MARTIN CARDENAS HERMOSA A,2,LA PAZ,201,MURILLO,20105,EL ALTO,2085,EL ALTO 2,U,Urbana,1,Fiscal,1,Inicial,267,40730072,2,Solo inicial
2024,40730336,PANKARITA,2,LA PAZ,201,MURILLO,20105,EL ALTO,2085,EL ALTO 2,U,Urbana,0,Privada,1,Inicial,127,40730234,4,Solo inicial
2024,40730460,LUZ Y AMOR,2,LA PAZ,201,MURILLO,20105,EL ALTO,2085,EL ALTO 2,U,Urbana,0,Privada,1,Inicial,21,40730352,1,Solo inicial
2024,40730466,BOLIVIANO ALEMAN BICHITO DE LUZ,2,LA PAZ,201,MURILLO,20105,EL ALTO,2085,EL ALTO 2,U,Urbana,1,Fiscal,1,Inicial,159,40730358,1,Solo inicial
2024,40730472,CAMINITO HACIA LA VIDA,2,LA PAZ,201,MURILLO,20105,EL ALTO,2084,EL ALTO 1,U,Urbana,0,Privada,1,Inicial,66,40730363,1,Solo inicial
2024,40730593,CAMINITO A JERUSALEN,2,LA PAZ,201,MURILLO,20105,EL ALTO,2085,EL ALTO 2,U,Urbana,0,Privada,1,Inicial,24,40730446,1,Solo inicial
2024,40730600,RAYITOS DE CIELO,2,LA PAZ,201,MURILLO,20105,EL ALTO,2085,EL ALTO 2,U,Urbana,0,Privada,1,Inicial,91,40730447,1,Solo inicial
2024,40730631,ILLIMANI 26 DE ABRIL C,2,LA PAZ,201,MURILLO,20105,EL ALTO,2090,EL ALTO 3,U,Urbana,1,Fiscal,1,Inicial,177,40730328,1,Solo inicial
2024,40730644,VIRGEN NIÑA - EPDB,2,LA PAZ,201,MURILLO,20105,EL ALTO,2084,EL ALTO 1,U,Urbana,1,Fiscal,1,Inicial,62,40730467,1,Solo inicial
2024,40730684,VUELA ANGELITO,2,LA PAZ,201,MURILLO,20105,EL ALTO,2084,EL ALTO 1,U,Urbana,0,Privada,1,Inicial,62,40730512,1,Solo inicial
2024,40730688,LEÓN DE JUDÁ,2,LA PAZ,201,MURILLO,20105,EL ALTO,2085,EL ALTO 2,U,Urbana,0,Privada,1,Inicial,16,40730516,1,Solo inicial
2024,40730689,EL JARDIN DE MIS RECUERDOS,2,LA PAZ,201,MURILLO,20105,EL ALTO,2084,EL ALTO 1,U,Urbana,0,Privada,1,Inicial,46,40730517,1,Solo inicial
2024,40730712,UN MUNDO DE ARCOIRIS,2,LA PAZ,201,MURILLO,20105,EL ALTO,2084,EL ALTO 1,U,Urbana,0,Privada,1,Inicial,56,40730536,1,Solo inicial
2024,80710058,VILLA ROSARIO,2,LA PAZ,203,PACAJES,20301,COROCORO,2008,CORO CORO/ WALDO BALLIVIAN (A. TUMARAPI),R,Rural,1,Fiscal,1,Inicial,12,80710058,4,Solo inicial
2024,30710002,POKE,2,LA PAZ,203,PACAJES,20306,WALDO BALLIVIAN,2008,CORO CORO/ WALDO BALLIVIAN (A. TUMARAPI),R,Rural,1,Fiscal,1,Inicial,35,30710003,4,Solo inicial
2024,10710028,PUJRATA CALARI,2,LA PAZ,203,PACAJES,20308,SANTIAGO DE CALLAPA,2013,SANTIAGO DE CALLAPA (C. CALLAPA),R,Rural,1,Fiscal,1,Inicial,4,10710026,4,Solo inicial
2024,80700107,JUPANI CHICO,2,LA PAZ,204,CAMACHO,20401,PUERTO ACOSTA,2014,PUERTO ACOSTA,R,Rural,1,Fiscal,1,Inicial,2,80700105,1,Solo inicial
2024,70690034,TUPAC KATARI,2,LA PAZ,205,MUÑECAS,20502,AYATA,2018,AYATA,R,Rural,1,Fiscal,1,Inicial,1,70690034,4,Solo inicial
2024,80660180,NORAH GUTIERREZ DE ZEBALLOS,2,LA PAZ,208,INGAVI,20801,VIACHA,2027,VIACHA,U,Urbana,1,Fiscal,1,Inicial,507,80660154,1,Solo inicial
2024,50660016,JUANCITO PINTO,2,LA PAZ,208,INGAVI,20804,DESAGUADERO,2030,DESAGUADERO,U,Urbana,1,Fiscal,1,Inicial,93,50660013,1,Solo inicial
2024,60650022,COQUE,2,LA PAZ,209,LOAYZA,20904,MALLA,2033,YACO/ MALLA,R,Rural,1,Fiscal,1,Inicial,1,60650022,4,Solo inicial
2024,50640090,LLANQUERA A,2,LA PAZ,210,INQUISIVI,21004,COLQUIRI,2038,COLQUIRI,R,Rural,1,Fiscal,1,Inicial,6,50640088,4,Solo inicial
2024,80630043,CHULUMANI,2,LA PAZ,211,SUD YUNGAS,21101,CHULUMANI (VILLA DE LA LIBERTAD),2040,CHULUMANI (C. VILLA DE LA LIBERTAD),U,Urbana,1,Fiscal,1,Inicial,108,80630041,1,Solo inicial
2024,50630063,ISRAEL UNIFICADO,2,LA PAZ,211,SUD YUNGAS,21104,PALOS BLANCOS,2043,PALOS BLANCOS,R,Rural,1,Fiscal,3,Inicial; Primaria,0,50630070,4,Matrícula total cero
2024,80610018,MILLO,2,LA PAZ,213,AROMA,21301,SICA SICA (VILLA AROMA),2049,SICA SICA (C. VILLA  AROMA),R,Rural,1,Fiscal,3,Inicial; Primaria,0,80610017,4,Matrícula total cero
2024,50610031,CALAMARCA,2,LA PAZ,213,AROMA,21304,CALAMARCA,2052,CALAMARCA,R,Rural,1,Fiscal,1,Inicial,48,50610033,1,Solo inicial
2024,40610065,PATRICIA CARRASCO,2,LA PAZ,213,AROMA,21305,PATACAMAYA,2053,PATACAMAYA,U,Urbana,1,Fiscal,1,Inicial,115,40610063,1,Solo inicial
2024,80600003,MI COLMENITA,2,LA PAZ,214,NOR YUNGAS,21401,COROICO,2055,COROICO,U,Urbana,1,Fiscal,1,Inicial,55,80600003,1,Solo inicial
2024,70600036,LITORAL,2,LA PAZ,214,NOR YUNGAS,21402,CORIPATA,2056,CORIPATA,U,Urbana,1,Fiscal,1,Inicial,59,70600037,1,Solo inicial
2024,70590030,PADRE DIEGO SHURMAN,2,LA PAZ,215,ABEL ITURRALDE,21502,SAN BUENAVENTURA,2058,SAN BUENAVENTURA,R,Rural,1,Fiscal,1,Inicial,90,70590027,1,Solo inicial
2024,80580063,ANCESTRAL CHUNTALAKA,2,LA PAZ,216,BAUTISTA SAAVEDRA,21601,GRAL. J.J. PEREZ (CHARAZANI),2059,GRAL. JUAN J. PEREZ (CHARAZANI) / CURVA,R,Rural,1,Fiscal,1,Inicial,3,80580064,1,Solo inicial
2024,80570001,LITORAL,2,LA PAZ,217,MANCO KAPAC,21701,COPACABANA,2060,COPACABANA,U,Urbana,1,Fiscal,1,Inicial,47,80570001,1,Solo inicial
2024,80560022,LARUTA CIRCA GRANDE,2,LA PAZ,218,GUALBERTO VILLARROEL,21802,PAPEL PAMPA,2063,PAPEL PAMPA,R,Rural,1,Fiscal,1,Inicial,3,80560019,4,Solo inicial
2024,80540196,SIMON BOLIVAR DE EL PALMAR,2,LA PAZ,220,CARANAVI,22001,CARANAVI,2065,CARANAVI,R,Rural,1,Fiscal,3,Inicial; Primaria,0,80540162,1,Matrícula total cero
2024,80980004,CANATA INICIAL,3,COCHABAMBA,301,CERCADO,30101,CAPITAL (COCHABAMBA),3062,COCHABAMBA 2,U,Urbana,1,Fiscal,1,Inicial,149,80980007,1,Solo inicial
2024,80980018,HEROINAS DE LA CORONILLA,3,COCHABAMBA,301,CERCADO,30101,CAPITAL (COCHABAMBA),3061,COCHABAMBA 1,U,Urbana,1,Fiscal,1,Inicial,91,80980009,2,Solo inicial
2024,80980020,PETRONA NAVIA,3,COCHABAMBA,301,CERCADO,30101,CAPITAL (COCHABAMBA),3061,COCHABAMBA 1,U,Urbana,1,Fiscal,1,Inicial,235,80980009,1,Solo inicial
2024,80980023,SOL Y HORIZONTES A,3,COCHABAMBA,301,CERCADO,30101,CAPITAL (COCHABAMBA),3061,COCHABAMBA 1,U,Urbana,1,Fiscal,1,Inicial,130,80980103,2,Solo inicial
2024,80980029,SOL Y HORIZONTES B,3,COCHABAMBA,301,CERCADO,30101,CAPITAL (COCHABAMBA),3061,COCHABAMBA 1,U,Urbana,1,Fiscal,1,Inicial,191,80980103,1,Solo inicial
2024,80980033,AMERICANO VECINAL A,3,COCHABAMBA,301,CERCADO,30101,CAPITAL (COCHABAMBA),3061,COCHABAMBA 1,U,Urbana,1,Fiscal,1,Inicial,0,80980060,2,Matrícula total cero
2024,80980045,SAUL MENDOZA,3,COCHABAMBA,301,CERCADO,30101,CAPITAL (COCHABAMBA),3062,COCHABAMBA 2,U,Urbana,1,Fiscal,1,Inicial,226,80980108,1,Solo inicial
2024,80980068,COCHABAMBA D,3,COCHABAMBA,301,CERCADO,30101,CAPITAL (COCHABAMBA),3061,COCHABAMBA 1,U,Urbana,1,Fiscal,1,Inicial,351,80980022,1,Solo inicial
2024,80980069,MANUEL ASCENCIO VILLARROEL,3,COCHABAMBA,301,CERCADO,30101,CAPITAL (COCHABAMBA),3061,COCHABAMBA 1,U,Urbana,1,Fiscal,1,Inicial,316,80980022,2,Solo inicial
2024,80980077,SAN JOSE A,3,COCHABAMBA,301,CERCADO,30101,CAPITAL (COCHABAMBA),3061,COCHABAMBA 1,U,Urbana,1,Fiscal,1,Inicial,100,80980164,2,Solo inicial
2024,80980078,NILO SORUCO ARANCIBIA,3,COCHABAMBA,301,CERCADO,30101,CAPITAL (COCHABAMBA),3062,COCHABAMBA 2,U,Urbana,1,Fiscal,1,Inicial,235,80980027,2,Solo inicial
2024,80980085,JUANCITO PINTO,3,COCHABAMBA,301,CERCADO,30101,CAPITAL (COCHABAMBA),3062,COCHABAMBA 2,U,Urbana,1,Fiscal,1,Inicial,200,80980028,1,Solo inicial
2024,80980096,CASITA DE NAZARETH,3,COCHABAMBA,301,CERCADO,30101,CAPITAL (COCHABAMBA),3061,COCHABAMBA 1,U,Urbana,1,Fiscal,1,Inicial,136,80980346,2,Solo inicial
2024,80980106,LORETO,3,COCHABAMBA,301,CERCADO,30101,CAPITAL (COCHABAMBA),3062,COCHABAMBA 2,U,Urbana,1,Fiscal,1,Inicial,261,80980039,1,Solo inicial
2024,80980107,MARIA EUGENIA TORREZ DE GUZMAN,3,COCHABAMBA,301,CERCADO,30101,CAPITAL (COCHABAMBA),3062,COCHABAMBA 2,U,Urbana,1,Fiscal,1,Inicial,221,80980039,2,Solo inicial
2024,80980120,CLUB DE LEONES B,3,COCHABAMBA,301,CERCADO,30101,CAPITAL (COCHABAMBA),3061,COCHABAMBA 1,U,Urbana,1,Fiscal,1,Inicial,170,80980044,2,Solo inicial
2024,80980184,SALOMON KLEIN,3,COCHABAMBA,301,CERCADO,30101,CAPITAL (COCHABAMBA),3061,COCHABAMBA 1,U,Urbana,1,Fiscal,1,Inicial,16,80980133,1,Solo inicial
2024,80980207,SAN JOAQUIN,3,COCHABAMBA,301,CERCADO,30101,CAPITAL (COCHABAMBA),3062,COCHABAMBA 2,U,Urbana,1,Fiscal,1,Inicial,295,80980071,1,Solo inicial
2024,80980211,CAMPANITA,3,COCHABAMBA,301,CERCADO,30101,CAPITAL (COCHABAMBA),3062,COCHABAMBA 2,U,Urbana,1,Fiscal,1,Inicial,216,80980025,2,Solo inicial
2024,80980232,BRANKO PETRICEVIC B,3,COCHABAMBA,301,CERCADO,30101,CAPITAL (COCHABAMBA),3061,COCHABAMBA 1,U,Urbana,1,Fiscal,1,Inicial,169,80980139,1,Solo inicial
2024,80980235,ANTOFAGASTA B,3,COCHABAMBA,301,CERCADO,30101,CAPITAL (COCHABAMBA),3061,COCHABAMBA 1,U,Urbana,1,Fiscal,1,Inicial,192,80980164,1,Solo inicial
2024,80980241,OSCAR ALFARO,3,COCHABAMBA,301,CERCADO,30101,CAPITAL (COCHABAMBA),3061,COCHABAMBA 1,U,Urbana,1,Fiscal,1,Inicial,243,80980144,1,Solo inicial
2024,80980262,MELCHOR URQUIDI,3,COCHABAMBA,301,CERCADO,30101,CAPITAL (COCHABAMBA),3061,COCHABAMBA 1,U,Urbana,1,Fiscal,1,Inicial,392,80980008,1,Solo inicial
2024,80980263,12 DE ABRIL,3,COCHABAMBA,301,CERCADO,30101,CAPITAL (COCHABAMBA),3061,COCHABAMBA 1,U,Urbana,1,Fiscal,1,Inicial,336,80980008,2,Solo inicial
2024,80980324,GUINDA LINDA,3,COCHABAMBA,301,CERCADO,30101,CAPITAL (COCHABAMBA),3061,COCHABAMBA 1,U,Urbana,0,Privada,1,Inicial,13,80980193,1,Solo inicial
2024,80980366,ESTADOS UNIDOS,3,COCHABAMBA,301,CERCADO,30101,CAPITAL (COCHABAMBA),3061,COCHABAMBA 1,U,Urbana,0,Privada,6,Primaria; Secundaria,0,80980234,1,Matrícula total cero
2024,80980379,CARIÑOSITO,3,COCHABAMBA,301,CERCADO,30101,CAPITAL (COCHABAMBA),3061,COCHABAMBA 1,U,Urbana,0,Privada,1,Inicial,46,80980247,1,Solo inicial
2024,80980410,LOS ANGELES,3,COCHABAMBA,301,CERCADO,30101,CAPITAL (COCHABAMBA),3061,COCHABAMBA 1,U,Urbana,0,Privada,1,Inicial,32,80980275,1,Solo inicial
2024,80980415,VIRGEN DE MONSERRAT,3,COCHABAMBA,301,CERCADO,30101,CAPITAL (COCHABAMBA),3061,COCHABAMBA 1,U,Urbana,0,Privada,1,Inicial,18,80980277,1,Solo inicial
2024,80980419,BEDA CARRASCO DE HERESI,3,COCHABAMBA,301,CERCADO,30101,CAPITAL (COCHABAMBA),3061,COCHABAMBA 1,U,Urbana,0,Privada,1,Inicial,31,80980281,1,Solo inicial
2024,80980424,ULISES HERMOSA GONZALES,3,COCHABAMBA,301,CERCADO,30101,CAPITAL (COCHABAMBA),3061,COCHABAMBA 1,U,Urbana,0,Privada,1,Inicial,5,80980372,1,Solo inicial
2024,80980455,RINCONCITO DE LUZ,3,COCHABAMBA,301,CERCADO,30101,CAPITAL (COCHABAMBA),3061,COCHABAMBA 1,U,Urbana,0,Privada,1,Inicial,36,80980307,1,Solo inicial
2024,80980468,CASA DE LOS NIÑOS,3,COCHABAMBA,301,CERCADO,30101,CAPITAL (COCHABAMBA),3061,COCHABAMBA 1,U,Urbana,0,Privada,1,Inicial,9,80980319,1,Solo inicial
2024,80980475,CENTRO DE EDUCACION INICIAL BILINGUE KIKU,3,COCHABAMBA,301,CERCADO,30101,CAPITAL (COCHABAMBA),3061,COCHABAMBA 1,U,Urbana,0,Privada,1,Inicial,38,80980323,1,Solo inicial
2024,80980496,RAYITO DE LUZ,3,COCHABAMBA,301,CERCADO,30101,CAPITAL (COCHABAMBA),3062,COCHABAMBA 2,U,Urbana,1,Fiscal,1,Inicial,240,80980025,1,Solo inicial
2024,80980507,SANTA ROSA DE LIMA,3,COCHABAMBA,301,CERCADO,30101,CAPITAL (COCHABAMBA),3061,COCHABAMBA 1,U,Urbana,0,Privada,1,Inicial,79,80980344,1,Solo inicial
2024,80980513,INSTITUTO DE EDUCACION INTEGRAL DEL INFANTE,3,COCHABAMBA,301,CERCADO,30101,CAPITAL (COCHABAMBA),3061,COCHABAMBA 1,U,Urbana,0,Privada,1,Inicial,33,80980351,1,Solo inicial
2024,80980528,ESTRELLAS DEL MAÑANA,3,COCHABAMBA,301,CERCADO,30101,CAPITAL (COCHABAMBA),3061,COCHABAMBA 1,U,Urbana,0,Privada,1,Inicial,9,80980364,1,Solo inicial
2024,80980539,CREATIVE KIDS,3,COCHABAMBA,301,CERCADO,30101,CAPITAL (COCHABAMBA),3061,COCHABAMBA 1,U,Urbana,0,Privada,1,Inicial,43,80980371,1,Solo inicial
2024,80980547,TIA KIKA,3,COCHABAMBA,301,CERCADO,30101,CAPITAL (COCHABAMBA),3061,COCHABAMBA 1,U,Urbana,0,Privada,1,Inicial,46,80980380,1,Solo inicial
2024,80980551,PLAZA SESAMO,3,COCHABAMBA,301,CERCADO,30101,CAPITAL (COCHABAMBA),3061,COCHABAMBA 1,U,Urbana,0,Privada,1,Inicial,54,80980382,1,Solo inicial
2024,80980555,BARNEY,3,COCHABAMBA,301,CERCADO,30101,CAPITAL (COCHABAMBA),3061,COCHABAMBA 1,U,Urbana,0,Privada,1,Inicial,12,80980385,1,Solo inicial
2024,80980562,JUAN BOSCO,3,COCHABAMBA,301,CERCADO,30101,CAPITAL (COCHABAMBA),3061,COCHABAMBA 1,U,Urbana,0,Privada,1,Inicial,20,80980390,1,Solo inicial
2024,80980564,MI PEQUEÑA CASITA,3,COCHABAMBA,301,CERCADO,30101,CAPITAL (COCHABAMBA),3061,COCHABAMBA 1,U,Urbana,0,Privada,1,Inicial,29,80980393,1,Solo inicial
2024,80980568,SANTA MARIA MAGDALENA POSTEL,3,COCHABAMBA,301,CERCADO,30101,CAPITAL (COCHABAMBA),3061,COCHABAMBA 1,U,Urbana,0,Privada,1,Inicial,135,80980396,1,Solo inicial
2024,80980578,CRECER SUR,3,COCHABAMBA,301,CERCADO,30101,CAPITAL (COCHABAMBA),3061,COCHABAMBA 1,U,Urbana,0,Privada,1,Inicial,34,80980403,1,Solo inicial
2024,80980591,TIC TAC TOE,3,COCHABAMBA,301,CERCADO,30101,CAPITAL (COCHABAMBA),3061,COCHABAMBA 1,U,Urbana,0,Privada,1,Inicial,84,80980413,1,Solo inicial
2024,80980595,TRAZITOS COLLORS,3,COCHABAMBA,301,CERCADO,30101,CAPITAL (COCHABAMBA),3061,COCHABAMBA 1,U,Urbana,0,Privada,1,Inicial,21,80980415,1,Solo inicial
2024,80980597,JOSE RIOS ESCOBAR,3,COCHABAMBA,301,CERCADO,30101,CAPITAL (COCHABAMBA),3062,COCHABAMBA 2,U,Urbana,1,Fiscal,1,Inicial,28,80980108,2,Solo inicial
2024,80980598,PILAR SEJAS MERCADO,3,COCHABAMBA,301,CERCADO,30101,CAPITAL (COCHABAMBA),3062,COCHABAMBA 2,U,Urbana,1,Fiscal,1,Inicial,85,80980027,1,Solo inicial
2024,80980600,JARDIN DE TESOROS,3,COCHABAMBA,301,CERCADO,30101,CAPITAL (COCHABAMBA),3061,COCHABAMBA 1,U,Urbana,0,Privada,1,Inicial,25,80980418,1,Solo inicial
2024,80980640,BOLIVIANO ALEMAN,3,COCHABAMBA,301,CERCADO,30101,CAPITAL (COCHABAMBA),3062,COCHABAMBA 2,U,Urbana,1,Fiscal,1,Inicial,32,80980339,2,Solo inicial
2024,80980645,VIVIR EN ARMONIA,3,COCHABAMBA,301,CERCADO,30101,CAPITAL (COCHABAMBA),3061,COCHABAMBA 1,U,Urbana,0,Privada,1,Inicial,85,80980465,1,Solo inicial
2024,80980647,TRINOS,3,COCHABAMBA,301,CERCADO,30101,CAPITAL (COCHABAMBA),3061,COCHABAMBA 1,U,Urbana,0,Privada,1,Inicial,20,80980466,1,Solo inicial
2024,80980651,CRISTO MAESTRO C.E.H,3,COCHABAMBA,301,CERCADO,30101,CAPITAL (COCHABAMBA),3061,COCHABAMBA 1,U,Urbana,0,Privada,1,Inicial,219,80980468,1,Solo inicial
2024,80980653,LA CASA DE ELSITA,3,COCHABAMBA,301,CERCADO,30101,CAPITAL (COCHABAMBA),3062,COCHABAMBA 2,U,Urbana,0,Privada,1,Inicial,21,80980471,1,Solo inicial
2024,80980656,ERNESTO CHE GUEVARA,3,COCHABAMBA,301,CERCADO,30101,CAPITAL (COCHABAMBA),3062,COCHABAMBA 2,U,Urbana,1,Fiscal,1,Inicial,41,1,4,Solo inicial
2024,80980689,COLINAS DE PASBOL,3,COCHABAMBA,301,CERCADO,30101,CAPITAL (COCHABAMBA),3062,COCHABAMBA 2,U,Urbana,1,Fiscal,1,Inicial,20,80980518,1,Solo inicial
2024,80980690,LA CASITA DE FREIRE,3,COCHABAMBA,301,CERCADO,30101,CAPITAL (COCHABAMBA),3061,COCHABAMBA 1,U,Urbana,0,Privada,1,Inicial,40,80980519,1,Solo inicial
2024,80970069,AIQUILE,3,COCHABAMBA,302,CAMPERO,30201,AIQUILE,3002,AIQUILE,U,Urbana,1,Fiscal,1,Inicial,148,80970067,1,Solo inicial
2024,70970002,ALGARROBAL,3,COCHABAMBA,302,CAMPERO,30202,PASORAPA,3003,PASORAPA,R,Rural,1,Fiscal,2,Primaria,0,70970004,4,Matrícula total cero
2024,60970023,SUNCHU LAGUNA,3,COCHABAMBA,302,CAMPERO,30203,OMEREQUE,3004,OMEREQUE,R,Rural,1,Fiscal,3,Inicial; Primaria,0,60970021,1,Matrícula total cero
2024,80960012,CATACORA,3,COCHABAMBA,303,AYOPAYA,30301,INDEPENDENCIA,3005,AYOPAYA (C. VILLA DE INDEPENDENCIA),R,Rural,1,Fiscal,3,Inicial; Primaria,0,80960078,1,Matrícula total cero
2024,80960092,SAN FRANCISCO DE ASIS,3,COCHABAMBA,303,AYOPAYA,30301,INDEPENDENCIA,3005,AYOPAYA (C. VILLA DE INDEPENDENCIA),U,Urbana,1,Fiscal,1,Inicial,60,80960094,1,Solo inicial
2024,80960113,LAURA VICUÑA,3,COCHABAMBA,303,AYOPAYA,30301,INDEPENDENCIA,3005,AYOPAYA (C. VILLA DE INDEPENDENCIA),U,Urbana,1,Fiscal,1,Inicial,39,80960114,1,Solo inicial
2024,80960116,TOTORANI,3,COCHABAMBA,303,AYOPAYA,30301,INDEPENDENCIA,3005,AYOPAYA (C. VILLA DE INDEPENDENCIA),R,Rural,1,Fiscal,3,Inicial; Primaria,0,80960116,1,Matrícula total cero
2024,70960093,TORRENI,3,COCHABAMBA,303,AYOPAYA,30302,MOROCHATA,3006,MOROCHATA,R,Rural,1,Fiscal,2,Primaria,0,70960107,4,Matrícula total cero
2024,70960131,KALA TAKATA,3,COCHABAMBA,303,AYOPAYA,30303,COCAPATA,3006,MOROCHATA,R,Rural,1,Fiscal,2,Primaria,0,70960125,4,Matrícula total cero
2024,80950036,WAWA WASI DE PAMPA MAMATA,3,COCHABAMBA,304,ESTEBAN ARZE,30401,TARATA,3007,TARATA,R,Rural,1,Fiscal,1,Inicial,0,80950037,1,Matrícula total cero
2024,80950037,WAWA WASI DE VILLA SAN JOSE,3,COCHABAMBA,304,ESTEBAN ARZE,30401,TARATA,3007,TARATA,R,Rural,1,Fiscal,1,Inicial,0,80950038,1,Matrícula total cero
2024,80950038,WAWA WASI DE PUJYUNI,3,COCHABAMBA,304,ESTEBAN ARZE,30401,TARATA,3007,TARATA,R,Rural,1,Fiscal,1,Inicial,0,80950039,1,Matrícula total cero
2024,80950039,WAWA WASI DE MENDEZ MAMATA,3,COCHABAMBA,304,ESTEBAN ARZE,30401,TARATA,3007,TARATA,R,Rural,1,Fiscal,1,Inicial,0,80950040,1,Matrícula total cero
2024,80950040,WAWA WASI DE VILAQUE,3,COCHABAMBA,304,ESTEBAN ARZE,30401,TARATA,3007,TARATA,R,Rural,1,Fiscal,1,Inicial,0,80950041,1,Matrícula total cero
2024,80950044,WAWA WASI DE LOKHOSGA,3,COCHABAMBA,304,ESTEBAN ARZE,30401,TARATA,3007,TARATA,R,Rural,1,Fiscal,1,Inicial,0,80950045,1,Matrícula total cero
2024,80950055,RAYITO DE LUZ,3,COCHABAMBA,304,ESTEBAN ARZE,30401,TARATA,3007,TARATA,U,Urbana,1,Fiscal,1,Inicial,189,80950056,1,Solo inicial
2024,60950001,ACHAMOCO,3,COCHABAMBA,304,ESTEBAN ARZE,30403,ARBIETO,3009,ARBIETO,R,Rural,1,Fiscal,3,Inicial; Primaria,0,60950001,1,Matrícula total cero
2024,50950017,WAWA WASI MATARANI,3,COCHABAMBA,304,ESTEBAN ARZE,30404,SACABAMBA,3010,SACABAMBA,R,Rural,1,Fiscal,1,Inicial,2,50950017,1,Solo inicial
2024,50950022,WAWA WASI DE SACABAMBA,3,COCHABAMBA,304,ESTEBAN ARZE,30404,SACABAMBA,3010,SACABAMBA,R,Rural,1,Fiscal,1,Inicial,7,50950022,1,Solo inicial
2024,50950027,WAWA WASI MAYOLA,3,COCHABAMBA,304,ESTEBAN ARZE,30404,SACABAMBA,3010,SACABAMBA,R,Rural,1,Fiscal,1,Inicial,3,50950029,1,Solo inicial
2024,50950028,WAWA WASI DE YUNKATAQUI,3,COCHABAMBA,304,ESTEBAN ARZE,30404,SACABAMBA,3010,SACABAMBA,R,Rural,1,Fiscal,1,Inicial,3,50950030,1,Solo inicial
2024,50950029,WAWA WASI DE QUECOMA BAJO,3,COCHABAMBA,304,ESTEBAN ARZE,30404,SACABAMBA,3010,SACABAMBA,R,Rural,1,Fiscal,1,Inicial,2,50950031,1,Solo inicial
2024,50950032,WAWA WASI DE JARANA,3,COCHABAMBA,304,ESTEBAN ARZE,30404,SACABAMBA,3010,SACABAMBA,R,Rural,1,Fiscal,1,Inicial,4,50950034,1,Solo inicial
2024,50950034,WAWA WASI DE APILLAPA ALTO,3,COCHABAMBA,304,ESTEBAN ARZE,30404,SACABAMBA,3010,SACABAMBA,R,Rural,1,Fiscal,1,Inicial,3,50950036,1,Solo inicial
2024,50950035,WAWA WASI DE CHAKUYO,3,COCHABAMBA,304,ESTEBAN ARZE,30404,SACABAMBA,3010,SACABAMBA,R,Rural,1,Fiscal,1,Inicial,5,50950037,1,Solo inicial
2024,50950037,WAWA WASI DE MOLLE PUNKU,3,COCHABAMBA,304,ESTEBAN ARZE,30404,SACABAMBA,3010,SACABAMBA,R,Rural,1,Fiscal,1,Inicial,1,50950039,1,Solo inicial
2024,50950038,WAWA WASI DE TOMA PUNKU,3,COCHABAMBA,304,ESTEBAN ARZE,30404,SACABAMBA,3010,SACABAMBA,R,Rural,1,Fiscal,1,Inicial,10,50950040,1,Solo inicial
2024,50950039,WAWA WASI DE RUMY HUAYKO,3,COCHABAMBA,304,ESTEBAN ARZE,30404,SACABAMBA,3010,SACABAMBA,R,Rural,1,Fiscal,1,Inicial,3,50950041,1,Solo inicial
2024,80940004,POCOATA BAJA,3,COCHABAMBA,305,ARANI,30501,ARANI,3011,ARANI,R,Rural,1,Fiscal,1,Inicial,9,80940021,1,Solo inicial
2024,80940007,KOLCA,3,COCHABAMBA,305,ARANI,30501,ARANI,3011,ARANI,R,Rural,1,Fiscal,1,Inicial,9,80940012,1,Solo inicial
2024,80940011,VILLA BARRIENTOS,3,COCHABAMBA,305,ARANI,30501,ARANI,3011,ARANI,R,Rural,1,Fiscal,1,Inicial,12,80940010,1,Solo inicial
2024,80940016,ANTOFAGASTA MAÑANA,3,COCHABAMBA,305,ARANI,30501,ARANI,3011,ARANI,U,Urbana,1,Fiscal,1,Inicial,40,80940015,1,Solo inicial
2024,70930005,NUEVA CANAAN,3,COCHABAMBA,306,ARQUE,30602,TACOPAYA,3014,TACOPAYA,R,Rural,1,Fiscal,2,Primaria,0,70930005,4,Matrícula total cero
2024,80920028,TIPANI,3,COCHABAMBA,307,CAPINOTA,30701,CAPINOTA,3015,CAPINOTA/ SICAYA,R,Rural,1,Fiscal,2,Primaria,0,80920027,1,Matrícula total cero
2024,80920029,TOKOALLA,3,COCHABAMBA,307,CAPINOTA,30701,CAPINOTA,3015,CAPINOTA/ SICAYA,R,Rural,1,Fiscal,2,Primaria,0,80920028,1,Matrícula total cero
2024,80910004,21 DE SEPTIEMBRE A,3,COCHABAMBA,308,GERMAN JORDAN,30801,CLIZA,3017,CLIZA,U,Urbana,1,Fiscal,1,Inicial,220,80910013,1,Solo inicial
2024,60910013,12 DE OCTUBRE,3,COCHABAMBA,308,GERMAN JORDAN,30803,TOLATA,3019,TOLATA,U,Urbana,1,Fiscal,1,Inicial,90,60910009,1,Solo inicial
2024,80900014,AMALIA ECHALAR DE VARGAS,3,COCHABAMBA,309,QUILLACOLLO,30901,QUILLACOLLO,3020,QUILLACOLLO,U,Urbana,1,Fiscal,1,Inicial,393,80900008,2,Solo inicial
2024,80900015,FLORA SALINAS HINOJOSA,3,COCHABAMBA,309,QUILLACOLLO,30901,QUILLACOLLO,3020,QUILLACOLLO,U,Urbana,1,Fiscal,1,Inicial,504,80900008,1,Solo inicial
2024,80900023,12 DE ENERO A,3,COCHABAMBA,309,QUILLACOLLO,30901,QUILLACOLLO,3020,QUILLACOLLO,U,Urbana,1,Fiscal,1,Inicial,332,80900013,1,Solo inicial
2024,80900024,12 DE ENERO B,3,COCHABAMBA,309,QUILLACOLLO,30901,QUILLACOLLO,3020,QUILLACOLLO,U,Urbana,1,Fiscal,1,Inicial,192,80900013,2,Solo inicial
2024,80900084,SAN RAFAEL,3,COCHABAMBA,309,QUILLACOLLO,30901,QUILLACOLLO,3020,QUILLACOLLO,U,Urbana,0,Privada,1,Inicial,6,80900058,1,Solo inicial
2024,80900099,LA COLMENITA,3,COCHABAMBA,309,QUILLACOLLO,30901,QUILLACOLLO,3020,QUILLACOLLO,U,Urbana,0,Privada,1,Inicial,23,80900073,1,Solo inicial
2024,80900104,EL RINCONCITO DE FRED,3,COCHABAMBA,309,QUILLACOLLO,30901,QUILLACOLLO,3020,QUILLACOLLO,U,Urbana,0,Privada,1,Inicial,14,80900076,1,Solo inicial
2024,80900110,COMUNIDAD DEI BAMBINI CRESCENDO,3,COCHABAMBA,309,QUILLACOLLO,30901,QUILLACOLLO,3020,QUILLACOLLO,U,Urbana,0,Privada,1,Inicial,73,80900080,4,Solo inicial
2024,80900116,RETOÑITOS DE SABIDURIA,3,COCHABAMBA,309,QUILLACOLLO,30901,QUILLACOLLO,3020,QUILLACOLLO,U,Urbana,0,Privada,1,Inicial,145,80900085,1,Solo inicial
2024,80900118,NACER LILY,3,COCHABAMBA,309,QUILLACOLLO,30901,QUILLACOLLO,3020,QUILLACOLLO,U,Urbana,0,Privada,1,Inicial,2,80900087,1,Solo inicial
2024,80900121,ISABELITA LUNA LUNERA,3,COCHABAMBA,309,QUILLACOLLO,30901,QUILLACOLLO,3020,QUILLACOLLO,U,Urbana,0,Privada,1,Inicial,62,80900090,1,Solo inicial
2024,80900126,VILLA SAN JUAN LOS PEQUES,3,COCHABAMBA,309,QUILLACOLLO,30901,QUILLACOLLO,3020,QUILLACOLLO,U,Urbana,0,Privada,1,Inicial,8,80900094,1,Solo inicial
2024,80900128,PEQUEÑO SOL,3,COCHABAMBA,309,QUILLACOLLO,30901,QUILLACOLLO,3020,QUILLACOLLO,U,Urbana,0,Privada,1,Inicial,66,80900095,4,Solo inicial
2024,80900132,LA CASA DE MICKEY,3,COCHABAMBA,309,QUILLACOLLO,30901,QUILLACOLLO,3020,QUILLACOLLO,U,Urbana,0,Privada,1,Inicial,7,80900100,1,Solo inicial
2024,80900135,LA AVENTURA DE APRENDER,3,COCHABAMBA,309,QUILLACOLLO,30901,QUILLACOLLO,3020,QUILLACOLLO,U,Urbana,0,Privada,1,Inicial,14,80900102,1,Solo inicial
2024,80900142,BETHANIA,3,COCHABAMBA,309,QUILLACOLLO,30901,QUILLACOLLO,3020,QUILLACOLLO,U,Urbana,0,Privada,1,Inicial,17,80900109,1,Solo inicial
2024,80900146,TESORITOS DE JESUS,3,COCHABAMBA,309,QUILLACOLLO,30901,QUILLACOLLO,3020,QUILLACOLLO,U,Urbana,0,Privada,1,Inicial,25,80900113,1,Solo inicial
2024,70900071,SANTIAGO DOLZ,3,COCHABAMBA,309,QUILLACOLLO,30902,SIPESIPE,3021,SIPE SIPE,U,Urbana,1,Fiscal,1,Inicial,250,70900066,1,Solo inicial
2024,60900080,JUAN CHOI,3,COCHABAMBA,309,QUILLACOLLO,30903,TIQUIPAYA,3022,TIQUIPAYA,R,Rural,0,Privada,1,Inicial,19,60900073,1,Solo inicial
2024,50900036,COLLPA POTRERO,3,COCHABAMBA,309,QUILLACOLLO,30904,VINTO,3023,VINTO,R,Rural,1,Fiscal,2,Primaria,0,50900036,4,Matrícula total cero
2024,50900050,AMIGUITOS DEL REY,3,COCHABAMBA,309,QUILLACOLLO,30904,VINTO,3023,VINTO,U,Urbana,0,Privada,1,Inicial,26,50900049,1,Solo inicial
2024,50900052,VIRGEN DEL ROSARIO,3,COCHABAMBA,309,QUILLACOLLO,30904,VINTO,3023,VINTO,U,Urbana,1,Fiscal,1,Inicial,197,50900051,1,Solo inicial
2024,50900060,PASITOS DE SABIDURIA,3,COCHABAMBA,309,QUILLACOLLO,30904,VINTO,3023,VINTO,U,Urbana,0,Privada,1,Inicial,10,50900058,1,Solo inicial
2024,50900065,MARCELO QUIROGA SANTA CRUZ - VINTO,3,COCHABAMBA,309,QUILLACOLLO,30904,VINTO,3023,VINTO,U,Urbana,1,Fiscal,1,Inicial,20,50900064,1,Solo inicial
2024,40900027,P.E.P.E.,3,COCHABAMBA,309,QUILLACOLLO,30905,COLCAPIRHUA,3024,COLCAPIRHUA,U,Urbana,0,Privada,1,Inicial,47,40900023,1,Solo inicial
2024,40900031,FAMILIA COMUNITARIA ESCOLARIZADA SEMILLITA,3,COCHABAMBA,309,QUILLACOLLO,30905,COLCAPIRHUA,3024,COLCAPIRHUA,U,Urbana,0,Privada,1,Inicial,87,40903017,4,Solo inicial
2024,80890006,MARIA ALBORTA,3,COCHABAMBA,310,CHAPARE,31001,SACABA,3025,SACABA,U,Urbana,1,Fiscal,1,Inicial,489,80890004,1,Solo inicial
2024,80890011,SANTA TERESITA DEL NIÑO DE JESUS,3,COCHABAMBA,310,CHAPARE,31001,SACABA,3025,SACABA,U,Urbana,1,Fiscal,1,Inicial,386,80890100,1,Solo inicial
2024,80890065,VILLA OBRAJES A,3,COCHABAMBA,310,CHAPARE,31001,SACABA,3025,SACABA,R,Rural,1,Fiscal,1,Inicial,25,80890060,1,Solo inicial
2024,80890093,VILLA OBRAJES B,3,COCHABAMBA,310,CHAPARE,31001,SACABA,3025,SACABA,U,Urbana,1,Fiscal,1,Inicial,178,80890025,1,Solo inicial
2024,80890120,CASA DEI BAMBINI,3,COCHABAMBA,310,CHAPARE,31001,SACABA,3025,SACABA,U,Urbana,0,Privada,1,Inicial,57,80890105,1,Solo inicial
2024,80890132,JESUS LARA,3,COCHABAMBA,310,CHAPARE,31001,SACABA,3025,SACABA,U,Urbana,1,Fiscal,1,Inicial,249,80890004,2,Solo inicial
2024,80890137,PITUFI - ALDEA,3,COCHABAMBA,310,CHAPARE,31001,SACABA,3025,SACABA,R,Rural,0,Privada,1,Inicial,196,80890118,1,Solo inicial
2024,80890139,GENOVEVA RIOS,3,COCHABAMBA,310,CHAPARE,31001,SACABA,3025,SACABA,R,Rural,1,Fiscal,1,Inicial,109,80890119,1,Solo inicial
2024,80890143,ANGELES PATRICIA,3,COCHABAMBA,310,CHAPARE,31001,SACABA,3025,SACABA,U,Urbana,0,Privada,1,Inicial,19,80890122,1,Solo inicial
2024,80890148,EDUCARTE,3,COCHABAMBA,310,CHAPARE,31001,SACABA,3025,SACABA,U,Urbana,0,Privada,1,Inicial,35,80890127,1,Solo inicial
2024,80890154,WIÑAY KUSIY,3,COCHABAMBA,310,CHAPARE,31001,SACABA,3025,SACABA,U,Urbana,0,Privada,1,Inicial,21,80890132,1,Solo inicial
2024,80890156,JISSO,3,COCHABAMBA,310,CHAPARE,31001,SACABA,3025,SACABA,U,Urbana,0,Privada,1,Inicial,51,80890134,1,Solo inicial
2024,80890158,JUANCITO PINTO,3,COCHABAMBA,310,CHAPARE,31001,SACABA,3025,SACABA,U,Urbana,1,Fiscal,1,Inicial,227,80890136,1,Solo inicial
2024,80890176,BARTOLINA SISA,3,COCHABAMBA,310,CHAPARE,31001,SACABA,3025,SACABA,R,Rural,1,Fiscal,1,Inicial,28,80890154,2,Solo inicial
2024,70890031,CLARA MONTAÑO,3,COCHABAMBA,310,CHAPARE,31002,COLOMI,3026,COLOMI,U,Urbana,1,Fiscal,1,Inicial,136,70890033,1,Solo inicial
2024,60890150,SECEJSAMA TIPNIS,3,COCHABAMBA,310,CHAPARE,31003,VILLA TUNARI,3027,VILLA TUNARI,R,Rural,1,Fiscal,1,Inicial,45,60890146,1,Solo inicial
2024,60890178,27 DE MAYO,3,COCHABAMBA,310,CHAPARE,31003,VILLA TUNARI,3027,VILLA TUNARI,R,Rural,1,Fiscal,1,Inicial,26,60890169,1,Solo inicial
2024,60890186,SAN SILVESTRE B,3,COCHABAMBA,310,CHAPARE,31003,VILLA TUNARI,3027,VILLA TUNARI,R,Rural,1,Fiscal,1,Inicial,19,60890177,1,Solo inicial
2024,80880029,SEBASTIAN MAMANI MACHACA,3,COCHABAMBA,311,TAPACARÍ,31101,TAPACARI,3028,TAPACARI,R,Rural,1,Fiscal,2,Primaria,0,80880027,1,Matrícula total cero
2024,80880072,LAPHIANI,3,COCHABAMBA,311,TAPACARÍ,31101,TAPACARI,3028,TAPACARI,R,Rural,1,Fiscal,2,Primaria,0,80880068,1,Matrícula total cero
2024,70870032,GERMAN BUSCH,3,COCHABAMBA,312,CARRASCO,31202,POJO,3030,POJO,R,Rural,1,Fiscal,3,Inicial; Primaria,0,70870035,1,Matrícula total cero
2024,50870071,MANANTIAL,3,COCHABAMBA,312,CARRASCO,31204,CHIMORE,3032,CHIMORE,R,Rural,1,Fiscal,1,Inicial,1,50870064,1,Solo inicial
2024,40870120,RODOLFO JOAQUIN ILLANES ALVARADO,3,COCHABAMBA,312,CARRASCO,31205,PUERTO VILLARROEL,3033,PUERTO VILLARROEL,R,Rural,1,Fiscal,1,Inicial,10,40870114,1,Solo inicial
2024,80860171,CALLEJAS BAJA,3,COCHABAMBA,313,MIZQUE,31301,MIZQUE,3034,MIZQUE,R,Rural,1,Fiscal,1,Inicial,0,80860157,1,Matrícula total cero
2024,80860172,SAUCES,3,COCHABAMBA,313,MIZQUE,31301,MIZQUE,3034,MIZQUE,R,Rural,1,Fiscal,1,Inicial,8,80860158,1,Solo inicial
2024,80860174,SAN PEDRO BAJO,3,COCHABAMBA,313,MIZQUE,31301,MIZQUE,3034,MIZQUE,R,Rural,1,Fiscal,1,Inicial,10,80860160,1,Solo inicial
2024,80850004,JESUS LARA A,3,COCHABAMBA,314,PUNATA,31401,PUNATA,3036,PUNATA (C. VILLA PUNATA),U,Urbana,1,Fiscal,1,Inicial,329,80850024,1,Solo inicial
2024,80850007,COLORADOS DE BOLIVIA,3,COCHABAMBA,314,PUNATA,31401,PUNATA,3036,PUNATA (C. VILLA PUNATA),U,Urbana,1,Fiscal,1,Inicial,246,80850004,2,Solo inicial
2024,81230069,JOSE VICTOR ZACONETA,4,ORURO,401,CERCADO,40101,CAPITAL (ORURO),4001,ORURO,U,Urbana,1,Fiscal,1,Inicial,306,81230063,1,Solo inicial
2024,81230070,OSCAR ALFARO,4,ORURO,401,CERCADO,40101,CAPITAL (ORURO),4001,ORURO,U,Urbana,1,Fiscal,1,Inicial,290,81230063,2,Solo inicial
2024,81230087,RODOLFO SORIA GALVARRO,4,ORURO,401,CERCADO,40101,CAPITAL (ORURO),4001,ORURO,U,Urbana,1,Fiscal,1,Inicial,261,81230074,1,Solo inicial
2024,81230088,12 DE ABRIL,4,ORURO,401,CERCADO,40101,CAPITAL (ORURO),4001,ORURO,U,Urbana,1,Fiscal,1,Inicial,240,81230074,2,Solo inicial
2024,81230099,VIRGEN DEL MAR 1,4,ORURO,401,CERCADO,40101,CAPITAL (ORURO),4001,ORURO,U,Urbana,1,Fiscal,1,Inicial,158,81230204,1,Solo inicial
2024,81230116,JOHN FITZGERALD KENNEDY 2,4,ORURO,401,CERCADO,40101,CAPITAL (ORURO),4001,ORURO,U,Urbana,1,Fiscal,1,Inicial,233,81230088,1,Solo inicial
2024,81230130,MARIA ROSA QUINTELA,4,ORURO,401,CERCADO,40101,CAPITAL (ORURO),4001,ORURO,U,Urbana,1,Fiscal,1,Inicial,312,81230097,2,Solo inicial
2024,81230133,LA KANTUTA 1,4,ORURO,401,CERCADO,40101,CAPITAL (ORURO),4001,ORURO,U,Urbana,1,Fiscal,1,Inicial,246,81230125,2,Solo inicial
2024,81230144,CARMEN GUZMAN DE MIER INICIAL,4,ORURO,401,CERCADO,40101,CAPITAL (ORURO),4001,ORURO,U,Urbana,1,Fiscal,1,Inicial,236,81230104,2,Solo inicial
2024,81230155,EDITH ZAMORA DE PAZ,4,ORURO,401,CERCADO,40101,CAPITAL (ORURO),4001,ORURO,U,Urbana,1,Fiscal,1,Inicial,244,81230109,2,Solo inicial
2024,81230164,REPUBLICA DEL CANADA,4,ORURO,401,CERCADO,40101,CAPITAL (ORURO),4001,ORURO,U,Urbana,1,Fiscal,1,Inicial,192,81230113,1,Solo inicial
2024,81230167,JUANCITO PINTO,4,ORURO,401,CERCADO,40101,CAPITAL (ORURO),4001,ORURO,U,Urbana,1,Fiscal,1,Inicial,284,81230116,1,Solo inicial
2024,81230171,CHIRIPUJIO,4,ORURO,401,CERCADO,40101,CAPITAL (ORURO),4001,ORURO,U,Urbana,1,Fiscal,1,Inicial,167,81230119,1,Solo inicial
2024,81230235,FERROVIARIA INICIAL,4,ORURO,401,CERCADO,40101,CAPITAL (ORURO),4001,ORURO,U,Urbana,1,Fiscal,1,Inicial,212,81230100,2,Solo inicial
2024,81230250,ESPAÑA INICIAL,4,ORURO,401,CERCADO,40101,CAPITAL (ORURO),4001,ORURO,U,Urbana,1,Fiscal,1,Inicial,174,81230081,1,Solo inicial
2024,81230259,LUIS LLOSA INICIAL,4,ORURO,401,CERCADO,40101,CAPITAL (ORURO),4001,ORURO,U,Urbana,1,Fiscal,1,Inicial,167,81230081,2,Solo inicial
2024,81230282,FRANCISCO FAJARDO 2,4,ORURO,401,CERCADO,40101,CAPITAL (ORURO),4001,ORURO,U,Urbana,1,Fiscal,1,Inicial,152,81230097,2,Solo inicial
2024,81230307,JUANCITO PINTO DE SOCAMANI,4,ORURO,401,CERCADO,40101,CAPITAL (ORURO),4001,ORURO,R,Rural,1,Fiscal,1,Inicial,77,81230047,1,Solo inicial
2024,81230324,BOLIVIA DE VINTO INICIAL,4,ORURO,401,CERCADO,40101,CAPITAL (ORURO),4001,ORURO,R,Rural,1,Fiscal,1,Inicial,213,81230060,2,Solo inicial
2024,81230330,6 DE AGOSTO,4,ORURO,401,CERCADO,40101,CAPITAL (ORURO),4001,ORURO,U,Urbana,0,Privada,1,Inicial,39,81230249,1,Solo inicial
2024,81230387,AMERICA,4,ORURO,401,CERCADO,40101,CAPITAL (ORURO),4001,ORURO,U,Urbana,0,Privada,1,Inicial,21,81230304,1,Solo inicial
2024,71230037,ISAAC PORTOCARRERO,4,ORURO,401,CERCADO,40102,CARACOLLO,4002,CARACOLLO,R,Rural,1,Fiscal,1,Inicial,0,71230035,4,Matrícula total cero
2024,81220038,MALLIRI,4,ORURO,402,EDUARDO AVAROA,40201,CHALLAPATA,4004,CHALLAPATA,R,Rural,1,Fiscal,3,Inicial; Primaria,0,81220037,4,Matrícula total cero
2024,81220078,FRANCISCO SEGUNDO MURILLO,4,ORURO,402,EDUARDO AVAROA,40201,CHALLAPATA,4004,CHALLAPATA,U,Urbana,1,Fiscal,1,Inicial,271,81220075,4,Solo inicial
2024,81220096,PROF.  FILIBERTO MENDIZABAL SANCHEZ,4,ORURO,402,EDUARDO AVAROA,40201,CHALLAPATA,4004,CHALLAPATA,U,Urbana,1,Fiscal,1,Inicial,14,81220094,1,Solo inicial
2024,81180020,VICTOR GONZALO QUINTELA GOMEZ,4,ORURO,406,POOPO,40601,POOPO (VILLA POOPO),4009,POOPO (C. VILLA DE POOPO),R,Rural,1,Fiscal,1,Inicial,12,81180018,1,Solo inicial
2024,81170028,PANTALEON DALENCE,4,ORURO,407,PANTALEON DALENCE,40701,HUANUNI,4011,HUANUNI,U,Urbana,1,Fiscal,1,Inicial,142,81170022,2,Solo inicial
2024,81170031,ADELA ZAMUDIO,4,ORURO,407,PANTALEON DALENCE,40701,HUANUNI,4011,HUANUNI,U,Urbana,1,Fiscal,1,Inicial,192,81170022,1,Solo inicial
2024,81140005,ANTONIO JOSE DE SUCRE,4,ORURO,410,SAUCARI,41001,TOLEDO,4015,TOLEDO,R,Rural,1,Fiscal,2,Primaria,0,81140005,4,Matrícula total cero
2024,81120008,GUALBERTO VILLARROEL DE LLOCO,4,ORURO,412,SUD CARANGAS,41201,SANTIAGO DE ANDAMARCA,4017,ANDAMARCA (STGO.DE ANDAMARCA)/ BELEN DE ANDAMARCA,R,Rural,1,Fiscal,3,Inicial; Primaria,0,81120008,4,Matrícula total cero
2024,81080015,VILLA IRPOCA,4,ORURO,416,NOR CARANGAS,41601,HUAYLLAMARCA,4021,HUAYLLAMARCA (C. SANTIAGO DE HUAYLLAMARCA),R,Rural,1,Fiscal,2,Primaria,0,81080014,4,Matrícula total cero
2024,81480006,SANTA ROSA C,5,POTOSI,501,TOMAS FRIAS,50101,CAPITAL (POTOSI),5001,POTOSI,U,Urbana,1,Fiscal,1,Inicial,249,81480003,2,Solo inicial
2024,81480023,ANDREA ARIAS Y CUIZA,5,POTOSI,501,TOMAS FRIAS,50101,CAPITAL (POTOSI),5001,POTOSI,U,Urbana,1,Fiscal,1,Inicial,307,81480011,1,Solo inicial
2024,81480024,MELCHOR DAZA,5,POTOSI,501,TOMAS FRIAS,50101,CAPITAL (POTOSI),5001,POTOSI,U,Urbana,1,Fiscal,1,Inicial,312,81480011,2,Solo inicial
2024,81480027,RAFAEL BUSTILLOS,5,POTOSI,501,TOMAS FRIAS,50101,CAPITAL (POTOSI),5001,POTOSI,U,Urbana,1,Fiscal,1,Inicial,317,81480013,1,Solo inicial
2024,81480028,GENOVEVA RIOS,5,POTOSI,501,TOMAS FRIAS,50101,CAPITAL (POTOSI),5001,POTOSI,U,Urbana,1,Fiscal,1,Inicial,246,81480013,2,Solo inicial
2024,81480043,EDUARDO ABAROA,5,POTOSI,501,TOMAS FRIAS,50101,CAPITAL (POTOSI),5001,POTOSI,U,Urbana,1,Fiscal,1,Inicial,284,81480021,1,Solo inicial
2024,81480044,POTOSI,5,POTOSI,501,TOMAS FRIAS,50101,CAPITAL (POTOSI),5001,POTOSI,U,Urbana,1,Fiscal,1,Inicial,291,81480021,2,Solo inicial
2024,81480047,SAN ROQUE,5,POTOSI,501,TOMAS FRIAS,50101,CAPITAL (POTOSI),5001,POTOSI,U,Urbana,1,Fiscal,1,Inicial,300,81480071,1,Solo inicial
2024,81480052,NIÑO JESUS,5,POTOSI,501,TOMAS FRIAS,50101,CAPITAL (POTOSI),5001,POTOSI,U,Urbana,1,Fiscal,1,Inicial,239,81480070,1,Solo inicial
2024,81480057,BENICIO MONTERO MALLO B,5,POTOSI,501,TOMAS FRIAS,50101,CAPITAL (POTOSI),5001,POTOSI,U,Urbana,1,Fiscal,1,Inicial,185,81480028,1,Solo inicial
2024,81480063,EL MINERO,5,POTOSI,501,TOMAS FRIAS,50101,CAPITAL (POTOSI),5001,POTOSI,U,Urbana,1,Fiscal,1,Inicial,132,81480031,1,Solo inicial
2024,81480071,CONCEPCION,5,POTOSI,501,TOMAS FRIAS,50101,CAPITAL (POTOSI),5001,POTOSI,U,Urbana,1,Fiscal,1,Inicial,214,81480036,1,Solo inicial
2024,81480072,LUIS SUBIETA SAGARNAGA C,5,POTOSI,501,TOMAS FRIAS,50101,CAPITAL (POTOSI),5001,POTOSI,U,Urbana,1,Fiscal,1,Inicial,155,81480068,1,Solo inicial
2024,81480089,21 DE ENERO B,5,POTOSI,501,TOMAS FRIAS,50101,CAPITAL (POTOSI),5001,POTOSI,U,Urbana,1,Fiscal,1,Inicial,211,81480043,2,Solo inicial
2024,81480092,TOPATER A,5,POTOSI,501,TOMAS FRIAS,50101,CAPITAL (POTOSI),5001,POTOSI,U,Urbana,1,Fiscal,1,Inicial,234,81480044,2,Solo inicial
2024,81480101,VENEZUELA,5,POTOSI,501,TOMAS FRIAS,50101,CAPITAL (POTOSI),5001,POTOSI,U,Urbana,1,Fiscal,1,Inicial,146,81480017,2,Solo inicial
2024,81480139,ANDRES DE SANTA CRUZ A,5,POTOSI,501,TOMAS FRIAS,50101,CAPITAL (POTOSI),5001,POTOSI,U,Urbana,1,Fiscal,1,Inicial,326,81480024,1,Solo inicial
2024,81480141,JUAN PABLO II B,5,POTOSI,501,TOMAS FRIAS,50101,CAPITAL (POTOSI),5001,POTOSI,U,Urbana,1,Fiscal,1,Inicial,236,81480026,2,Solo inicial
2024,81480142,ISMAEL MONTES A,5,POTOSI,501,TOMAS FRIAS,50101,CAPITAL (POTOSI),5001,POTOSI,U,Urbana,1,Fiscal,1,Inicial,381,81480076,1,Solo inicial
2024,81480144,31 DE OCTUBRE A,5,POTOSI,501,TOMAS FRIAS,50101,CAPITAL (POTOSI),5001,POTOSI,U,Urbana,1,Fiscal,1,Inicial,209,81480041,1,Solo inicial
2024,81480149,SIMON MENDIVIL,5,POTOSI,501,TOMAS FRIAS,50101,CAPITAL (POTOSI),5001,POTOSI,U,Urbana,1,Fiscal,1,Inicial,21,81480066,1,Solo inicial
2024,81480169,DIVINO MAESTRO A,5,POTOSI,501,TOMAS FRIAS,50101,CAPITAL (POTOSI),5001,POTOSI,U,Urbana,1,Fiscal,1,Inicial,168,81480046,1,Solo inicial
2024,81480186,ARCO IRIS,5,POTOSI,501,TOMAS FRIAS,50101,CAPITAL (POTOSI),5001,POTOSI,U,Urbana,0,Privada,1,Inicial,59,81480101,1,Solo inicial
2024,81480215,NIDITO DIVINO NIÑO,5,POTOSI,501,TOMAS FRIAS,50101,CAPITAL (POTOSI),5001,POTOSI,U,Urbana,0,Privada,1,Inicial,31,81480126,1,Solo inicial
2024,81480233,CHACA VELARDE,5,POTOSI,501,TOMAS FRIAS,50101,CAPITAL (POTOSI),5001,POTOSI,U,Urbana,1,Fiscal,1,Inicial,155,81480146,1,Solo inicial
2024,81480235,MUNDO DEL SABER,5,POTOSI,501,TOMAS FRIAS,50101,CAPITAL (POTOSI),5001,POTOSI,U,Urbana,0,Privada,1,Inicial,27,81480148,4,Solo inicial
2024,81480236,VILLA COLON A,5,POTOSI,501,TOMAS FRIAS,50101,CAPITAL (POTOSI),5001,POTOSI,U,Urbana,1,Fiscal,1,Inicial,173,81480047,2,Solo inicial
2024,71480037,SIMON BOLIVAR DE TAMBO NUEVO,5,POTOSI,501,TOMAS FRIAS,50102,TINGUIPAYA,5002,TINGUIPAYA (C. ING. GABRIEL VERA),R,Rural,1,Fiscal,3,Inicial; Primaria,0,71480037,4,Matrícula total cero
2024,71480040,BOYECA,5,POTOSI,501,TOMAS FRIAS,50102,TINGUIPAYA,5002,TINGUIPAYA (C. ING. GABRIEL VERA),R,Rural,1,Fiscal,3,Inicial; Primaria,0,71480040,4,Matrícula total cero
2024,81470001,ADELA ZAMUDIO,5,POTOSI,502,RAFAEL BUSTILLO,50201,UNCIA,5005,UNCIA,U,Urbana,1,Fiscal,1,Inicial,158,81470001,1,Solo inicial
2024,61470001,LITORAL,5,POTOSI,502,RAFAEL BUSTILLO,50203,LLALLAGUA,5007,LLALLAGUA,U,Urbana,1,Fiscal,1,Inicial,408,61470001,1,Solo inicial
2024,61470002,SIGLO XX,5,POTOSI,502,RAFAEL BUSTILLO,50203,LLALLAGUA,5007,LLALLAGUA,U,Urbana,1,Fiscal,1,Inicial,295,61470002,1,Solo inicial
2024,81460002,VILLA IMPERIAL A,5,POTOSI,503,CORNELIO SAAVEDRA,50301,BETANZOS,5008,BETANZOS,U,Urbana,1,Fiscal,1,Inicial,175,81460004,1,Solo inicial
2024,81460010,VILLA IMPERIAL DE TOCLA,5,POTOSI,503,CORNELIO SAAVEDRA,50301,BETANZOS,5008,BETANZOS,R,Rural,1,Fiscal,3,Inicial; Primaria,0,81460009,4,Matrícula total cero
2024,71460015,6 DE AGOSTO DE OLO OLO,5,POTOSI,503,CORNELIO SAAVEDRA,50302,CHAQUI,5009,CHAQUI,R,Rural,1,Fiscal,2,Primaria,0,71460015,4,Matrícula total cero
2024,61460022,CKOTANI,5,POTOSI,503,CORNELIO SAAVEDRA,50303,TACOBAMBA,5010,TACOBAMBA,R,Rural,1,Fiscal,1,Inicial,1,61460022,4,Solo inicial
2024,71450043,SIQUIÑA,5,POTOSI,504,CHAYANTA,50402,RAVELO,5012,RAVELO (A. MORO MORO),R,Rural,1,Fiscal,3,Inicial; Primaria,0,71450043,4,Matrícula total cero
2024,71440025,INCA CORRAL,5,POTOSI,505,CHARCAS,50502,TORO TORO,5016,TORO TORO,R,Rural,1,Fiscal,3,Inicial; Primaria,0,71440022,4,Matrícula total cero
2024,81430142,CARMEN ARACENA MARTINEZ,5,POTOSI,506,NOR CHICHAS,50601,COTAGAITA,5017,COTAGAITA,R,Rural,1,Fiscal,1,Inicial,150,81430144,1,Solo inicial
2024,81420011,ANTOFAGASTA,5,POTOSI,507,ALONSO DE IBAÑEZ,50701,SACACA (VILLA DE SACACA),5019,SACACA (C. VILLA DE SACACA),R,Rural,1,Fiscal,3,Inicial; Primaria,0,81420011,4,Matrícula total cero
2024,81410001,HERNANDO SILES,5,POTOSI,508,SUR CHICHAS,50801,TUPIZA,5021,TUPIZA,U,Urbana,1,Fiscal,1,Inicial,230,81410001,1,Solo inicial
2024,81410002,JARDIN DE NIÑOS 12 DE ABRIL,5,POTOSI,508,SUR CHICHAS,50801,TUPIZA,5021,TUPIZA,U,Urbana,1,Fiscal,1,Inicial,143,81410001,2,Solo inicial
2024,71410002,CORNELIO SAAVEDRA,5,POTOSI,508,SUR CHICHAS,50802,ATOCHA,5022,ATOCHA,U,Urbana,1,Fiscal,1,Inicial,74,71410002,1,Solo inicial
2024,71410038,JUAN EVO MORALES AYMA,5,POTOSI,508,SUR CHICHAS,50802,ATOCHA,5022,ATOCHA,R,Rural,1,Fiscal,2,Primaria,0,71410036,4,Matrícula total cero
2024,81380015,FRANZ TAMAYO DE PAIQUILAMA,5,POTOSI,511,JOSE MARIA LINARES,51101,PUNA (VILLA TALAVERA),5025,PUNA (C. VILLA TALAVERA),R,Rural,1,Fiscal,2,Primaria,0,81380015,4,Matrícula total cero
2024,81380155,VILLA SANTA BARBARA,5,POTOSI,511,JOSE MARIA LINARES,51103,CKOCHAS,5034,CKOCHAS,R,Rural,1,Fiscal,3,Inicial; Primaria,0,81380155,4,Matrícula total cero
2024,81370001,EDUARDO ABAROA,5,POTOSI,512,ANTONIO QUIJARRO,51201,UYUNI,5027,UYUNI,U,Urbana,1,Fiscal,1,Inicial,492,81370001,1,Solo inicial
2024,61370016,JOSE ANTONIO ZAMPA,5,POTOSI,512,ANTONIO QUIJARRO,51203,PORCO,5029,PORCO,R,Rural,1,Fiscal,1,Inicial,394,61370015,4,Solo inicial
2024,61370017,JARDIN DE NIÑOS BOLIVIA,5,POTOSI,512,ANTONIO QUIJARRO,51203,PORCO,5029,PORCO,R,Rural,1,Fiscal,1,Inicial,168,61370016,4,Solo inicial
2024,81340001,20 DE MAYO,5,POTOSI,515,MODESTO OMISTE,51501,VILLAZON,5033,VILLAZON,U,Urbana,1,Fiscal,1,Inicial,298,81340001,1,Solo inicial
2024,81340002,OSCAR ALFARO,5,POTOSI,515,MODESTO OMISTE,51501,VILLAZON,5033,VILLAZON,U,Urbana,1,Fiscal,1,Inicial,169,81340002,1,Solo inicial
2024,81730005,NIÑO JESUS,6,TARIJA,601,CERCADO,60101,CAPITAL (TARIJA),6001,TARIJA,U,Urbana,1,Fiscal,1,Inicial,127,81730003,2,Solo inicial
2024,81730015,LA TABLADA 1,6,TARIJA,601,CERCADO,60101,CAPITAL (TARIJA),6001,TARIJA,U,Urbana,1,Fiscal,1,Inicial,27,81730010,2,Solo inicial
2024,81730024,JOSE MANUEL AVILA 3,6,TARIJA,601,CERCADO,60101,CAPITAL (TARIJA),6001,TARIJA,U,Urbana,1,Fiscal,1,Inicial,130,81730012,1,Solo inicial
2024,81730025,JOSE MANUEL AVILA 4,6,TARIJA,601,CERCADO,60101,CAPITAL (TARIJA),6001,TARIJA,U,Urbana,1,Fiscal,1,Inicial,81,81730012,2,Solo inicial
2024,81730028,SANTA ANA 2,6,TARIJA,601,CERCADO,60101,CAPITAL (TARIJA),6001,TARIJA,U,Urbana,1,Fiscal,1,Inicial,174,81730125,2,Solo inicial
2024,81730034,JOSE MANUEL BELGRANO MAÑANA 1,6,TARIJA,601,CERCADO,60101,CAPITAL (TARIJA),6001,TARIJA,U,Urbana,1,Fiscal,1,Inicial,159,81730015,1,Solo inicial
2024,81730035,JOSE MANUEL BELGRANO TARDE 1,6,TARIJA,601,CERCADO,60101,CAPITAL (TARIJA),6001,TARIJA,U,Urbana,1,Fiscal,1,Inicial,178,81730015,2,Solo inicial
2024,81730047,ELVA DE DUNN,6,TARIJA,601,CERCADO,60101,CAPITAL (TARIJA),6001,TARIJA,U,Urbana,1,Fiscal,1,Inicial,158,81730022,1,Solo inicial
2024,81730048,SAN LUIS INICIAL,6,TARIJA,601,CERCADO,60101,CAPITAL (TARIJA),6001,TARIJA,U,Urbana,1,Fiscal,1,Inicial,96,81730022,2,Solo inicial
2024,81730052,BERNARDO NAVAJAS TRIGO 1,6,TARIJA,601,CERCADO,60101,CAPITAL (TARIJA),6001,TARIJA,U,Urbana,1,Fiscal,1,Inicial,183,81730157,1,Solo inicial
2024,81730062,EMMA DE BRIANCON,6,TARIJA,601,CERCADO,60101,CAPITAL (TARIJA),6001,TARIJA,U,Urbana,1,Fiscal,1,Inicial,124,81730026,2,Solo inicial
2024,81730066,15 DE ABRIL,6,TARIJA,601,CERCADO,60101,CAPITAL (TARIJA),6001,TARIJA,U,Urbana,1,Fiscal,1,Inicial,151,81730028,2,Solo inicial
2024,81730067,OSCAR ALFARO,6,TARIJA,601,CERCADO,60101,CAPITAL (TARIJA),6001,TARIJA,U,Urbana,1,Fiscal,1,Inicial,207,81730028,1,Solo inicial
2024,81730071,NUESTRA SEÑORA DEL ROSARIO 1,6,TARIJA,601,CERCADO,60101,CAPITAL (TARIJA),6001,TARIJA,U,Urbana,1,Fiscal,1,Inicial,214,81730029,1,Solo inicial
2024,81730081,EMMA ROSSEL DE MOLINA,6,TARIJA,601,CERCADO,60101,CAPITAL (TARIJA),6001,TARIJA,U,Urbana,1,Fiscal,1,Inicial,94,81730009,2,Solo inicial
2024,81730181,ARCO IRIS,6,TARIJA,601,CERCADO,60101,CAPITAL (TARIJA),6001,TARIJA,U,Urbana,0,Privada,1,Inicial,60,81730197,4,Solo inicial
2024,81730231,ADOLFO KOLPING,6,TARIJA,601,CERCADO,60101,CAPITAL (TARIJA),6001,TARIJA,U,Urbana,0,Privada,1,Inicial,17,81730162,1,Solo inicial
2024,81730249,COLINAS DEL SUR,6,TARIJA,601,CERCADO,60101,CAPITAL (TARIJA),6001,TARIJA,U,Urbana,0,Privada,1,Inicial,53,81730178,1,Solo inicial
2024,81730254,PANAMERICANO,6,TARIJA,601,CERCADO,60101,CAPITAL (TARIJA),6001,TARIJA,U,Urbana,1,Fiscal,1,Inicial,140,81730182,1,Solo inicial
2024,81730257,EMMA DE BRIANCON MAÑANA,6,TARIJA,601,CERCADO,60101,CAPITAL (TARIJA),6001,TARIJA,U,Urbana,1,Fiscal,1,Inicial,148,81730026,1,Solo inicial
2024,81730288,ADRAEL,6,TARIJA,601,CERCADO,60101,CAPITAL (TARIJA),6001,TARIJA,U,Urbana,0,Privada,1,Inicial,59,81730225,1,Solo inicial
2024,81730306,CIBERKIDS,6,TARIJA,601,CERCADO,60101,CAPITAL (TARIJA),6001,TARIJA,U,Urbana,0,Privada,1,Inicial,0,81730127,1,Matrícula total cero
2024,71720003,TARIJA,6,TARIJA,602,ANICETO ARCE,60202,BERMEJO,6003,BERMEJO,U,Urbana,1,Fiscal,1,Inicial,194,71720001,1,Solo inicial
2024,71720055,TARIJA TURNO TARDE,6,TARIJA,602,ANICETO ARCE,60202,BERMEJO,6003,BERMEJO,U,Urbana,1,Fiscal,1,Inicial,177,71720001,2,Solo inicial
2024,81710008,RAQUEL C. DE AVILA,6,TARIJA,603,GRAN CHACO,60301,YACUIBA,6004,YACUIBA,U,Urbana,1,Fiscal,1,Inicial,209,81710006,1,Solo inicial
2024,81710059,SAGRADO CORAZON DE JESUS INICIAL,6,TARIJA,603,GRAN CHACO,60301,YACUIBA,6004,YACUIBA,U,Urbana,1,Fiscal,1,Inicial,203,81710090,1,Solo inicial
2024,81710116,RAQUEL C. DE AVILA II,6,TARIJA,603,GRAN CHACO,60301,YACUIBA,6004,YACUIBA,U,Urbana,1,Fiscal,1,Inicial,206,81710006,2,Solo inicial
2024,71710054,DIVINO NIÑO,6,TARIJA,603,GRAN CHACO,60302,CARAPARI,6005,CARAPARI,R,Rural,1,Fiscal,1,Inicial,121,71710055,1,Solo inicial
2024,61710007,JAIME MENDOZA,6,TARIJA,603,GRAN CHACO,60303,VILLAMONTES,6006,VILLA MONTES,U,Urbana,1,Fiscal,1,Inicial,269,61710003,1,Solo inicial
2024,61710099,JUANCITO PINTO,6,TARIJA,603,GRAN CHACO,60303,VILLAMONTES,6006,VILLA MONTES,U,Urbana,1,Fiscal,1,Inicial,150,61710090,1,Solo inicial
2024,81690062,PEÑADERIA,6,TARIJA,605,MENDEZ,60501,SAN LORENZO,6009,SAN LORENZO (C. VILLA SAN LORENZO),R,Rural,1,Fiscal,3,Inicial; Primaria,0,81690060,1,Matrícula total cero
2024,81690075,LUISA ZILVETI ANTELO,6,TARIJA,605,MENDEZ,60501,SAN LORENZO,6009,SAN LORENZO (C. VILLA SAN LORENZO),U,Urbana,1,Fiscal,1,Inicial,147,81690070,1,Solo inicial
2024,81680072,FRANCISCO BOURDETH O'CONNOR,6,TARIJA,606,BURNET O CONNOR,60601,ENTRE RIOS,6011,ENTRE RIOS,U,Urbana,1,Fiscal,1,Inicial,146,81680099,1,Solo inicial
2024,81901000,ENRIQUE FINOT B,7,SANTA CRUZ,701,ANDRES IBAÑEZ,70101,CAPITAL (SANTA CRUZ DE LA SIERRA),7061,SANTA CRUZ 1,U,Urbana,1,Fiscal,1,Inicial,25,81980638,2,Solo inicial
2024,81980008,RVDO. LUCAS CASAERT BAERDEMACKER I,7,SANTA CRUZ,701,ANDRES IBAÑEZ,70101,CAPITAL (SANTA CRUZ DE LA SIERRA),7061,SANTA CRUZ 1,U,Urbana,1,Fiscal,1,Inicial,438,81980098,1,Solo inicial
2024,81980017,DIVINO NIÑO,7,SANTA CRUZ,701,ANDRES IBAÑEZ,70101,CAPITAL (SANTA CRUZ DE LA SIERRA),7061,SANTA CRUZ 1,U,Urbana,1,Fiscal,1,Inicial,215,81980720,1,Solo inicial
2024,81980028,ENRIQUE FINOT A,7,SANTA CRUZ,701,ANDRES IBAÑEZ,70101,CAPITAL (SANTA CRUZ DE LA SIERRA),7061,SANTA CRUZ 1,U,Urbana,1,Fiscal,1,Inicial,122,81980638,1,Solo inicial
2024,81980046,JOAQUIN CARVAJAL,7,SANTA CRUZ,701,ANDRES IBAÑEZ,70101,CAPITAL (SANTA CRUZ DE LA SIERRA),7061,SANTA CRUZ 1,U,Urbana,1,Fiscal,1,Inicial,193,81980885,1,Solo inicial
2024,81980051,6 DE ENERO LOS CHINOS,7,SANTA CRUZ,701,ANDRES IBAÑEZ,70101,CAPITAL (SANTA CRUZ DE LA SIERRA),7061,SANTA CRUZ 1,U,Urbana,1,Fiscal,1,Inicial,126,81980896,2,Solo inicial
2024,81980086,RVDO. LUCAS CASAERT BAERDEMACKER II,7,SANTA CRUZ,701,ANDRES IBAÑEZ,70101,CAPITAL (SANTA CRUZ DE LA SIERRA),7061,SANTA CRUZ 1,U,Urbana,1,Fiscal,1,Inicial,263,81980098,2,Solo inicial
2024,81980109,SAN MARTIN DE PORRES III,7,SANTA CRUZ,701,ANDRES IBAÑEZ,70101,CAPITAL (SANTA CRUZ DE LA SIERRA),7061,SANTA CRUZ 1,U,Urbana,1,Fiscal,1,Inicial,194,81980641,1,Solo inicial
2024,81980110,SAN MARTIN DE PORRES IV,7,SANTA CRUZ,701,ANDRES IBAÑEZ,70101,CAPITAL (SANTA CRUZ DE LA SIERRA),7061,SANTA CRUZ 1,U,Urbana,1,Fiscal,1,Inicial,197,81980641,2,Solo inicial
2024,81980117,BERTHA SUAREZ DE ANTELO,7,SANTA CRUZ,701,ANDRES IBAÑEZ,70101,CAPITAL (SANTA CRUZ DE LA SIERRA),7061,SANTA CRUZ 1,U,Urbana,1,Fiscal,1,Inicial,179,81980204,2,Solo inicial
2024,81980128,GUALBERTO VILLARROEL I,7,SANTA CRUZ,701,ANDRES IBAÑEZ,70101,CAPITAL (SANTA CRUZ DE LA SIERRA),7061,SANTA CRUZ 1,U,Urbana,1,Fiscal,1,Inicial,218,81980239,4,Solo inicial
2024,81980171,MAGISTERIO A,7,SANTA CRUZ,701,ANDRES IBAÑEZ,70101,CAPITAL (SANTA CRUZ DE LA SIERRA),7061,SANTA CRUZ 1,U,Urbana,1,Fiscal,1,Inicial,188,81980228,1,Solo inicial
2024,81980180,DENNYS ANTELO DE MERCADO,7,SANTA CRUZ,701,ANDRES IBAÑEZ,70101,CAPITAL (SANTA CRUZ DE LA SIERRA),7061,SANTA CRUZ 1,U,Urbana,1,Fiscal,1,Inicial,178,81980204,1,Solo inicial
2024,81980195,AMIGOS DE JESUS,7,SANTA CRUZ,701,ANDRES IBAÑEZ,70101,CAPITAL (SANTA CRUZ DE LA SIERRA),7061,SANTA CRUZ 1,U,Urbana,1,Fiscal,1,Inicial,178,81980173,1,Solo inicial
2024,81980220,FANNY ANTELO DE CALLAU,7,SANTA CRUZ,701,ANDRES IBAÑEZ,70101,CAPITAL (SANTA CRUZ DE LA SIERRA),7061,SANTA CRUZ 1,U,Urbana,1,Fiscal,1,Inicial,188,81980139,2,Solo inicial
2024,81980244,EL PAJONAL MAÑANA,7,SANTA CRUZ,701,ANDRES IBAÑEZ,70101,CAPITAL (SANTA CRUZ DE LA SIERRA),7063,SANTA CRUZ 3,U,Urbana,1,Fiscal,1,Inicial,86,81980195,1,Solo inicial
2024,81980255,FELIX BASCOPE GONZALES D,7,SANTA CRUZ,701,ANDRES IBAÑEZ,70101,CAPITAL (SANTA CRUZ DE LA SIERRA),7063,SANTA CRUZ 3,U,Urbana,1,Fiscal,1,Inicial,317,81980110,4,Solo inicial
2024,81980260,SAN ANTONIO F,7,SANTA CRUZ,701,ANDRES IBAÑEZ,70101,CAPITAL (SANTA CRUZ DE LA SIERRA),7063,SANTA CRUZ 3,U,Urbana,1,Fiscal,1,Inicial,238,81980346,1,Solo inicial
2024,81980261,SAN ANTONIO G,7,SANTA CRUZ,701,ANDRES IBAÑEZ,70101,CAPITAL (SANTA CRUZ DE LA SIERRA),7063,SANTA CRUZ 3,U,Urbana,1,Fiscal,1,Inicial,200,81980346,2,Solo inicial
2024,81980285,NIÑO FELIZ EL PARI,7,SANTA CRUZ,701,ANDRES IBAÑEZ,70101,CAPITAL (SANTA CRUZ DE LA SIERRA),7062,SANTA CRUZ 2,U,Urbana,1,Fiscal,1,Inicial,165,81980914,1,Solo inicial
2024,81980301,VICTOR PAZ ESTENSSORO IV,7,SANTA CRUZ,701,ANDRES IBAÑEZ,70101,CAPITAL (SANTA CRUZ DE LA SIERRA),7062,SANTA CRUZ 2,U,Urbana,1,Fiscal,1,Inicial,156,81980217,1,Solo inicial
2024,81980302,VICTOR PAZ ESTENSSORO III,7,SANTA CRUZ,701,ANDRES IBAÑEZ,70101,CAPITAL (SANTA CRUZ DE LA SIERRA),7062,SANTA CRUZ 2,U,Urbana,1,Fiscal,1,Inicial,143,81980217,2,Solo inicial
2024,81980305,MI CASITA,7,SANTA CRUZ,701,ANDRES IBAÑEZ,70101,CAPITAL (SANTA CRUZ DE LA SIERRA),7062,SANTA CRUZ 2,U,Urbana,1,Fiscal,1,Inicial,143,81980967,1,Solo inicial
2024,81980310,ALCIDES LANDIVAR GIL I,7,SANTA CRUZ,701,ANDRES IBAÑEZ,70101,CAPITAL (SANTA CRUZ DE LA SIERRA),7062,SANTA CRUZ 2,U,Urbana,1,Fiscal,1,Inicial,125,81980152,1,Solo inicial
2024,81980326,NEISA ANGLARILL DE JUSTINIANO II,7,SANTA CRUZ,701,ANDRES IBAÑEZ,70101,CAPITAL (SANTA CRUZ DE LA SIERRA),7062,SANTA CRUZ 2,U,Urbana,1,Fiscal,1,Inicial,184,81980151,1,Solo inicial
2024,81980346,JESUS MARIA I,7,SANTA CRUZ,701,ANDRES IBAÑEZ,70101,CAPITAL (SANTA CRUZ DE LA SIERRA),7062,SANTA CRUZ 2,U,Urbana,1,Fiscal,1,Inicial,177,81980149,4,Solo inicial
2024,81980386,ADDITA MALDONADO DE LUTZ,7,SANTA CRUZ,701,ANDRES IBAÑEZ,70101,CAPITAL (SANTA CRUZ DE LA SIERRA),7061,SANTA CRUZ 1,U,Urbana,1,Fiscal,1,Inicial,100,81980065,2,Solo inicial
2024,81980422,13 DE ENERO,7,SANTA CRUZ,701,ANDRES IBAÑEZ,70101,CAPITAL (SANTA CRUZ DE LA SIERRA),7061,SANTA CRUZ 1,U,Urbana,1,Fiscal,1,Inicial,143,81980085,1,Solo inicial
2024,81980460,RANCHO NUEVO,7,SANTA CRUZ,701,ANDRES IBAÑEZ,70101,CAPITAL (SANTA CRUZ DE LA SIERRA),7063,SANTA CRUZ 3,U,Urbana,1,Fiscal,1,Inicial,108,81980263,2,Solo inicial
2024,81980487,FERROVIARIO,7,SANTA CRUZ,701,ANDRES IBAÑEZ,70101,CAPITAL (SANTA CRUZ DE LA SIERRA),7063,SANTA CRUZ 3,U,Urbana,1,Fiscal,1,Inicial,177,81980066,2,Solo inicial
2024,81980530,LIBERTAD A,7,SANTA CRUZ,701,ANDRES IBAÑEZ,70101,CAPITAL (SANTA CRUZ DE LA SIERRA),7063,SANTA CRUZ 3,U,Urbana,1,Fiscal,1,Inicial,100,81980639,1,Solo inicial
2024,81980539,27 DE MAYO,7,SANTA CRUZ,701,ANDRES IBAÑEZ,70101,CAPITAL (SANTA CRUZ DE LA SIERRA),7063,SANTA CRUZ 3,U,Urbana,1,Fiscal,1,Inicial,308,81980625,4,Solo inicial
2024,81980560,SANTA CRUZ DE LA SIERRA A,7,SANTA CRUZ,701,ANDRES IBAÑEZ,70101,CAPITAL (SANTA CRUZ DE LA SIERRA),7063,SANTA CRUZ 3,U,Urbana,1,Fiscal,1,Inicial,293,81980148,4,Solo inicial
2024,81980574,BATALLON TREN,7,SANTA CRUZ,701,ANDRES IBAÑEZ,70101,CAPITAL (SANTA CRUZ DE LA SIERRA),7063,SANTA CRUZ 3,U,Urbana,1,Fiscal,1,Inicial,225,81980280,1,Solo inicial
2024,81980583,25 DE DICIEMBRE B,7,SANTA CRUZ,701,ANDRES IBAÑEZ,70101,CAPITAL (SANTA CRUZ DE LA SIERRA),7068,PLAN TRES MIL,U,Urbana,1,Fiscal,1,Inicial,89,81980119,1,Solo inicial
2024,81980603,NUEVA AMERICA D,7,SANTA CRUZ,701,ANDRES IBAÑEZ,70101,CAPITAL (SANTA CRUZ DE LA SIERRA),7068,PLAN TRES MIL,U,Urbana,1,Fiscal,1,Inicial,195,81980659,1,Solo inicial
2024,81980846,JUAN ZARRAGA CAMPOS I,7,SANTA CRUZ,701,ANDRES IBAÑEZ,70101,CAPITAL (SANTA CRUZ DE LA SIERRA),7062,SANTA CRUZ 2,U,Urbana,1,Fiscal,1,Inicial,144,81980073,2,Solo inicial
2024,81980855,CORPUS CHRISTI,7,SANTA CRUZ,701,ANDRES IBAÑEZ,70101,CAPITAL (SANTA CRUZ DE LA SIERRA),7062,SANTA CRUZ 2,U,Urbana,1,Fiscal,1,Inicial,118,81980287,2,Solo inicial
2024,81980868,ARCELIA RIBERA MATURANA,7,SANTA CRUZ,701,ANDRES IBAÑEZ,70101,CAPITAL (SANTA CRUZ DE LA SIERRA),7062,SANTA CRUZ 2,U,Urbana,1,Fiscal,1,Inicial,126,81980223,2,Solo inicial
2024,81980869,LUISA SAUCEDO SEVILLA,7,SANTA CRUZ,701,ANDRES IBAÑEZ,70101,CAPITAL (SANTA CRUZ DE LA SIERRA),7062,SANTA CRUZ 2,U,Urbana,1,Fiscal,1,Inicial,150,81980223,1,Solo inicial
2024,81980874,ANA BARBA I,7,SANTA CRUZ,701,ANDRES IBAÑEZ,70101,CAPITAL (SANTA CRUZ DE LA SIERRA),7062,SANTA CRUZ 2,U,Urbana,1,Fiscal,1,Inicial,186,81980141,1,Solo inicial
2024,81980875,ANA BARBA II,7,SANTA CRUZ,701,ANDRES IBAÑEZ,70101,CAPITAL (SANTA CRUZ DE LA SIERRA),7062,SANTA CRUZ 2,U,Urbana,1,Fiscal,1,Inicial,160,81980141,2,Solo inicial
2024,81980888,CLUB DE LEONES JESUS OSUNA CUELLAR,7,SANTA CRUZ,701,ANDRES IBAÑEZ,70101,CAPITAL (SANTA CRUZ DE LA SIERRA),7062,SANTA CRUZ 2,U,Urbana,1,Fiscal,1,Inicial,225,81980327,1,Solo inicial
2024,81980889,CLUB DE LEONES,7,SANTA CRUZ,701,ANDRES IBAÑEZ,70101,CAPITAL (SANTA CRUZ DE LA SIERRA),7062,SANTA CRUZ 2,U,Urbana,1,Fiscal,1,Inicial,200,81980327,2,Solo inicial
2024,81980905,ROMULO GOMEZ I,7,SANTA CRUZ,701,ANDRES IBAÑEZ,70101,CAPITAL (SANTA CRUZ DE LA SIERRA),7062,SANTA CRUZ 2,U,Urbana,1,Fiscal,1,Inicial,148,81980278,1,Solo inicial
2024,81980906,ROMULO GOMEZ II,7,SANTA CRUZ,701,ANDRES IBAÑEZ,70101,CAPITAL (SANTA CRUZ DE LA SIERRA),7062,SANTA CRUZ 2,U,Urbana,1,Fiscal,1,Inicial,114,81980278,2,Solo inicial
2024,81980934,BARRIO LINDO,7,SANTA CRUZ,701,ANDRES IBAÑEZ,70101,CAPITAL (SANTA CRUZ DE LA SIERRA),7062,SANTA CRUZ 2,U,Urbana,1,Fiscal,1,Inicial,166,81980275,1,Solo inicial
2024,81980965,PALERMO II,7,SANTA CRUZ,701,ANDRES IBAÑEZ,70101,CAPITAL (SANTA CRUZ DE LA SIERRA),7062,SANTA CRUZ 2,U,Urbana,1,Fiscal,1,Inicial,70,81980243,2,Solo inicial
2024,81980977,SAN FRANCISCO DE ASIS,7,SANTA CRUZ,701,ANDRES IBAÑEZ,70101,CAPITAL (SANTA CRUZ DE LA SIERRA),7062,SANTA CRUZ 2,U,Urbana,1,Fiscal,1,Inicial,131,81980176,2,Solo inicial
2024,81980978,SANTA TERESA,7,SANTA CRUZ,701,ANDRES IBAÑEZ,70101,CAPITAL (SANTA CRUZ DE LA SIERRA),7062,SANTA CRUZ 2,U,Urbana,1,Fiscal,1,Inicial,192,81980176,1,Solo inicial
2024,81980979,ASOCIACION CRISTIANA FEMENINA,7,SANTA CRUZ,701,ANDRES IBAÑEZ,70101,CAPITAL (SANTA CRUZ DE LA SIERRA),7062,SANTA CRUZ 2,U,Urbana,1,Fiscal,1,Inicial,129,81980031,1,Solo inicial
2024,81980993,NAUN FERNANDEZ CUELLAR I,7,SANTA CRUZ,701,ANDRES IBAÑEZ,70101,CAPITAL (SANTA CRUZ DE LA SIERRA),7062,SANTA CRUZ 2,U,Urbana,1,Fiscal,1,Inicial,128,81980342,1,Solo inicial
2024,81981129,MI PEQUEÑO MUNDO,7,SANTA CRUZ,701,ANDRES IBAÑEZ,70101,CAPITAL (SANTA CRUZ DE LA SIERRA),7062,SANTA CRUZ 2,U,Urbana,0,Privada,1,Inicial,21,81980478,1,Solo inicial
2024,81981198,JAPON V,7,SANTA CRUZ,701,ANDRES IBAÑEZ,70101,CAPITAL (SANTA CRUZ DE LA SIERRA),7062,SANTA CRUZ 2,U,Urbana,1,Fiscal,1,Inicial,103,81980129,2,Solo inicial
2024,81981261,CARRUSEL DE NIÑOS,7,SANTA CRUZ,701,ANDRES IBAÑEZ,70101,CAPITAL (SANTA CRUZ DE LA SIERRA),7062,SANTA CRUZ 2,U,Urbana,0,Privada,1,Inicial,141,81980579,4,Solo inicial
2024,81981314,6 DE FEBRERO,7,SANTA CRUZ,701,ANDRES IBAÑEZ,70101,CAPITAL (SANTA CRUZ DE LA SIERRA),7063,SANTA CRUZ 3,U,Urbana,1,Fiscal,1,Inicial,186,81980093,4,Solo inicial
2024,81981327,TRAPITOS,7,SANTA CRUZ,701,ANDRES IBAÑEZ,70101,CAPITAL (SANTA CRUZ DE LA SIERRA),7062,SANTA CRUZ 2,U,Urbana,0,Privada,1,Inicial,6,81980947,1,Solo inicial
2024,81981366,MADRE VICENTA UBOLDI I,7,SANTA CRUZ,701,ANDRES IBAÑEZ,70101,CAPITAL (SANTA CRUZ DE LA SIERRA),7062,SANTA CRUZ 2,U,Urbana,0,Privada,1,Inicial,107,81980676,1,Solo inicial
2024,81981371,PICAFLOR,7,SANTA CRUZ,701,ANDRES IBAÑEZ,70101,CAPITAL (SANTA CRUZ DE LA SIERRA),7068,PLAN TRES MIL,U,Urbana,1,Fiscal,1,Inicial,79,81980681,4,Solo inicial
2024,81981418,SEMILLITA DE AMOR Y DE TERNURA,7,SANTA CRUZ,701,ANDRES IBAÑEZ,70101,CAPITAL (SANTA CRUZ DE LA SIERRA),7062,SANTA CRUZ 2,U,Urbana,0,Privada,1,Inicial,181,81980722,4,Solo inicial
2024,81981440,VENTANITAS DE LUZ,7,SANTA CRUZ,701,ANDRES IBAÑEZ,70101,CAPITAL (SANTA CRUZ DE LA SIERRA),7063,SANTA CRUZ 3,U,Urbana,0,Privada,1,Inicial,62,81980740,4,Solo inicial
2024,81981448,MATEO KULJIS ILIC A,7,SANTA CRUZ,701,ANDRES IBAÑEZ,70101,CAPITAL (SANTA CRUZ DE LA SIERRA),7062,SANTA CRUZ 2,U,Urbana,1,Fiscal,1,Inicial,369,81980744,4,Solo inicial
2024,81981452,DULCE REFUGIO,7,SANTA CRUZ,701,ANDRES IBAÑEZ,70101,CAPITAL (SANTA CRUZ DE LA SIERRA),7061,SANTA CRUZ 1,U,Urbana,0,Privada,1,Inicial,13,81980889,1,Solo inicial
2024,81981482,GOTITAS DE MIEL,7,SANTA CRUZ,701,ANDRES IBAÑEZ,70101,CAPITAL (SANTA CRUZ DE LA SIERRA),7061,SANTA CRUZ 1,U,Urbana,0,Privada,1,Inicial,3,81980765,1,Solo inicial
2024,81981487,MUNDO FELIZ,7,SANTA CRUZ,701,ANDRES IBAÑEZ,70101,CAPITAL (SANTA CRUZ DE LA SIERRA),7062,SANTA CRUZ 2,U,Urbana,0,Privada,1,Inicial,34,81980769,4,Solo inicial
2024,81981488,ARACUAIYA YEROVIA,7,SANTA CRUZ,701,ANDRES IBAÑEZ,70101,CAPITAL (SANTA CRUZ DE LA SIERRA),7061,SANTA CRUZ 1,U,Urbana,0,Privada,1,Inicial,28,81980770,1,Solo inicial
2024,81981490,DULCE AMOR,7,SANTA CRUZ,701,ANDRES IBAÑEZ,70101,CAPITAL (SANTA CRUZ DE LA SIERRA),7061,SANTA CRUZ 1,U,Urbana,0,Privada,1,Inicial,58,81980772,1,Solo inicial
2024,81981492,REINO KIDS,7,SANTA CRUZ,701,ANDRES IBAÑEZ,70101,CAPITAL (SANTA CRUZ DE LA SIERRA),7061,SANTA CRUZ 1,U,Urbana,0,Privada,1,Inicial,9,81980774,1,Solo inicial
2024,81981511,MENTES BRILLANTES,7,SANTA CRUZ,701,ANDRES IBAÑEZ,70101,CAPITAL (SANTA CRUZ DE LA SIERRA),7061,SANTA CRUZ 1,U,Urbana,0,Privada,1,Inicial,35,81980789,1,Solo inicial
2024,81981512,SEMILLITAS DE JESUS,7,SANTA CRUZ,701,ANDRES IBAÑEZ,70101,CAPITAL (SANTA CRUZ DE LA SIERRA),7062,SANTA CRUZ 2,U,Urbana,0,Privada,1,Inicial,8,81980790,1,Solo inicial
2024,81981517,MATERDEI,7,SANTA CRUZ,701,ANDRES IBAÑEZ,70101,CAPITAL (SANTA CRUZ DE LA SIERRA),7062,SANTA CRUZ 2,U,Urbana,0,Privada,1,Inicial,9,81980794,1,Solo inicial
2024,81981528,GLOBO AZUL,7,SANTA CRUZ,701,ANDRES IBAÑEZ,70101,CAPITAL (SANTA CRUZ DE LA SIERRA),7061,SANTA CRUZ 1,U,Urbana,0,Privada,1,Inicial,26,81980799,1,Solo inicial
2024,81981530,PASITOS,7,SANTA CRUZ,701,ANDRES IBAÑEZ,70101,CAPITAL (SANTA CRUZ DE LA SIERRA),7062,SANTA CRUZ 2,U,Urbana,0,Privada,1,Inicial,12,81980800,1,Solo inicial
2024,81981531,PASITOS 1,7,SANTA CRUZ,701,ANDRES IBAÑEZ,70101,CAPITAL (SANTA CRUZ DE LA SIERRA),7062,SANTA CRUZ 2,U,Urbana,0,Privada,1,Inicial,9,81980800,2,Solo inicial
2024,81981536,HAMAQUITAS,7,SANTA CRUZ,701,ANDRES IBAÑEZ,70101,CAPITAL (SANTA CRUZ DE LA SIERRA),7061,SANTA CRUZ 1,U,Urbana,0,Privada,1,Inicial,68,81980803,1,Solo inicial
2024,81981540,MI PEQUEÑO MUNDO A,7,SANTA CRUZ,701,ANDRES IBAÑEZ,70101,CAPITAL (SANTA CRUZ DE LA SIERRA),7062,SANTA CRUZ 2,U,Urbana,0,Privada,1,Inicial,14,81980478,2,Solo inicial
2024,81981542,MI CASITA A,7,SANTA CRUZ,701,ANDRES IBAÑEZ,70101,CAPITAL (SANTA CRUZ DE LA SIERRA),7062,SANTA CRUZ 2,U,Urbana,0,Privada,1,Inicial,50,81980808,1,Solo inicial
2024,81981543,JUGUEMOS A ... APRENDER,7,SANTA CRUZ,701,ANDRES IBAÑEZ,70101,CAPITAL (SANTA CRUZ DE LA SIERRA),7061,SANTA CRUZ 1,U,Urbana,0,Privada,1,Inicial,79,81980809,1,Solo inicial
2024,81981546,CARIÑOSITOS I,7,SANTA CRUZ,701,ANDRES IBAÑEZ,70101,CAPITAL (SANTA CRUZ DE LA SIERRA),7062,SANTA CRUZ 2,U,Urbana,1,Fiscal,1,Inicial,219,81980811,2,Solo inicial
2024,81981552,CARITAS IV,7,SANTA CRUZ,701,ANDRES IBAÑEZ,70101,CAPITAL (SANTA CRUZ DE LA SIERRA),7062,SANTA CRUZ 2,U,Urbana,1,Fiscal,1,Inicial,197,81980128,2,Solo inicial
2024,81981553,KIDS PLANET,7,SANTA CRUZ,701,ANDRES IBAÑEZ,70101,CAPITAL (SANTA CRUZ DE LA SIERRA),7061,SANTA CRUZ 1,U,Urbana,0,Privada,1,Inicial,61,81980813,1,Solo inicial
2024,81981559,HERMANOS ANTONIO Y MARCOS CAVANIS A,7,SANTA CRUZ,701,ANDRES IBAÑEZ,70101,CAPITAL (SANTA CRUZ DE LA SIERRA),7062,SANTA CRUZ 2,U,Urbana,1,Fiscal,1,Inicial,256,81980207,4,Solo inicial
2024,81981560,BUENAS NUEVAS E,7,SANTA CRUZ,701,ANDRES IBAÑEZ,70101,CAPITAL (SANTA CRUZ DE LA SIERRA),7068,PLAN TRES MIL,U,Urbana,1,Fiscal,1,Inicial,320,81980261,1,Solo inicial
2024,81981570,ABIGAIL,7,SANTA CRUZ,701,ANDRES IBAÑEZ,70101,CAPITAL (SANTA CRUZ DE LA SIERRA),7061,SANTA CRUZ 1,U,Urbana,0,Privada,1,Inicial,21,81980822,2,Solo inicial
2024,81981574,GOTITA DE AGUA,7,SANTA CRUZ,701,ANDRES IBAÑEZ,70101,CAPITAL (SANTA CRUZ DE LA SIERRA),7068,PLAN TRES MIL,U,Urbana,0,Privada,1,Inicial,64,81980825,1,Solo inicial
2024,81981577,KINDA  B,7,SANTA CRUZ,701,ANDRES IBAÑEZ,70101,CAPITAL (SANTA CRUZ DE LA SIERRA),7061,SANTA CRUZ 1,U,Urbana,0,Privada,1,Inicial,78,81980826,2,Solo inicial
2024,81981581,ELFFY SUAREZ DE VACA,7,SANTA CRUZ,701,ANDRES IBAÑEZ,70101,CAPITAL (SANTA CRUZ DE LA SIERRA),7061,SANTA CRUZ 1,U,Urbana,1,Fiscal,1,Inicial,207,81980228,2,Solo inicial
2024,81981592,HELLO KITTY FRIENDS,7,SANTA CRUZ,701,ANDRES IBAÑEZ,70101,CAPITAL (SANTA CRUZ DE LA SIERRA),7061,SANTA CRUZ 1,U,Urbana,0,Privada,1,Inicial,43,81980836,4,Solo inicial
2024,81981598,SAN FELIPE 2,7,SANTA CRUZ,701,ANDRES IBAÑEZ,70101,CAPITAL (SANTA CRUZ DE LA SIERRA),7063,SANTA CRUZ 3,U,Urbana,0,Privada,1,Inicial,20,81980581,2,Solo inicial
2024,81981605,SIRARI,7,SANTA CRUZ,701,ANDRES IBAÑEZ,70101,CAPITAL (SANTA CRUZ DE LA SIERRA),7061,SANTA CRUZ 1,U,Urbana,0,Privada,1,Inicial,3,81980843,1,Solo inicial
2024,81981641,NUEVO AMANECER LA PAMPA I,7,SANTA CRUZ,701,ANDRES IBAÑEZ,70101,CAPITAL (SANTA CRUZ DE LA SIERRA),7063,SANTA CRUZ 3,U,Urbana,0,Privada,1,Inicial,10,81980468,2,Solo inicial
2024,81981642,PARADISO MONTESSORI,7,SANTA CRUZ,701,ANDRES IBAÑEZ,70101,CAPITAL (SANTA CRUZ DE LA SIERRA),7061,SANTA CRUZ 1,U,Urbana,0,Privada,1,Inicial,17,81980883,2,Solo inicial
2024,81981647,DON BOSCO CENTRAL B,7,SANTA CRUZ,701,ANDRES IBAÑEZ,70101,CAPITAL (SANTA CRUZ DE LA SIERRA),7062,SANTA CRUZ 2,U,Urbana,1,Fiscal,1,Inicial,172,81980197,2,Solo inicial
2024,81981659,JARDIN DE DIOS,7,SANTA CRUZ,701,ANDRES IBAÑEZ,70101,CAPITAL (SANTA CRUZ DE LA SIERRA),7063,SANTA CRUZ 3,U,Urbana,0,Privada,1,Inicial,41,81980892,1,Solo inicial
2024,81981666,PRINCIPES Y PRINCESAS,7,SANTA CRUZ,701,ANDRES IBAÑEZ,70101,CAPITAL (SANTA CRUZ DE LA SIERRA),7062,SANTA CRUZ 2,U,Urbana,0,Privada,1,Inicial,80,81980895,1,Solo inicial
2024,81981672,TIERRAS NUEVAS EL CARMEN,7,SANTA CRUZ,701,ANDRES IBAÑEZ,70101,CAPITAL (SANTA CRUZ DE LA SIERRA),7062,SANTA CRUZ 2,U,Urbana,1,Fiscal,1,Inicial,176,81980811,1,Solo inicial
2024,81981673,MODULO 24  DE JUNIO,7,SANTA CRUZ,701,ANDRES IBAÑEZ,70101,CAPITAL (SANTA CRUZ DE LA SIERRA),7068,PLAN TRES MIL,U,Urbana,1,Fiscal,1,Inicial,257,81980900,1,Solo inicial
2024,81981674,UNION TERRADO B,7,SANTA CRUZ,701,ANDRES IBAÑEZ,70101,CAPITAL (SANTA CRUZ DE LA SIERRA),7068,PLAN TRES MIL,U,Urbana,1,Fiscal,1,Inicial,123,81980901,2,Solo inicial
2024,81981675,ROCA Y CORONADO II,7,SANTA CRUZ,701,ANDRES IBAÑEZ,70101,CAPITAL (SANTA CRUZ DE LA SIERRA),7068,PLAN TRES MIL,U,Urbana,1,Fiscal,1,Inicial,178,81980902,1,Solo inicial
2024,81981676,INICIAL ROCA Y CORONADO TURNO TARDE,7,SANTA CRUZ,701,ANDRES IBAÑEZ,70101,CAPITAL (SANTA CRUZ DE LA SIERRA),7068,PLAN TRES MIL,U,Urbana,1,Fiscal,1,Inicial,150,81980902,2,Solo inicial
2024,81981681,INTERNACIONAL,7,SANTA CRUZ,701,ANDRES IBAÑEZ,70101,CAPITAL (SANTA CRUZ DE LA SIERRA),7063,SANTA CRUZ 3,U,Urbana,1,Fiscal,1,Inicial,128,81980644,2,Solo inicial
2024,81981682,FERROVIARIO GUARACACHI,7,SANTA CRUZ,701,ANDRES IBAÑEZ,70101,CAPITAL (SANTA CRUZ DE LA SIERRA),7063,SANTA CRUZ 3,U,Urbana,1,Fiscal,1,Inicial,141,81980908,1,Solo inicial
2024,81981684,SANTA FE,7,SANTA CRUZ,701,ANDRES IBAÑEZ,70101,CAPITAL (SANTA CRUZ DE LA SIERRA),7061,SANTA CRUZ 1,U,Urbana,0,Privada,1,Inicial,86,81980909,1,Solo inicial
2024,81981685,JARDIN DE COLORES,7,SANTA CRUZ,701,ANDRES IBAÑEZ,70101,CAPITAL (SANTA CRUZ DE LA SIERRA),7061,SANTA CRUZ 1,U,Urbana,0,Privada,1,Inicial,16,81980910,1,Solo inicial
2024,81981686,MADRE CLARA RICCI A,7,SANTA CRUZ,701,ANDRES IBAÑEZ,70101,CAPITAL (SANTA CRUZ DE LA SIERRA),7063,SANTA CRUZ 3,U,Urbana,1,Fiscal,1,Inicial,173,81980518,1,Solo inicial
2024,81981688,GRUMATI S.R.L.,7,SANTA CRUZ,701,ANDRES IBAÑEZ,70101,CAPITAL (SANTA CRUZ DE LA SIERRA),7061,SANTA CRUZ 1,U,Urbana,0,Privada,1,Inicial,13,81980911,1,Solo inicial
2024,81981689,ANGELITOS DE JESUS,7,SANTA CRUZ,701,ANDRES IBAÑEZ,70101,CAPITAL (SANTA CRUZ DE LA SIERRA),7063,SANTA CRUZ 3,U,Urbana,0,Privada,1,Inicial,49,81980912,1,Solo inicial
2024,81981719,MONTESSORILANDIA,7,SANTA CRUZ,701,ANDRES IBAÑEZ,70101,CAPITAL (SANTA CRUZ DE LA SIERRA),7061,SANTA CRUZ 1,U,Urbana,0,Privada,1,Inicial,40,81980942,1,Solo inicial
2024,81981721,INTELECTO,7,SANTA CRUZ,701,ANDRES IBAÑEZ,70101,CAPITAL (SANTA CRUZ DE LA SIERRA),7063,SANTA CRUZ 3,U,Urbana,0,Privada,1,Inicial,17,81980944,1,Solo inicial
2024,81981722,COLORIN COLORADO,7,SANTA CRUZ,701,ANDRES IBAÑEZ,70101,CAPITAL (SANTA CRUZ DE LA SIERRA),7062,SANTA CRUZ 2,U,Urbana,0,Privada,1,Inicial,30,81980945,1,Solo inicial
2024,81981724,GENIOS SANTA CRUZ,7,SANTA CRUZ,701,ANDRES IBAÑEZ,70101,CAPITAL (SANTA CRUZ DE LA SIERRA),7062,SANTA CRUZ 2,U,Urbana,0,Privada,1,Inicial,37,81980948,1,Solo inicial
2024,81981744,JORGE URENDA TRIGO II,7,SANTA CRUZ,701,ANDRES IBAÑEZ,70101,CAPITAL (SANTA CRUZ DE LA SIERRA),7062,SANTA CRUZ 2,U,Urbana,1,Fiscal,1,Inicial,119,81980997,1,Solo inicial
2024,81981760,MUNICIPAL 3 DE MAYO,7,SANTA CRUZ,701,ANDRES IBAÑEZ,70101,CAPITAL (SANTA CRUZ DE LA SIERRA),7068,PLAN TRES MIL,U,Urbana,1,Fiscal,1,Inicial,228,81981002,4,Solo inicial
2024,81981762,FINLANDES II AMIGOS DE JESUS,7,SANTA CRUZ,701,ANDRES IBAÑEZ,70101,CAPITAL (SANTA CRUZ DE LA SIERRA),7062,SANTA CRUZ 2,U,Urbana,0,Privada,1,Inicial,69,81981003,1,Solo inicial
2024,71980006,DAMIAN AÑEZ CALLAU,7,SANTA CRUZ,701,ANDRES IBAÑEZ,70102,COTOCA,7002,COTOCA,U,Urbana,1,Fiscal,1,Inicial,319,71980004,1,Solo inicial
2024,71980038,HILDA ESCALANTE JUSTINIANO,7,SANTA CRUZ,701,ANDRES IBAÑEZ,70102,COTOCA,7002,COTOCA,U,Urbana,1,Fiscal,1,Inicial,281,71980004,2,Solo inicial
2024,71980073,OSCAR ALFARO B,7,SANTA CRUZ,701,ANDRES IBAÑEZ,70102,COTOCA,7002,COTOCA,R,Rural,1,Fiscal,1,Inicial,155,71980061,1,Solo inicial
2024,71980079,JANSSEN,7,SANTA CRUZ,701,ANDRES IBAÑEZ,70102,COTOCA,7002,COTOCA,R,Rural,0,Privada,1,Inicial,18,71980066,1,Solo inicial
2024,51980002,IDDA SENZANO DE STOLZE,7,SANTA CRUZ,701,ANDRES IBAÑEZ,70104,LA GUARDIA,7004,LA GUARDIA,U,Urbana,1,Fiscal,1,Inicial,181,51980024,4,Solo inicial
2024,51980020,ROTARY CLUB MAMINCO,7,SANTA CRUZ,701,ANDRES IBAÑEZ,70104,LA GUARDIA,7004,LA GUARDIA,U,Urbana,1,Fiscal,1,Inicial,341,51980006,4,Solo inicial
2024,51980064,CASA DE SARA,7,SANTA CRUZ,701,ANDRES IBAÑEZ,70104,LA GUARDIA,7004,LA GUARDIA,U,Urbana,0,Privada,1,Inicial,76,51980063,1,Solo inicial
2024,51980072,LA FUENTE,7,SANTA CRUZ,701,ANDRES IBAÑEZ,70104,LA GUARDIA,7004,LA GUARDIA,U,Urbana,1,Fiscal,1,Inicial,106,51980069,1,Solo inicial
2024,51980112,MISIONES DEL CARMEN,7,SANTA CRUZ,701,ANDRES IBAÑEZ,70104,LA GUARDIA,7004,LA GUARDIA,U,Urbana,1,Fiscal,1,Inicial,186,51980061,1,Solo inicial
2024,51980126,PLAZA MAYOR,7,SANTA CRUZ,701,ANDRES IBAÑEZ,70104,LA GUARDIA,7004,LA GUARDIA,U,Urbana,1,Fiscal,1,Inicial,37,51980098,1,Solo inicial
2024,51980128,EDEN MONTESSORI,7,SANTA CRUZ,701,ANDRES IBAÑEZ,70104,LA GUARDIA,7004,LA GUARDIA,U,Urbana,0,Privada,1,Inicial,10,51980099,1,Solo inicial
2024,41980064,PINOCHO,7,SANTA CRUZ,701,ANDRES IBAÑEZ,70105,EL TORNO,7005,EL TORNO,U,Urbana,1,Fiscal,1,Inicial,125,41980055,4,Solo inicial
2024,41980065,SANTA RITA,7,SANTA CRUZ,701,ANDRES IBAÑEZ,70105,EL TORNO,7005,EL TORNO,U,Urbana,1,Fiscal,1,Inicial,126,41980056,1,Solo inicial
2024,81970016,ELVIRA CUELLAR DE VACA DIAZ,7,SANTA CRUZ,702,WARNES,70201,WARNES,7006,WARNES,U,Urbana,1,Fiscal,1,Inicial,234,81970061,4,Solo inicial
2024,81970056,NIÑO JESUS,7,SANTA CRUZ,702,WARNES,70201,WARNES,7006,WARNES,R,Rural,1,Fiscal,1,Inicial,9,81970023,1,Solo inicial
2024,81970083,MI NIDITO,7,SANTA CRUZ,702,WARNES,70201,WARNES,7006,WARNES,R,Rural,1,Fiscal,1,Inicial,48,81970026,1,Solo inicial
2024,81970102,CRUZ ROJA WARNES,7,SANTA CRUZ,702,WARNES,70201,WARNES,7006,WARNES,U,Urbana,0,Privada,1,Inicial,73,81970085,4,Solo inicial
2024,81970135,MUNDO DE AMOR,7,SANTA CRUZ,702,WARNES,70201,WARNES,7006,WARNES,R,Rural,0,Privada,1,Inicial,24,81970114,1,Solo inicial
2024,81970145,ISLA DE LOS SUEÑOS,7,SANTA CRUZ,702,WARNES,70201,WARNES,7006,WARNES,R,Rural,0,Privada,1,Inicial,62,81970124,1,Solo inicial
2024,81960002,JULIO CAMACHO MORALES,7,SANTA CRUZ,703,VELASCO,70301,SAN IGNACIO DE VELASCO,7007,SAN IGNACIO (C. SAN IGNACIO DE VELASCO),U,Urbana,1,Fiscal,1,Inicial,90,81960054,1,Solo inicial
2024,81960011,SAN TARSICIO,7,SANTA CRUZ,703,VELASCO,70301,SAN IGNACIO DE VELASCO,7007,SAN IGNACIO (C. SAN IGNACIO DE VELASCO),U,Urbana,1,Fiscal,1,Inicial,216,81960068,1,Solo inicial
2024,81960078,SAN FRANCISCO DE ASIS A,7,SANTA CRUZ,703,VELASCO,70301,SAN IGNACIO DE VELASCO,7007,SAN IGNACIO (C. SAN IGNACIO DE VELASCO),U,Urbana,1,Fiscal,1,Inicial,175,81960061,1,Solo inicial
2024,71960002,SANTA TERESITA B,7,SANTA CRUZ,703,VELASCO,70302,SAN MIGUEL DE VELASCO,7008,SAN MIGUEL (C. SAN MIGUEL DE VELASCO),U,Urbana,1,Fiscal,1,Inicial,179,71960036,1,Solo inicial
2024,71960040,SINAI,7,SANTA CRUZ,703,VELASCO,70302,SAN MIGUEL DE VELASCO,7008,SAN MIGUEL (C. SAN MIGUEL DE VELASCO),R,Rural,1,Fiscal,1,Inicial,11,71960039,1,Solo inicial
2024,61960013,MONSEÑOR BONIFACIO,7,SANTA CRUZ,703,VELASCO,70303,SAN RAFAEL,7009,SAN RAFAEL,U,Urbana,1,Fiscal,1,Inicial,133,61960007,1,Solo inicial
2024,81950005,ROGELIO JIMENEZ,7,SANTA CRUZ,704,ICHILO,70401,BUENA VISTA,7010,BUENA VISTA,U,Urbana,1,Fiscal,1,Inicial,148,81950004,1,Solo inicial
2024,81950117,EL REINOBV,7,SANTA CRUZ,704,ICHILO,70401,BUENA VISTA,7010,BUENA VISTA,U,Urbana,0,Privada,1,Inicial,24,81950116,1,Solo inicial
2024,71950005,TARCISIO DEL FABRO,7,SANTA CRUZ,704,ICHILO,70402,SAN CARLOS,7011,SAN CARLOS,U,Urbana,1,Fiscal,1,Inicial,55,71950028,1,Solo inicial
2024,61950069,MANANTIAL DEL SABER,7,SANTA CRUZ,704,ICHILO,70403,YAPACANI,7012,YAPACANI,U,Urbana,0,Privada,1,Inicial,75,61950067,1,Solo inicial
2024,71950063,SAGRADO CORAZON 1,7,SANTA CRUZ,704,ICHILO,70404,SAN JUAN,7066,SAN JUAN DE YAPACANI,U,Urbana,1,Fiscal,1,Inicial,106,71950057,1,Solo inicial
2024,81940028,SAN FRANCISCO,7,SANTA CRUZ,705,CHIQUITOS,70501,SAN JOSE DE CHIQUITOS,7013,SAN JOSE (C. SAN JOSE DE CHIQUITOS),R,Rural,1,Fiscal,1,Inicial,220,81940032,1,Solo inicial
2024,71940033,NIÑO JESUS,7,SANTA CRUZ,705,CHIQUITOS,70502,PAILON,7014,PAILON,U,Urbana,1,Fiscal,1,Inicial,92,71940030,1,Solo inicial
2024,61940010,DON BOSCO FE Y ALEGRIA II,7,SANTA CRUZ,705,CHIQUITOS,70503,ROBORE,7015,ROBORE,R,Rural,1,Fiscal,1,Inicial,79,61940021,2,Solo inicial
2024,61940017,URASIVIQUIA,7,SANTA CRUZ,705,CHIQUITOS,70503,ROBORE,7015,ROBORE,R,Rural,1,Fiscal,1,Inicial,10,61940015,1,Solo inicial
2024,61940023,SAN FRANCISCO DE ASIS I,7,SANTA CRUZ,705,CHIQUITOS,70503,ROBORE,7015,ROBORE,R,Rural,1,Fiscal,1,Inicial,74,61940019,1,Solo inicial
2024,61940064,EL SALVADOR,7,SANTA CRUZ,705,CHIQUITOS,70503,ROBORE,7015,ROBORE,R,Rural,1,Fiscal,1,Inicial,1,61940050,1,Solo inicial
2024,81930006,JULIA IBAÑEZ DE MENDEZ,7,SANTA CRUZ,706,SARA,70601,PORTACHUELO,7016,PORTACHUELO,U,Urbana,1,Fiscal,1,Inicial,153,81930034,1,Solo inicial
2024,81930053,NIÑO JESUS,7,SANTA CRUZ,706,SARA,70601,PORTACHUELO,7016,PORTACHUELO,U,Urbana,1,Fiscal,1,Inicial,236,81930054,4,Solo inicial
2024,81930063,YOLANDA DORADO MENDEZ,7,SANTA CRUZ,706,SARA,70601,PORTACHUELO,7016,PORTACHUELO,U,Urbana,1,Fiscal,1,Inicial,109,81930065,2,Solo inicial
2024,81930064,GILBERTO MENDEZ PARADA,7,SANTA CRUZ,706,SARA,70601,PORTACHUELO,7016,PORTACHUELO,U,Urbana,1,Fiscal,1,Inicial,50,81930066,1,Solo inicial
2024,71930050,ELIGIO RIVERO,7,SANTA CRUZ,706,SARA,70602,SANTA ROSA DEL SARA,7017,SANTA ROSA DEL SARA,R,Rural,1,Fiscal,1,Inicial,160,71930051,1,Solo inicial
2024,71920062,CARLOS LABORDE PULIDO FE Y ALEGRIA,7,SANTA CRUZ,707,CORDILLERA,70702,CHARAGUA,7019,CHARAGUA,U,Urbana,1,Fiscal,1,Inicial,103,71920061,1,Solo inicial
2024,71920078,EL RETOÑO,7,SANTA CRUZ,707,CORDILLERA,70702,CHARAGUA,7019,CHARAGUA,R,Rural,1,Fiscal,1,Inicial,2,71920076,1,Solo inicial
2024,31920006,GRACIELA CORTEZ DE DELGADILLO,7,SANTA CRUZ,707,CORDILLERA,70706,CAMIRI,7023,CAMIRI,U,Urbana,1,Fiscal,1,Inicial,255,31920030,1,Solo inicial
2024,31920020,SAN ANTONIO,7,SANTA CRUZ,707,CORDILLERA,70706,CAMIRI,7023,CAMIRI,U,Urbana,1,Fiscal,1,Inicial,124,31920055,1,Solo inicial
2024,31920050,21 DE DICIEMBRE,7,SANTA CRUZ,707,CORDILLERA,70706,CAMIRI,7023,CAMIRI,U,Urbana,0,Privada,1,Inicial,12,31920040,2,Solo inicial
2024,81910004,SANTA MARIA,7,SANTA CRUZ,708,VALLEGRANDE,70801,VALLEGRANDE,7025,VALLE GRANDE (C. JESUS DE VALLE GRANDE),U,Urbana,1,Fiscal,1,Inicial,135,81910077,1,Solo inicial
2024,81910005,SOR KUNIBERTHA BROECKER,7,SANTA CRUZ,708,VALLEGRANDE,70801,VALLEGRANDE,7025,VALLE GRANDE (C. JESUS DE VALLE GRANDE),U,Urbana,1,Fiscal,1,Inicial,120,81910077,2,Solo inicial
2024,81910087,AGUADITAS,7,SANTA CRUZ,708,VALLEGRANDE,70801,VALLEGRANDE,7025,VALLE GRANDE (C. JESUS DE VALLE GRANDE),R,Rural,1,Fiscal,2,Primaria,0,81910002,1,Matrícula total cero
2024,71910002,12 DE ABRIL,7,SANTA CRUZ,708,VALLEGRANDE,70802,TRIGAL,7026,TRIGAL,R,Rural,1,Fiscal,1,Inicial,20,71910022,1,Solo inicial
2024,61910009,AÑAPANCO,7,SANTA CRUZ,708,VALLEGRANDE,70803,MORO MORO,7027,MORO MORO,R,Rural,1,Fiscal,1,Inicial,1,61910003,1,Solo inicial
2024,41910014,SALCIPUEDES GRANDE,7,SANTA CRUZ,708,VALLEGRANDE,70805,PUCARA,7029,PUCARA,R,Rural,1,Fiscal,1,Inicial,2,41910015,1,Solo inicial
2024,81900026,MAURA SAAVEDRA DE CORNEJO,7,SANTA CRUZ,709,FLORIDA,70901,SAMAIPATA,7030,SAMAIPATA,U,Urbana,1,Fiscal,1,Inicial,100,81900017,2,Solo inicial
2024,81901003,ARCO IRIS,7,SANTA CRUZ,709,FLORIDA,70901,SAMAIPATA,7030,SAMAIPATA,U,Urbana,1,Fiscal,1,Inicial,71,81900038,1,Solo inicial
2024,61900014,URBANO PATIÑO,7,SANTA CRUZ,709,FLORIDA,70903,MAIRANA,7032,MAIRANA,U,Urbana,1,Fiscal,1,Inicial,216,61900006,1,Solo inicial
2024,81890005,SAN ANTONIO,7,SANTA CRUZ,710,OBISPO SANTIESTEVAN,71001,MONTERO,7034,MONTERO,U,Urbana,1,Fiscal,1,Inicial,275,81890039,2,Solo inicial
2024,81890023,INMACULADA CONCEPCION,7,SANTA CRUZ,710,OBISPO SANTIESTEVAN,71001,MONTERO,7034,MONTERO,U,Urbana,1,Fiscal,1,Inicial,235,81890007,4,Solo inicial
2024,81890050,TEOFILO YURI,7,SANTA CRUZ,710,OBISPO SANTIESTEVAN,71001,MONTERO,7034,MONTERO,U,Urbana,1,Fiscal,1,Inicial,304,81890011,4,Solo inicial
2024,81890065,SANTA MARIA MAZZARELLO D,7,SANTA CRUZ,710,OBISPO SANTIESTEVAN,71001,MONTERO,7034,MONTERO,U,Urbana,1,Fiscal,1,Inicial,124,81890041,2,Solo inicial
2024,81890074,LAURA VICUÑA,7,SANTA CRUZ,710,OBISPO SANTIESTEVAN,71001,MONTERO,7034,MONTERO,U,Urbana,1,Fiscal,1,Inicial,219,81890018,4,Solo inicial
2024,81890087,SANTA MARIA MAZZARELLO C,7,SANTA CRUZ,710,OBISPO SANTIESTEVAN,71001,MONTERO,7034,MONTERO,U,Urbana,0,Privada,1,Inicial,121,81890041,1,Solo inicial
2024,81890096,ROLANDO ORTIZ,7,SANTA CRUZ,710,OBISPO SANTIESTEVAN,71001,MONTERO,7034,MONTERO,U,Urbana,1,Fiscal,1,Inicial,191,81890093,4,Solo inicial
2024,81890104,AUGUSTO GUTIERREZ,7,SANTA CRUZ,710,OBISPO SANTIESTEVAN,71001,MONTERO,7034,MONTERO,U,Urbana,1,Fiscal,1,Inicial,161,81890101,1,Solo inicial
2024,81890109,NIDITO,7,SANTA CRUZ,710,OBISPO SANTIESTEVAN,71001,MONTERO,7034,MONTERO,U,Urbana,0,Privada,1,Inicial,22,81890105,1,Solo inicial
2024,81890111,DIVINO NIÑO,7,SANTA CRUZ,710,OBISPO SANTIESTEVAN,71001,MONTERO,7034,MONTERO,U,Urbana,1,Fiscal,1,Inicial,186,81890107,1,Solo inicial
2024,81890138,MI PAMPITA,7,SANTA CRUZ,710,OBISPO SANTIESTEVAN,71001,MONTERO,7034,MONTERO,U,Urbana,1,Fiscal,1,Inicial,136,81890125,1,Solo inicial
2024,81890143,RAYITO DE LUZ,7,SANTA CRUZ,710,OBISPO SANTIESTEVAN,71001,MONTERO,7034,MONTERO,U,Urbana,0,Privada,1,Inicial,36,81890130,1,Solo inicial
2024,61890003,ALICE ALVAREZ DE ARREDONDO II,7,SANTA CRUZ,710,OBISPO SANTIESTEVAN,71003,MINEROS,7036,MINEROS,U,Urbana,1,Fiscal,1,Inicial,312,61890032,4,Solo inicial
2024,61890004,EDITH VALERIA CHOQUE,7,SANTA CRUZ,710,OBISPO SANTIESTEVAN,71003,MINEROS,7036,MINEROS,U,Urbana,1,Fiscal,1,Inicial,20,61890092,1,Solo inicial
2024,51890002,RENE BARRIENTOS ORTUÑO,7,SANTA CRUZ,710,OBISPO SANTIESTEVAN,71004,FERNANDEZ ALONSO,7036,MINEROS,U,Urbana,1,Fiscal,1,Inicial,27,51890002,1,Solo inicial
2024,61890037,MAX FERNANDEZ ROJAS,7,SANTA CRUZ,710,OBISPO SANTIESTEVAN,71004,FERNANDEZ ALONSO,7036,MINEROS,U,Urbana,1,Fiscal,1,Inicial,78,51890004,1,Solo inicial
2024,61890040,JOSE BENEDICTO DAVALOS,7,SANTA CRUZ,710,OBISPO SANTIESTEVAN,71004,FERNANDEZ ALONSO,7036,MINEROS,U,Urbana,1,Fiscal,1,Inicial,35,61890044,1,Solo inicial
2024,61890064,JARDIN DEL NIÑO,7,SANTA CRUZ,710,OBISPO SANTIESTEVAN,71004,FERNANDEZ ALONSO,7036,MINEROS,R,Rural,1,Fiscal,1,Inicial,28,61890002,1,Solo inicial
2024,41890004,12 DE ABRIL,7,SANTA CRUZ,710,OBISPO SANTIESTEVAN,71005,SAN PEDRO,7036,MINEROS,R,Rural,1,Fiscal,1,Inicial,27,41890003,1,Solo inicial
2024,61890071,MARIA RONZANI,7,SANTA CRUZ,710,OBISPO SANTIESTEVAN,71005,SAN PEDRO,7036,MINEROS,R,Rural,1,Fiscal,1,Inicial,58,61890075,1,Solo inicial
2024,61890087,DOMINGO SAVIO,7,SANTA CRUZ,710,OBISPO SANTIESTEVAN,71005,SAN PEDRO,7036,MINEROS,U,Urbana,1,Fiscal,1,Inicial,109,61890055,1,Solo inicial
2024,61890093,MADRE MARIA FRANCISCA DE SANCTIS,7,SANTA CRUZ,710,OBISPO SANTIESTEVAN,71005,SAN PEDRO,7036,MINEROS,U,Urbana,1,Fiscal,1,Inicial,89,61890018,1,Solo inicial
2024,61890101,24 DE JUNIO II,7,SANTA CRUZ,710,OBISPO SANTIESTEVAN,71005,SAN PEDRO,7036,MINEROS,R,Rural,1,Fiscal,1,Inicial,64,41890006,1,Solo inicial
2024,81880002,GERMAN BUSCH,7,SANTA CRUZ,711,ÑUFLO DE CHAVEZ,71101,CONCEPCION,7037,CONCEPCION,U,Urbana,1,Fiscal,1,Inicial,223,81880011,1,Solo inicial
2024,81880098,NEISA LUCIA FLORES FRANCO,7,SANTA CRUZ,711,ÑUFLO DE CHAVEZ,71101,CONCEPCION,7037,CONCEPCION,U,Urbana,1,Fiscal,1,Inicial,138,81880083,1,Solo inicial
2024,81880104,DIVINO NIÑO JESUS,7,SANTA CRUZ,711,ÑUFLO DE CHAVEZ,71101,CONCEPCION,7037,CONCEPCION,U,Urbana,1,Fiscal,1,Inicial,123,81880089,1,Solo inicial
2024,71880003,SAN FRANCISCO DE ASIS A,7,SANTA CRUZ,711,ÑUFLO DE CHAVEZ,71102,SAN JAVIER,7038,SAN JAVIER,U,Urbana,1,Fiscal,1,Inicial,169,71880025,4,Solo inicial
2024,61880183,ENRIQUE DE OSSO IV,7,SANTA CRUZ,711,ÑUFLO DE CHAVEZ,71104,SAN JULIAN,7039,SAN JULIAN,U,Urbana,1,Fiscal,1,Inicial,180,61880176,4,Solo inicial
2024,81880071,SANTA LUCIA,7,SANTA CRUZ,711,ÑUFLO DE CHAVEZ,71105,SAN ANTONIO DE LOMERIO,7067,SAN ANTONIO DE LOMERIO,R,Rural,1,Fiscal,1,Inicial,53,81880037,1,Solo inicial
2024,81870004,WALTER OTTO NETZ,7,SANTA CRUZ,712,ANGEL SANDOVAL,71201,SAN MATIAS,7040,SAN MATIAS,U,Urbana,1,Fiscal,1,Inicial,133,81870028,1,Solo inicial
2024,81860004,SANTA ROSA DE LIMA,7,SANTA CRUZ,713,MANUEL MARIA CABALLERO,71301,COMARAPA,7041,COMARAPA,U,Urbana,1,Fiscal,1,Inicial,245,81860008,4,Solo inicial
2024,71860001,SANTA ROSA,7,SANTA CRUZ,713,MANUEL MARIA CABALLERO,71302,SAIPINA,7042,SAIPINA,U,Urbana,1,Fiscal,1,Inicial,121,71860014,1,Solo inicial
2024,81850029,JESUS VESPA DE ANTELO,7,SANTA CRUZ,714,GERMAN BUSCH,71401,PUERTO SUAREZ,7043,PUERTO SUAREZ,U,Urbana,1,Fiscal,1,Inicial,14,81850017,1,Solo inicial
2024,81850032,BANANAL,7,SANTA CRUZ,714,GERMAN BUSCH,71401,PUERTO SUAREZ,7043,PUERTO SUAREZ,R,Rural,1,Fiscal,1,Inicial,36,81850028,1,Solo inicial
2024,81850039,FILOMENA VDA. DE PEINADO,7,SANTA CRUZ,714,GERMAN BUSCH,71401,PUERTO SUAREZ,7043,PUERTO SUAREZ,U,Urbana,1,Fiscal,1,Inicial,150,81850018,1,Solo inicial
2024,81850058,MADRE CLARA RICCI 1,7,SANTA CRUZ,714,GERMAN BUSCH,71401,PUERTO SUAREZ,7043,PUERTO SUAREZ,U,Urbana,1,Fiscal,1,Inicial,111,81850003,1,Solo inicial
2024,81850025,EL CARMEN KM. 14,7,SANTA CRUZ,714,GERMAN BUSCH,71403,EL CARMEN RIVERO TORREZ,7043,PUERTO SUAREZ,R,Rural,1,Fiscal,1,Inicial,10,81850034,1,Solo inicial
2024,81840001,MI DULCE HOGAR,7,SANTA CRUZ,715,GUARAYOS,71501,ASCENSION DE GUARAYOS,7045,ASCENCION DE GUARAYOS,U,Urbana,1,Fiscal,1,Inicial,301,81840032,4,Solo inicial
2024,71840006,MARIA INES,7,SANTA CRUZ,715,GUARAYOS,71502,URUBICHA,7046,URUBICHA,U,Urbana,1,Fiscal,1,Inicial,98,71840010,1,Solo inicial
2024,61840043,ELIZARDO PEREZ I,7,SANTA CRUZ,715,GUARAYOS,71503,EL PUENTE,7047,EL PUENTE,R,Rural,1,Fiscal,4,Secundaria,0,61840040,2,Matrícula total cero
2024,82230017,ACCION SOCIAL,8,BENI,801,CERCADO,80101,CAPITAL (TRINIDAD),8001,TRINIDAD,U,Urbana,1,Fiscal,1,Inicial,89,82230012,4,Solo inicial
2024,82230027,RAFAEL SEEGHERS,8,BENI,801,CERCADO,80101,CAPITAL (TRINIDAD),8001,TRINIDAD,U,Urbana,1,Fiscal,1,Inicial,272,82230018,1,Solo inicial
2024,82230028,REPUBLICA ARGENTINA,8,BENI,801,CERCADO,80101,CAPITAL (TRINIDAD),8001,TRINIDAD,U,Urbana,1,Fiscal,1,Inicial,248,82230018,2,Solo inicial
2024,82230133,MUNDO MAGICO,8,BENI,801,CERCADO,80101,CAPITAL (TRINIDAD),8001,TRINIDAD,U,Urbana,0,Privada,1,Inicial,64,82230098,1,Solo inicial
2024,82230151,PLANETA BEBE,8,BENI,801,CERCADO,80101,CAPITAL (TRINIDAD),8001,TRINIDAD,R,Rural,0,Privada,1,Inicial,11,82230115,1,Solo inicial
2024,82220013,BENITO JUAREZ,8,BENI,802,VACA DIEZ,80201,RIBERALTA,8003,RIBERALTA,U,Urbana,1,Fiscal,1,Inicial,347,82220017,1,Solo inicial
2024,82220227,MUNDO ARDILLITAS,8,BENI,802,VACA DIEZ,80201,RIBERALTA,8003,RIBERALTA,U,Urbana,0,Privada,1,Inicial,6,82220201,1,Solo inicial
2024,72220022,21 DE SEPTIEMBRE,8,BENI,802,VACA DIEZ,80202,PUERTO GUAYARAMERIN,8004,GUAYARAMERIN,U,Urbana,1,Fiscal,1,Inicial,244,72220019,1,Solo inicial
2024,72220023,BOLIVIA,8,BENI,802,VACA DIEZ,80202,PUERTO GUAYARAMERIN,8004,GUAYARAMERIN,U,Urbana,1,Fiscal,1,Inicial,191,72220019,2,Solo inicial
2024,72220088,LAS ARDILLITAS,8,BENI,802,VACA DIEZ,80202,PUERTO GUAYARAMERIN,8004,GUAYARAMERIN,U,Urbana,0,Privada,1,Inicial,19,72220065,1,Solo inicial
2024,72220091,PAPIOS S.R.L.,8,BENI,802,VACA DIEZ,80202,PUERTO GUAYARAMERIN,8004,GUAYARAMERIN,U,Urbana,0,Privada,1,Inicial,46,72220068,1,Solo inicial
2024,62210002,ISABEL RIOJA CUELLAR,8,BENI,803,GENERAL JOSE BALLIVIAN,80303,SANTA ROSA,8007,SANTA ROSA,U,Urbana,1,Fiscal,1,Inicial,213,62210026,1,Solo inicial
2024,82200011,SILENIA BARBA TELLEZ,8,BENI,804,YACUMA,80401,SANTA ANA DE YACUMA,8009,SANTA ANA/ EXALTACION,U,Urbana,1,Fiscal,1,Inicial,104,82200043,1,Solo inicial
2024,82190001,ORLANDA ROSSEL DE RIVERO,8,BENI,805,MOXOS,80501,SAN IGNACIO,8010,SAN IGNACIO,U,Urbana,1,Fiscal,1,Inicial,161,82190009,1,Solo inicial
2024,72180039,TAJIBOTE,8,BENI,806,MARBAN,80602,SAN ANDRES,8011,SAN ANDRES/ LORETO,R,Rural,1,Fiscal,1,Inicial,1,72180038,1,Solo inicial
2024,82171001,DIVINO PASTOR,8,BENI,807,MAMORE,80701,SAN JOAQUIN,8012,SAN JOAQUIN/ PUERTO SILES,U,Urbana,1,Fiscal,1,Inicial,171,82170007,1,Solo inicial
2024,72170001,EVA CASTEDO LASTRA,8,BENI,807,MAMORE,80702,SAN RAMON,8013,SAN RAMON,U,Urbana,1,Fiscal,1,Inicial,144,72170001,1,Solo inicial
2024,72170006,BUENA VISTA,8,BENI,807,MAMORE,80702,SAN RAMON,8013,SAN RAMON,R,Rural,1,Fiscal,1,Inicial,2,72170005,1,Solo inicial
2024,82160015,MARIA LUISA DE ARAMAYO,8,BENI,808,ITENEZ,80801,MAGDALENA,8014,MAGDALENA/ BAURES/ HUACARAJE,U,Urbana,1,Fiscal,1,Inicial,147,82160072,1,Solo inicial
2024,82160019,ANGELICA BARTHELEMY DE OJOPI,8,BENI,808,ITENEZ,80802,BAURES,8014,MAGDALENA/ BAURES/ HUACARAJE,U,Urbana,1,Fiscal,1,Inicial,87,82160065,1,Solo inicial
2024,82160008,RAUL SALAZAR RIVERO,8,BENI,808,ITENEZ,80803,HUACARAJE,8014,MAGDALENA/ BAURES/ HUACARAJE,U,Urbana,1,Fiscal,1,Inicial,73,62160001,1,Solo inicial
2024,82480001,VICTOR LEON ARRUETA PELAES,9,PANDO,901,NICOLAS SUAREZ,90101,CAPITAL (COBIJA),9001,SANTA CRUZ (C. COBIJA),U,Urbana,1,Fiscal,1,Inicial,432,82480007,1,Solo inicial
2024,82480051,CASILDA MARTINS RIVERO,9,PANDO,901,NICOLAS SUAREZ,90101,CAPITAL (COBIJA),9001,SANTA CRUZ (C. COBIJA),U,Urbana,1,Fiscal,1,Inicial,179,82480007,2,Solo inicial
2024,82480062,NANDY -  ACUARELA,9,PANDO,901,NICOLAS SUAREZ,90101,CAPITAL (COBIJA),9001,SANTA CRUZ (C. COBIJA),U,Urbana,0,Privada,1,Inicial,13,82480057,1,Solo inicial
2024,82470067,ALFREDO LANDIVAR RUIZ,9,PANDO,902,MANURIPI,90201,PUERTO RICO,9004,VICTORIA (C. PUERTO RICO),R,Rural,1,Fiscal,1,Inicial,1,82470077,1,Solo inicial
2024,62440030,SANTA CRUCITO II,9,PANDO,905,FEDERICO ROMAN,90503,SANTOS MERCADO,9010,NUEVO MANOA (C. NUEVA ESPERANZA)/ VILLA NUEVA/EUREKA (C.SAN),R,Rural,1,Fiscal,2,Primaria,0,62440031,1,Matrícula total cero
