gestion,entidad,inicial,vigente,devengado,pagado,edu_v
2016,1101,726546741,830322540.45,491102458.31,474766764.55,45370000.0
2016,1102,14789785,27512167.51,21288943.05,21283281.05,1612636.29
2016,1103,32703459,39994416.54,31578253.77,30717995.59,2802930.77
2016,1104,16223232,29965022.06,24045006.48,23990168.48,2467499.06
2016,1105,22300063,27169153.53,23200921.33,22907203.46,2481245.84
2016,1106,16345700,29282738.36,23888286.48,23888286.48,1568422.5
2016,1107,22906940,29597136.78,23669091.45,23669091.45,2209234.87
2016,1108,13737998,24674996.59,20589887.18,20126117.79,1816152.64
2016,1109,12165632,17894871.28,12881630.370000001,12252552.81,2505087.86
2016,1110,20283160,33848588.9,25781980.23,25781980.23,1578655.31
2016,1111,13817482,20362464.45,15678269.59,15678269.59,1496489.73
2016,1112,11231458,22804214.66,20396254.07,19416969.73,1674132.13
2016,1113,7269924,13400221.58,10937983.92,10937983.92,917011.97
2016,1114,6409187,14824244.35,11379394.2,11379006.2,975603.97
2016,1115,38685656,78350088.31,59169832.5,59128634.5,6961751.48
2016,1116,13796556,35286647.94,26287414.64,26241723.77,2672139.31
2016,1117,27459453,36251100.27,29930350.44,29930350.44,3624812.92
2016,1118,16261204,20047356.85,18085071.25,17946844.99,2281486.2199999997
2016,1119,25766260,41463456.91,29119997.01,28925893.82,2468293.55
2016,1120,49226028,111836916.57000001,65754501.88,62659122.5,8190780.01
2016,1121,18432975,23681536.66,20953230.47,20953230.47,2769773.0
2016,1122,16864986,22368855.87,17265249.47,16850444.05,1915501.36
2016,1123,5259478,8797301.57,8247844.96,7889680.41,478123.24
2016,1124,40998647,81428560.08,34132045.24,32022691.32,4932765.63
2016,1125,6118886,10167396.18,8475844.15,8475844.15,1030891.3
2016,1126,13915760,23984379.66,19200364.78,19188652.53,1600703.06
2016,1127,3566898,9203284.51,5557963.84,5381532.56,721794.9400000001
2016,1128,11190969,18303855.48,15090412.31,14845132.91,1457891.62
2016,1129,26260693,31242413.36,25811628.44,25458878.35,3608848.0
2016,1201,1833010762,1859193635.05,1277690059.63,1226848068.22,78533093.0
2016,1202,29809624,32569504.56,25932609.6,24987612.7,3049991.04
2016,1203,21658751,33670276.82,27744348.44,27731518.79,2440762.05
2016,1204,42212390,50383740.43,31713811.61,31713811.61,3496050.0
2016,1205,1419450028,1772572901.68,1409485041.85,1380244291.41,123836770.0
2016,1206,133599083,204531831.6,142895481.27,141672307.39,13932236.0
2016,1207,7603360,14745840.75,9025418.73,9025418.73,562899.28
2016,1208,13914253,23209523.85,13283839.91,13080304.9,1366736.1099999999
2016,1209,7896738,19072344.09,10630536.28,10630536.28,843932.89
2016,1210,78260439,161347522.8,87209590.78,84250797.46,4128984.0
2016,1211,40453102,44852041.69,37370141.36,37092981.64,3144608.0
2016,1212,10958106,16840337.85,11923159.459999999,11820803.57,1361013.96
2016,1213,9854517,10105521.62,5613626.63,5613626.63,745050.2
2016,1214,17977691,17983032.41,15734943.04,15074300.96,2100160.9299999997
2016,1215,25743917,35287043.16,26475847.88,25366224.24,3026349.8
2016,1216,14964685,17494663.59,10632481.18,10628886.81,2524241.58
2016,1217,7627123,8460099.58,4573660.22,4550284.22,535649.89
2016,1218,20264715,27909832.68,20800533.82,19469370.63,1633270.98
2016,1219,10558894,18121207.35,13137342.82,13137342.82,915371.51
2016,1220,15338289,38809332.9,23103136.42,22025223.63,1548587.59
2016,1221,22053073,65692501.18,36060223.88,34326639.99,3205207.15
2016,1222,10296838,13311716.3,4706244.4799999995,3680811.64,985122.58
2016,1223,5956896,26705123.8,12477136.1,12225711.52,680844.17
2016,1224,74000539,97207717.83,67082052.69,67074168.69,4681234.71
2016,1225,21237588,23238725.669999998,18085828.14,17854007.88,1030800.0
2016,1226,33167482,61635154.38,35222930.2,35188393.25,2217869.41
2016,1227,17403231,25080837.46,17821578.05,17821492.05,1506927.8800000001
2016,1228,8838508,23522415.72,16025597.540000001,16011301.780000001,876399.19
2016,1229,12842532,18924618.13,10975327.45,10975327.45,382424.8
2016,1230,3573765,9004440.07,6025941.63,6024297.61,291105.0
2016,1231,4987198,8409444.73,4047689.46,4047689.46,512841.0
2016,1232,17322943,32732245.53,15979177.15,15839185.15,1760286.48
2016,1233,6591263,17673299.919999998,9190667.15,9190667.15,762802.0
2016,1234,6560707,11578278.97,7623415.58,7318111.13,419012.28
2016,1235,14802489,23749116.82,17715367.41,17715367.41,1861760.81
2016,1236,10829185,19423802.5,15267517.19,14901567.84,1001654.51
2016,1237,6422420,8720813.629999999,6034260.62,6034260.62,513146.88
2016,1238,12043428,20384519.53,14810228.35,14776163.39,1811385.85
2016,1239,16105788,30110321.48,16928837.28,16928837.28,1936652.26
2016,1240,10494712,30649495.49,21822724.400000002,21822724.400000002,1489072.6199999999
2016,1241,4409911,9316328.959999999,6271879.4799999995,6148602.149999999,511158.0
2016,1242,4524760,10998480.98,5132413.33,5050417.12,352400.0
2016,1243,6861124,10341900.16,8928255.18,8928255.18,397950.61
2016,1244,2262292,3945587.33,512108.57,512031.07,67364.5
2016,1245,7907178,12398322.64,9291572.74,9291572.74,952157.8
2016,1246,18919782,24851480.7,14154142.23,14151645.63,2269177.98
2016,1247,22011408,42340616.86,26906414.93,26906414.93,1760664.28
2016,1248,15505954,30442420.44,22790595.22,22790595.22,1815568.0
2016,1249,24751950,41344422.61,30317430.58,30317430.58,1200252.64
2016,1250,9798391,22743492.81,16200705.08,16095998.68,971084.46
2016,1251,13711019,26211177.79,20976444.78,20475353.47,1321031.12
2016,1252,15017312,22466893.38,16316528.06,15146559.07,1511417.0
2016,1253,13630912,18390485.76,8918413.33,8915513.6,1213258.0
2016,1254,10603649,15062668.66,7190701.69,7190701.69,310147.0
2016,1255,15550200,24527050.4,14465645.07,14465645.07,1624170.0
2016,1256,21085092,49694106.98,23927925.35,23793718.62,1633207.0
2016,1257,28168753,50398357.55,27545485.07,26982265.24,1634150.86
2016,1258,8894107,25340779.529999997,13843626.0,13580425.58,670257.87
2016,1259,29381645,44029007.48,37815463.29,37589542.43,2096608.77
2016,1260,43293821,138094788.92,61983450.47,61943328.23,4337091.77
2016,1261,37591858,66838743.82,44360773.19,44342773.19,3926804.9
2016,1262,26731929,47126593.62,27793905.92,27064389.31,2795000.0
2016,1263,18567277,41138602.34,25695743.63,25694175.24,3600645.64
2016,1264,10641746,14588279.63,11040942.08,11040942.08,1410483.13
2016,1265,22203612,45459706.49,17670752.740000002,17632505.740000002,1525000.0
2016,1266,18646637,51525966.17,26842790.37,26839230.37,2570057.08
2016,1267,12431408,25983898.02,15675172.05,14827435.6,1079661.61
2016,1268,20244656,35208567.53,14843633.1,14163596.48,1011958.05
2016,1269,14135604,26627586.95,20146979.08,20146979.08,1696257.85
2016,1270,3471839,6970431.0200000005,4041550.48,4017256.35,472478.53
2016,1271,11465466,16647176.91,14432277.23,14432277.23,795648.1
2016,1272,9629722,11234924.43,8272152.92,8267186.96,579909.86
2016,1273,4194320,5493978.79,3252223.73,3127870.83,119014.6
2016,1274,7265662,10826222.02,7499954.72,7402459.47,328126.72
2016,1275,3057154,5468972.28,3542826.15,3511491.94,169097.0
2016,1276,16074941,27088099.810000002,13353544.05,13353544.05,1195217.95
2016,1277,10670416,13146195.09,7956072.02,7429227.57,170506.8
2016,1278,8815517,10965879.71,8114370.17,7551919.23,602464.7000000001
2016,1279,25833113,41133067.85,21754508.72,21752092.06,1566003.32
2016,1280,7115428,12565909.18,7138004.26,7049463.29,637106.23
2016,1281,9884174,25720983.49,15942355.28,15586413.79,1067552.13
2016,1282,9311772,13921416.68,11259141.55,11259141.55,814770.0
2016,1283,9681247,15472436.73,10703604.29,10703604.29,1166489.5
2016,1284,6849760,13261894.67,7614694.02,7543937.69,581183.7
2016,1285,15099827,31027663.56,22503218.86,22485198.86,1294706.0
2016,1286,6005780,12042016.64,5810109.48,5801909.48,337236.0
2016,1287,5451298,7793233.02,6600416.03,6290103.88,652750.0
2016,1301,1647252152,1996998939.83,1641028371.67,1609763522.9,93854523.59
2016,1302,297363769,395480392.64,284588130.97,284588130.97,27546681.0
2016,1303,56592173,89779385.91,56826128.62,56826128.62,8136458.25
2016,1304,93338075,119057699.83,86101202.4,84524747.88,11909181.6
2016,1305,75463735,127163528.8,101966284.22,99498754.77,8135108.12
2016,1306,91568545,141551188.39,105232195.8,105232195.8,7923462.0
2016,1307,41796198,64522795.22,42876992.26,42876992.26,5054381.8
2016,1308,9951931,19259139.19,13938987.52,13914242.59,860447.43
2016,1309,8707205,18922592.89,13287107.709999999,13287107.709999999,952856.0
2016,1310,31888057,39571482.73,30591540.3,30345010.5,5179531.36
2016,1311,16247849,22612498.78,18574839.65,18153774.37,3350866.9299999997
2016,1312,297315900,445428689.99,338941476.51,327338075.22,38812796.94
2016,1313,33183466,62377425.699999996,37427285.55,37427285.55,3193248.5
2016,1314,127017680,313243016.03000003,224285249.29999998,224285249.29999998,6667406.07
2016,1315,46207865,101406925.04,84102520.27,84101075.27,3932214.0
2016,1316,9395337,14105583.34,12409213.12,12371697.13,1137975.1300000001
2016,1317,22870214,47692789.01,27105977.25,27105977.25,1997717.0
2016,1318,1633508,5180367.3,2661085.37,2661085.37,120326.57
2016,1319,3628568,10496927.299999999,5835643.4,5815643.4,292916.58
2016,1320,11638916,23852010.8,14304132.790000001,14196274.88,1261000.0
2016,1321,10894831,15820573.34,9785475.89,9785475.89,855208.78
2016,1322,22347704,33584148.58,24659930.4,24659930.4,2323006.43
2016,1323,5951766,13601214.45,7248487.25,7205788.27,1320000.0
2016,1324,30702281,40638080.14,29945717.11,29913717.11,3661099.21
2016,1325,8192300,13065589.82,9578419.64,9578419.64,674649.06
2016,1326,7744745,14170562.57,10924910.57,10679659.99,521131.11
2016,1327,30100920,44165530.57,24376241.14,24376241.14,4516931.149999999
2016,1328,8475192,18304707.38,14748819.33,14748819.33,1537807.47
2016,1329,4483554,21193366.88,10140126.18,10140126.18,1120296.9
2016,1330,30325883,43197399.88,34123722.81,33700273.45,6122773.72
2016,1331,17493861,30594821.36,24332740.47,24004742.96,1672702.8
2016,1332,12302539,22790215.87,13925967.89,13925967.89,1997434.1700000002
2016,1333,14947488,23964863.95,15786049.59,15786049.59,1784996.0
2016,1334,38453415,81304525.22,59885354.01,58936149.31,1035384.83
2016,1335,82602972,170397397.02,130737512.76,128137726.73,8963552.3
2016,1336,10687243,41300729.01,22030742.4,21995743.4,1661324.19
2016,1337,11802147,20207159.06,13459240.76,13208287.51,1468493.88
2016,1338,15512776,20812081.97,13998207.04,13980207.04,2643702.8
2016,1339,15507386,24646558.22,16977293.75,16852034.97,3112840.11
2016,1340,9241748,12535116.73,9235416.67,9233345.62,1446153.0
2016,1341,23920703,44762208.28,32960490.23,32418678.490000002,3837037.02
2016,1342,32338086,53557430.8,40360206.85,40360206.85,3939490.31
2016,1343,6825005,16143376.76,10800172.81,10799472.81,1197624.1
2016,1344,4210811,7249297.26,6288233.12,6288233.12,378644.36
2016,1345,54277948,90504411.58,67800925.34,67799803.34,4183106.57
2016,1346,22872084,26631393.57,23116879.54,23116879.54,2724622.56
2016,1347,26567820,66196214.99,46858877.82,46851520.37,1613905.78
2016,1401,714774592,757534726.62,662095170.03,613709982.22,63771106.2
2016,1402,38597676,70563978.16,46802547.17,46150748.14,5694935.38
2016,1403,13402196,32250505.75,16176265.93,16171237.53,2092874.19
2016,1404,68086319,88995864.71,66484474.8,66362439.1,7726875.96
2016,1405,7440161,14309792.73,6988812.8100000005,6955302.13,1076380.1300000001
2016,1406,42998242,94913731.99,59770240.9,59769274.9,9208939.0
2016,1407,7306294,18877470.57,12681316.0,11635072.959999999,1211325.27
2016,1408,14549340,22255036.18,17841858.28,17733123.58,1647084.0999999999
2016,1409,8893092,15722590.57,11233596.95,11233596.95,1671449.01
2016,1410,11277927,22452439.1,14481757.19,14357292.38,1119483.51
2016,1411,7790628,20560497.08,8509362.290000001,8509362.290000001,1388790.83
2016,1412,21283520,45476808.92,23355135.35,23108739.17,2098368.8
2016,1413,9549226,29053074.650000002,11641325.2,11582554.2,1606834.23
2016,1414,13969949,27813526.7,18744901.53,18744901.53,1904326.91
2016,1415,3379331,7010071.62,3600331.07,3159189.01,428143.0
2016,1416,6761125,25301133.459999997,14548448.6,14548448.6,861506.89
2016,1417,12387223,32957462.75,17782899.18,17782899.18,1148456.35
2016,1418,1505820,5685422.47,2695588.03,2645588.03,290061.1
2016,1419,6382107,14939205.32,10663166.83,10654570.33,741010.71
2016,1420,2965382,9456461.81,5842960.21,5842164.68,148282.0
2016,1421,798199,2488426.54,1520105.21,1517305.21,53809.23
2016,1422,4286084,8319280.27,5273093.41,5272247.26,125836.76
2016,1423,16324802,31500251.64,22495674.73,22495349.23,2367178.86
2016,1424,8105587,16905823.06,11379239.15,11379239.15,1055910.0
2016,1425,4295924,11864680.02,6602001.58,6536905.85,606063.35
2016,1426,18790924,33655156.79,19568842.98,19552614.98,3155975.11
2016,1427,4669627,6972547.74,5321669.97,5321669.97,823495.46
2016,1428,770943,5544949.85,2988593.9,2988593.9,115246.0
2016,1429,1093171,4118515.39,2249088.3,2211017.53,140115.79
2016,1430,1311817,7498461.39,3301665.21,3301665.21,122066.0
2016,1431,12115141,31431629.8,11887603.45,11744112.97,1846804.81
2016,1432,1559676,4011980.41,1635093.3699999999,1635093.3699999999,259884.73
2016,1433,2973111,13130380.94,2825743.25,2825743.25,809645.0
2016,1434,8337443,15536972.38,13399909.48,13361239.6,1128511.0699999998
2016,1435,19728124,35610264.08,23483024.95,23443614.18,3545776.83
2016,1501,330496015,552221935.35,384420267.85,382591397.32,35906827.14
2016,1502,33751394,97003989.34,67111217.87,66713917.870000005,5966248.46
2016,1503,20945685,28494812.61,14939318.84,14939318.84,2722392.55
2016,1504,4120267,12548446.27,8836372.82,8836004.82,507719.0
2016,1505,41249214,49108481.33,33859423.93,33857423.93,6229676.75
2016,1506,22837680,38028453.7,29141931.669999998,25729683.8,3877147.72
2016,1507,161555792,205589150.92,123541727.72,123541136.37,11812895.02
2016,1508,51655952,58174532.9,45957195.13,44245210.52,3168577.0
2016,1509,18604447,31262034.41,22198177.96,22198177.96,1123843.69
2016,1510,18532352,43223077.39,26711479.5,24935861.009999998,2338273.0
2016,1511,56595788,109401542.76,82791167.72,82221527.29,9425620.54
2016,1512,41087147,52671991.65,35152204.69,32976896.75,3909163.9499999997
2016,1513,42930324,93605743.89,56607159.9,56607159.9,7140045.8100000005
2016,1514,58371767,76047381.03,38587137.81,38587137.81,4178817.11
2016,1515,50499001,78678928.08,61759655.19,61759655.19,6312419.5
2016,1516,17640451,42382838.09,30702399.599999998,29049781.87,2338733.9699999997
2016,1517,65204586,103775826.25,37699996.84,37699996.84,5741730.0
2016,1518,14370952,17280585.14,11118217.31,11091704.81,942063.37
2016,1519,102714085,124533755.32,78408278.46,78192268.98,13405088.0
2016,1520,22878668,40835980.52,15418675.75,15418675.75,2213514.5
2016,1521,78261014,96055326.91,72827400.61,72788340.61,6204537.0
2016,1522,2670713,6030177.140000001,1642935.92,1618678.89,162182.0
2016,1523,6847024,12376194.09,8479782.28,8290663.74,713290.28
2016,1524,2632823,5547349.45,3816921.9,3816805.98,180730.0
2016,1525,4188964,6414046.93,4024437.46,3980217.96,194966.0
2016,1526,26597398,56906758.95,41270676.42,39529653.68,4817176.25
2016,1527,14528663,18916845.96,14908555.96,14284127.4,1782915.32
2016,1528,30826936,33374787.73,26185433.06,25911164.29,2586643.46
2016,1529,21587683,38447348.07,20360782.47,20360782.47,1818858.0
2016,1530,39133002,84490765.29,43213557.72,43207915.72,5734146.72
2016,1531,21413325,36982215.42,20158348.21,20072636.71,992326.0
2016,1532,24160108,38786377.2,27358858.47,27358498.47,3522469.0
2016,1533,6424899,11911844.57,7018409.47,6244439.89,872578.0
2016,1534,9981121,15269258.93,13187931.45,12011071.63,1123993.39
2016,1535,7854297,9542357.52,5004630.8,4965285.7700000005,654318.0
2016,1536,3471108,9823552.16,5088650.46,5017377.05,374160.0
2016,1537,74684382,99277904.13,65126768.06,65126648.06,12036667.48
2016,1538,3637784,7440030.2,5657226.72,3364478.97,310596.04
2016,1539,31285003,48905946.73,35598866.59,35360235.87,2881399.88
2016,1540,16252798,21741662.169999998,14032499.440000001,13682601.21,2067619.0
2016,1601,610395549,883834032.46,585605899.95,580527115.62,36483792.0
2016,1602,47831876,86855407.67,48530807.13,48416598.13,4222643.54
2016,1603,87005890,132194674.63000001,83929928.31,82023318.35,6436842.11
2016,1604,287217924,356558808.23,294324563.86,294324563.86,33817154.71
2016,1605,136538521,157235345.82999998,101667761.61,100053945.27,20561434.3
2016,1606,178719293,199436040.8,155074125.73,152466544.09,21895798.95
2016,1607,55556672,65425222.31,34431809.62,34431809.62,4269413.0
2016,1608,15721175,25051659.47,16406593.01,16103712.73,1287477.19
2016,1609,66567421,102749076.23,57737816.19,57737816.19,11549267.91
2016,1610,33372192,45111937.18,31146912.11,31146912.11,3498773.1999999997
2016,1611,69379048,86714410.25,53820111.44,53820111.44,8766737.02
2016,1701,3064861426,3268059238.58,2966257268.89,2942825470.7599998,225132424.86
2016,1702,132498232,150308808.03,125036400.19,119824631.91,6448679.69
2016,1703,48196747,68607314.91,45255375.480000004,45255375.480000004,6369344.6
2016,1704,135927574,243138862.72,197910594.86,195536314.45,20324611.71
2016,1705,63290973,80455252.41,69355846.47,69350846.47,4039386.31
2016,1706,254264350,289259017.75,235172439.96,223422749.88,41110323.0
2016,1707,67159228,86581222.10000001,77602580.82000001,77600800.59,5164869.38
2016,1708,12130437,19469776.48,15206927.56,15206927.56,1887572.1
2016,1709,13578533,28087142.32,16847443.04,16497232.270000001,614922.0
2016,1710,16115036,32269490.26,25145180.23,24860437.57,1336796.33
2016,1711,31695152,37202521.75,32696736.8,32651421.64,1551925.77
2016,1712,56767373,105943353.04,78582496.43,76591248.88,5576274.96
2016,1713,43392950,52146699.58,44604504.82,44604349.82,4125570.0
2016,1714,49510139,66554330.25,53201680.61,53198774.61,7239183.66
2016,1715,17603942,31348242.03,24803413.59,24521861.94,1522372.47
2016,1716,30210251,58493113.410000004,34876308.29,32230323.099999998,3671889.98
2016,1717,20643862,33172777.580000002,27049409.4,27003019.9,3165422.51
2016,1718,6175875,16179506.5,10616375.13,10616375.13,1865733.7000000002
2016,1719,36589203,53169314.01,43670528.28,43624688.44,5036906.14
2016,1720,32379282,55275581.13,43330789.46,43330789.46,4472949.53
2016,1721,5303518,12922217.47,7203601.09,7177630.39,570147.25
2016,1722,13516217,21394694.82,18822522.78,18773013.78,2058546.63
2016,1723,49083971,53943477.33,49880309.37,48274334.45,4696883.5600000005
2016,1724,6536843,23155576.72,12373971.02,10657728.42,1682417.57
2016,1725,28653326,42823062.06,33222170.77,33220637.52,2661136.27
2016,1726,2223991,7691750.34,4852752.14,4852752.14,165447.33
2016,1727,4206941,9642566.84,5897995.4399999995,5855546.3,249106.53
2016,1728,3698733,11989526.25,9039061.86,9039061.86,385032.97
2016,1729,2239128,9984842.26,3949885.41,3949885.41,324773.61
2016,1730,11532579,26577275.11,19211073.69,19199258.23,1176796.98
2016,1731,10642276,20651530.41,16728305.07,16728305.07,1309491.31
2016,1732,12468772,17311929.38,12964035.3,12964035.3,1150601.74
2016,1733,3269481,11436064.5,2842340.7600000002,2765060.7600000002,379316.0
2016,1734,188137183,232892183.84,183397043.01,182629981.51,15566826.81
2016,1735,17087367,25765945.53,17547791.46,17297609.28,1966004.33
2016,1736,27885313,55272159.46,39030849.48,39030849.48,3273524.52
2016,1737,26000000,35857561.07,24767253.04,24767253.04,1698422.94
2016,1738,15635809,22243755.58,16117916.81,16117916.81,1966833.28
2016,1739,59372022,99217988.63,69259743.47,69259743.47,5872120.4
2016,1740,16406852,28200680.06,17397015.03,17310529.21,2264739.79
2016,1741,20164715,42418757.2,29570737.16,28515970.76,2693283.17
2016,1742,8196121,28456918.99,14950456.129999999,14950456.129999999,1258440.14
2016,1743,32020555,47493814.51,30887552.66,30877812.66,2779952.86
2016,1744,22445118,27632882.32,22159043.2,22159043.2,2104658.7199999997
2016,1745,31075728,42783570.11,39067700.44,39061540.44,3175145.82
2016,1746,12389927,16140874.100000001,8079955.84,8053423.64,714439.0
2016,1747,15807398,21460292.1,13533512.55,13533512.55,1565958.5
2016,1748,14170102,20734452.57,14084214.48,14084214.48,2140214.79
2016,1749,7001891,13624390.96,9580776.63,9580776.63,922928.6
2016,1750,10940827,17888984.93,12858199.6,12858199.6,1212310.39
2016,1751,11880691,21910232.44,16684013.38,16677641.38,1180183.78
2016,1752,10574715,15985746.74,10458349.709999999,10458349.71,1108205.17
2016,1753,21486536,45798457.14,29285061.12,29060811.81,1544357.18
2016,1754,21732630,49227957.89,34569723.24,34569723.24,2616789.5
2016,1755,30943959,41899387.25,37557893.58,37557893.58,3938923.0
2016,1756,8293505,21473246.34,18340990.22,17623900.5,1313070.86
2016,1801,246206774,252999173.35,220590859.59,209253408.7,21338796.24
2016,1802,8988075,12388017.57,9553590.74,9010211.03,407960.0
2016,1803,239861857,369823117.0,280856596.29,278980072.07,22154095.7
2016,1805,86516946,163099192.39,78920056.58,78916706.58,8472591.18
2016,1806,23631507,36442833.8,22329387.47,22293704.38,2330951.19
2016,1807,40451691,57630271.76,41589123.4,41379383.04,3516036.37
2016,1808,75135356,85697537.2,63568613.93,60113983.37,11762968.5
2016,1809,17095815,29771669.39,17122124.73,16769903.08,2354664.59
2016,1810,46254509,50209336.91,37232479.32,37217971.61,3723391.3000000003
2016,1811,36496922,54101046.63,30721638.89,29991284.669999998,4752520.27
2016,1812,6990183,12373113.75,7029424.62,7029424.62,861133.41
2016,1813,21867092,28495783.02,21232975.1,20694779.68,3772409.52
2016,1814,14619444,19381342.22,12090322.92,11963703.66,1230370.65
2016,1815,8636128,11836512.33,7734850.59,7638172.75,1346854.75
2016,1816,1583443,5142012.39,2823149.41,2771379.65,349625.0
2016,1817,18918451,23747333.59,18679182.71,17274417.97,2193160.08
2016,1818,10880973,13706828.93,10491879.61,10073861.7,1534161.0
2016,1819,6944142,17074479.78,8058925.93,7718235.56,1232484.0
2016,1820,11983327,16580578.77,9140371.69,8156500.67,1137227.0
2016,1901,230166244,350216576.38,242088565.94,234441961.77,28117526.88
2016,1902,30932422,40106855.92,28191508.91,28071830.91,4474618.41
2016,1903,8648627,11573349.35,8056944.47,8056944.47,1371134.23
2016,1904,16116110,24576919.21,17816204.22,16924895.03,2525988.89
2016,1905,25722680,30605072.1,21072571.810000002,19221525.68,2916746.7
2016,1906,12482729,15882860.09,12115917.4,11596140.51,1326139.0
2016,1907,22586371,36284332.480000004,31980517.07,31976777.07,4500675.39
2016,1908,34403440,47593223.91,29621680.56,28981784.51,3882329.4699999997
2016,1909,29278540,38365935.09,27125768.66,26393466.509999998,5326328.34
2016,1910,34001333,45464790.05,30859002.8,30623538.46,3160819.19
2016,1911,9988860,12500689.94,10415780.27,9704947.8,2021541.0
2016,1912,6904193,9195418.84,6707757.76,6707757.76,1367513.86
2016,1913,8428421,13215856.65,9118652.1,9027643.59,1052997.02
2016,1914,13088114,14227371.66,10082231.6,10010184.68,2338141.0
2016,1915,8662807,13502850.23,8880636.73,8833701.209999999,1117570.0
2016,200,59440263,62440263.0,54796762.52,51564151.87,0.0
2016,2301,6813790,7509065.15,5478799.04,5436763.06,0.0
2016,2302,21078143,26834997.0,20189638.76,19639805.16,0.0
2016,2303,95000000,107159662.0,105226869.23,94154067.29,0.0
2016,2312,4215260,4215260.0,2946032.4699999997,2842885.44,0.0
2016,2313,21006466,30238288.0,25178600.61,21606462.82,0.0
2016,2314,30454560,30454560.0,17171191.08,17163938.4,0.0
2016,2315,93267325,106165059.0,83632080.69,75071633.22,0.0
2016,2316,62831384,62831384.0,48368369.99,37435830.17,0.0
2016,2317,106350000,107179108.0,73115242.01,66276394.1,0.0
2016,2320,10589079,10589079.0,4122417.25,4122417.25,0.0
2016,2321,22344900,22344900.0,18652847.91,18438821.43,0.0
2016,2322,4738351,4756616.92,4339876.1899999995,4339876.1899999995,0.0
2016,2323,17288238,20507808.9,19084743.35,18927659.35,0.0
2016,2324,36687616,45749221.63,43921322.23,43883583.07,0.0
2016,2326,7235760,8694526.780000001,8332777.0,8332017.2,0.0
2016,2327,17987310,17987310.0,15616662.36,15616662.36,0.0
2016,2328,424000,424000.0,284399.93,284399.93,0.0
2016,761,26604125,28237148.0,14588439.52,14492780.819999998,0.0
2016,781,227872300,261989735.89,165344854.79,163690196.49,0.0
2017,1101,667290434,753428541.48,640673243.49,640603543.49,90106033.7
2017,1102,14126680,22149745.13,14142332.93,14127332.93,2667407.44
2017,1103,20170361,33529427.03,25866378.68,25861292.23,6683525.21
2017,1104,16844116,32911485.86,24371052.09,24371052.09,2068319.82
2017,1105,19488733,33400024.91,27775279.59,27775279.59,3907452.06
2017,1106,19876793,30393149.14,23225695.2,23225695.2,8602998.77
2017,1107,17258275,27001284.81,18864962.43,18864653.43,2122579.97
2017,1108,13941025,22684866.93,17813820.84,17616979.21,3368437.87
2017,1109,12519910,21073831.96,17075384.41,17075384.41,2022439.04
2017,1110,15709161,25896008.169999998,22273184.75,22273184.75,2805100.92
2017,1111,12253063,26822872.98,18710751.71,18710751.71,1815339.07
2017,1112,12789937,20634923.56,16037535.99,15735847.27,1973351.42
2017,1113,5699498,15580317.67,7191325.67,7191325.67,789240.0
2017,1114,6645260,17098824.49,11772749.36,11772749.36,1329854.7
2017,1115,35951172,76112924.4,53726639.05,53726639.05,17207279.93
2017,1116,20826339,32898765.44,22160610.67,22027257.28,7019957.58
2017,1117,23747992,36765352.14,26767221.78,26767221.78,3741958.58
2017,1118,12638498,21472526.72,15329065.83,15153770.5,1679064.95
2017,1119,22578449,39844325.72,27582220.13,27492197.73,7931255.22
2017,1120,42388844,65336069.16,47655960.839999996,46318381.37,11120495.64
2017,1121,16427596,25388347.27,18556448.21,18556448.21,3683377.16
2017,1122,14903669,25569096.2,17470365.6,17470254.6,2382512.75
2017,1123,4739034,12807159.85,8288826.34,8288826.34,1451714.83
2017,1124,25781694,48390144.28,38758201.86,38758031.86,3228873.18
2017,1125,5393923,12094667.24,6598945.58,6598945.58,864640.2
2017,1126,14596605,24432840.3,14626230.91,14611768.66,2300979.6
2017,1127,7937867,16991450.2,7883025.59,7877315.59,3888325.94
2017,1128,13158179,23999172.22,11677187.83,11497994.61,2153979.8
2017,1129,20555475,36483682.89,26806126.87,26806126.87,4804864.87
2017,1201,1827307583,2067800951.63,1874928392.8,1777367555.95,100693259.0
2017,1202,24415357,34527968.05,28634026.72,27327285.05,5274196.6899999995
2017,1203,18263425,35866713.29,30672428.25,30666678.25,4998811.2
2017,1204,43365461,56992691.81,44305543.48,44305543.48,12081544.95
2017,1205,1412118580,1634473248.81,1389504604.69,1301705299.92,141335661.65
2017,1206,123623820,189893490.14000002,151658536.92,149915630.95,45708758.61
2017,1207,6779611,17803653.49,13674318.5,13513475.2,3871546.03
2017,1208,11561583,24485300.88,15083449.68,14094461.41,2913174.83
2017,1209,10281652,19199827.1,15905847.97,15902071.97,3026238.91
2017,1210,80587734,118708554.23,82929134.01,82874634.01,14018939.55
2017,1211,35660199,47381162.58,41492724.61,38593543.79,9433466.02
2017,1212,8433004,16747250.88,13304440.75,13230659.65,3844507.45
2017,1213,7542623,20512391.48,11121507.61,11121507.61,5823696.67
2017,1214,12237416,18315106.8,17002142.38,17002142.38,4810214.23
2017,1215,21478638,37117624.86,26035448.65,25748600.259999998,7314824.3
2017,1216,13266758,16893508.45,10623184.18,10559502.38,4123052.5300000003
2017,1217,4803452,10959613.84,7278291.74,7278291.74,2757310.75
2017,1218,14837120,24794827.06,20666947.27,20664758.37,5479167.16
2017,1219,9733378,16116638.45,13683706.27,13681145.97,2096946.94
2017,1220,13963718,33493056.650000002,22789582.33,22768359.849999998,20896240.67
2017,1221,23970904,61491334.25,40586753.04,40586753.04,19896207.16
2017,1222,7262401,16120011.36,7317969.4399999995,7226025.1,3061295.23
2017,1223,7935411,29321599.88,18047403.42,16774999.01,6776263.14
2017,1224,64571158,78531870.13,53918091.2,53858817.65,17968698.93
2017,1225,12167972,20109384.81,17249662.5,17178376.5,5564525.52
2017,1226,32429570,49784157.87,38941690.95,38852202.18,8295271.14
2017,1227,17637388,26500294.17,18955220.39,18955220.39,6191222.52
2017,1228,8411484,19263700.72,12790433.58,12787342.59,2512243.31
2017,1229,11727044,21126280.95,13770582.24,13770582.24,4126114.6100000003
2017,1230,3448325,8785663.73,6746306.93,6746306.93,2057767.54
2017,1231,3424241,9965574.62,6355140.0600000005,6355140.0600000005,2510110.81
2017,1232,15103387,39741037.4,21691325.72,21691325.72,5231394.32
2017,1233,5574410,15109230.54,10749326.379999999,10700198.25,2057697.58
2017,1234,5966227,10269126.55,6114642.0200000005,5810644.6,2394482.93
2017,1235,12699701,19028306.87,14728983.57,14728149.57,4891275.68
2017,1236,7778538,13066145.56,8408153.48,8390288.75,2529634.96
2017,1237,5123207,10303707.81,7531942.390000001,7531942.390000001,1343605.57
2017,1238,12621614,20306972.02,12736650.83,12736650.83,4338061.82
2017,1239,13579450,30126735.740000002,12848992.1,12848476.1,4103140.75
2017,1240,9076758,22741984.95,12380887.96,12380887.96,2625447.84
2017,1241,3560991,8629958.040000001,4425522.49,4353506.6,1419716.24
2017,1242,3098259,12497012.55,6475772.81,6384135.11,4332390.88
2017,1243,4752232,9380194.86,7660590.93,7660590.93,843582.95
2017,1244,585107,5916745.0,3000444.06,2999811.33,293874.69
2017,1245,7402406,12383326.75,9783823.11,9780073.11,2631028.52
2017,1246,10391748,23747924.86,14538100.76,14538100.76,5400138.96
2017,1247,20437956,32016998.79,21979241.93,20528160.67,4723780.34
2017,1248,13589507,26304693.11,19242710.63,19242710.63,3460460.75
2017,1249,19938296,33113263.03,23970078.34,23969702.34,6471595.27
2017,1250,7722555,20527110.89,14403216.45,14403194.01,2985020.24
2017,1251,14655275,23921196.07,19969041.54,19968646.54,6492966.26
2017,1252,11707579,22692223.18,16486029.18,16401661.18,4439144.39
2017,1253,6743568,15126754.14,10461746.26,10460677.4,3854668.17
2017,1254,6899105,15387030.52,10118720.8,10118720.8,2210940.32
2017,1255,10921403,23349185.33,14961273.8,14960708.6,4373236.47
2017,1256,21722240,49233341.73,33389063.19,32370609.34,22665817.53
2017,1257,21056111,45186531.95,41383251.53,41374338.83,24333694.49
2017,1258,8552188,25103026.8,18423248.28,18343587.46,10949865.06
2017,1259,25448822,41741639.21,29831730.9,29831214.38,12225635.39
2017,1260,47600038,122703055.27,86619387.44,85583750.05,59680001.019999996
2017,1261,35939840,56385544.01,42698404.89,42698404.89,9297889.1
2017,1262,23314086,39955805.73,26602693.36,26574194.36,10406925.56
2017,1263,16373253,36629082.35,19777802.11,19777802.11,5684763.68
2017,1264,8024339,13023856.0,9241047.23,9241047.23,2985191.26
2017,1265,23606362,48349143.76,28832450.66,28782060.66,18293335.01
2017,1266,19903738,55944199.25,39863578.36,39863578.36,25114655.17
2017,1267,10456601,22486069.31,15832574.31,15377184.35,2598902.56
2017,1268,9993082,22376646.470000003,13981428.05,13814603.79,2516007.75
2017,1269,12531133,18913037.35,16260092.049999999,16260092.049999999,5361585.99
2017,1270,3034910,9190832.74,6313927.03,6303562.03,2297133.72
2017,1271,8552054,14673256.98,11024575.23,11024575.23,4280966.74
2017,1272,6840237,13380080.36,10689689.59,10585289.59,2237095.04
2017,1273,1939233,6836531.15,2716004.34,2613045.91,1499795.24
2017,1274,5202219,8547454.66,5593769.52,5494352.58,447455.2
2017,1275,2675893,5941499.7299999995,4201766.71,4161539.9,610269.06
2017,1276,13882594,24725228.89,13295691.84,13295691.84,2584739.89
2017,1277,9170128,17987508.93,13358805.209999999,10622417.299999999,3468135.25
2017,1278,6959765,12569944.19,8873623.3,8404392.34,2994973.42
2017,1279,27725728,37640295.41,24549749.9,24549749.9,8552741.86
2017,1280,6565108,14953713.0,11797709.04,11797709.04,2062384.86
2017,1281,9066266,23957175.490000002,15495403.95,15393883.95,9108457.71
2017,1282,7978692,13844758.83,10296273.44,10247868.89,3734124.99
2017,1283,6695175,10039629.879999999,3520743.11,3379364.46,2856385.48
2017,1284,6027787,11761281.27,10172016.32,10140674.61,1667670.04
2017,1285,13629509,24552699.76,15361699.99,15105789.59,9505663.780000001
2017,1286,4961128,10956417.43,5553149.1899999995,5544351.1899999995,4852550.4
2017,1287,5351661,8522267.87,4286481.05,4274300.2299999995,1439550.24
2017,1301,1592160168,1898914833.72,1598960356.88,1522535980.0,174569304.49
2017,1302,333332239,396980672.22,274100904.77,265822727.60999998,40238372.93
2017,1303,53281531,82171623.31,58577221.300000004,58577221.300000004,22888442.77
2017,1304,95510260,160267689.56,124220234.22,117429978.19,47621372.230000004
2017,1305,84085398,132534172.71,112379072.56,105931754.27,37153603.82
2017,1306,93354548,129285299.81,96074392.42,96066545.95,31386870.03
2017,1307,35754591,76248753.98,43853619.1,43853619.1,8194748.359999999
2017,1308,9031355,19337689.4,11703717.76,11703159.76,2165186.63
2017,1309,8013421,20994156.87,14716004.040000001,14716004.040000001,3580693.56
2017,1310,27919289,40046690.98,27810744.96,27810744.96,6726061.2299999995
2017,1311,16887011,24061637.58,17389221.96,17389221.96,7284261.13
2017,1312,277624682,375940992.04,322801633.82,314998452.21,69853138.35
2017,1313,21242557,65127483.09,51517794.45,51517794.45,18730208.650000002
2017,1314,192724533,331565234.06,281362407.53000003,281362407.53000003,50026295.94
2017,1315,54397840,104368971.46000001,77304023.24,77090959.08,13656503.61
2017,1316,8706469,15670564.86,10535138.540000001,10535138.540000001,1499194.15
2017,1317,20335339,40227895.07,22153030.02,22153030.02,5332688.08
2017,1318,1501341,8143661.34,4009338.38,4009338.38,1014215.6799999999
2017,1319,3130410,14150640.52,8499660.01,8499660.01,786361.93
2017,1320,11073052,24186065.93,15892363.6,15864769.02,6595656.71
2017,1321,9053684,18993802.73,13056041.57,12981313.57,2502622.67
2017,1322,19794982,35449237.25,23487702.04,23485361.04,4998198.98
2017,1323,5375632,14225353.08,9814546.98,9813585.11,4099024.13
2017,1324,38509966,64054956.75,50535228.72,50102054.81,12843312.45
2017,1325,7017662,14988793.87,9228982.71,9228982.71,531822.65
2017,1326,6758037,12648305.52,8666113.4,8666113.4,819549.6799999999
2017,1327,25181652,50773453.08,32708199.03,32699539.53,10760029.9
2017,1328,7719321,17480690.02,10238841.73,10044393.07,1630042.03
2017,1329,4363266,20345599.36,13597896.66,13597896.66,8844035.97
2017,1330,24213274,41871369.76,28207557.62,28199285.62,6679907.16
2017,1331,15933500,35354350.63,22499801.34,22293015.68,5315419.2
2017,1332,11236891,25430413.41,14767285.02,14759785.02,4110899.8499999996
2017,1333,10435055,18987031.88,15833913.41,15833913.41,2518735.64
2017,1334,31291379,76549187.17,62060139.49,61292524.91,12585626.24
2017,1335,81935598,155531248.35,133330874.84,133330874.84,47547586.15
2017,1336,11231219,35055138.93,23487240.28,23361011.38,6700324.09
2017,1337,10386872,22571225.02,15211205.31,15211205.31,3550917.88
2017,1338,10578973,24735542.13,18666842.62,18044591.24,2413834.85
2017,1339,12512130,26551218.240000002,16175994.75,16140334.83,3163406.27
2017,1340,8622243,16743497.459999999,12719718.63,12159671.39,2115941.7800000003
2017,1341,21664555,47997056.699999996,31534291.6,31534291.6,8539690.7
2017,1342,27848256,53562876.56,39220313.22,39220313.22,14425094.99
2017,1343,5695941,15968705.870000001,11191656.9,11191656.9,6303484.33
2017,1344,3647753,12574674.68,7642171.38,7566017.56,501105.8
2017,1345,41613846,115383540.28,83387366.49,83344316.49,23787495.349999998
2017,1346,19383055,40663455.86,26798445.72,26798445.72,9877066.879999999
2017,1347,39127644,75971943.85,52926964.37,52926964.37,15862312.61
2017,1401,429797949,752718537.98,652770175.91,609009444.89,100434289.34
2017,1402,30368218,57651854.26,40072245.85,40072245.85,16431218.879999999
2017,1403,11662278,32209079.23,18085964.01,18084833.03,1859989.55
2017,1404,40342209,76186221.84,56404595.21,56404595.21,18452503.28
2017,1405,4868950,13568003.57,5717122.65,5713522.65,2395235.46
2017,1406,46542612,84069985.74,62839886.95,62818552.95,27260632.23
2017,1407,6435262,15521605.3,10441240.97,10294521.66,1492994.4000000001
2017,1408,12364142,21297570.57,15150994.21,14945049.6,3336241.45
2017,1409,7529392,18188153.97,12166918.38,12166918.38,2314291.86
2017,1410,8085391,19233783.58,14476596.24,13338023.15,2880208.13
2017,1411,6380476,17667055.61,13973312.83,13973312.83,3570138.77
2017,1412,18858291,45844303.41,25620431.55,25577763.85,12579755.2
2017,1413,7904439,22648885.25,15072299.27,14996593.94,3772859.33
2017,1414,11232841,24245034.84,15290159.57,15288749.26,3241851.31
2017,1415,2871029,11037715.19,5780527.890000001,5780527.890000001,323093.74
2017,1416,6832708,12890403.98,8191093.1,8104983.76,1904679.67
2017,1417,6408361,25394768.22,7460850.92,7460850.92,3896673.76
2017,1418,1749203,4519643.99,4013420.7600000002,4013420.7600000002,420301.08
2017,1419,5175679,14405041.99,9593765.35,9350438.209999999,574841.71
2017,1420,2374163,10124711.89,5225247.03,5221186.03,162341.0
2017,1421,647491,3506452.74,1546301.1500000001,1542101.1500000001,503815.24
2017,1422,3817571,10692103.33,5470611.83,5347094.47,838596.27
2017,1423,13053312,27027673.1,16659479.34,16659479.34,2651653.37
2017,1424,6469179,15766844.78,10045266.98,10045266.31,2610213.45
2017,1425,2493057,10319498.87,3844617.15,3844617.15,980611.51
2017,1426,14929270,32253620.75,22807512.17,22807512.17,5179394.04
2017,1427,3733287,10418407.83,5576469.75,5576469.75,559886.2
2017,1428,636774,7243970.34,3636516.62,3636516.62,126136.28
2017,1429,873791,6360895.2,3114644.11,3114644.11,736352.44
2017,1430,1129607,9302940.78,5043152.74,5043152.74,577899.46
2017,1431,9938939,32137754.03,22388900.03,22373833.1,4347810.83
2017,1432,1153988,7378875.75,2578070.63,2578070.63,283970.95
2017,1433,2407432,13955177.23,4309164.75,4309164.75,4643483.41
2017,1434,6642926,12844668.48,7911622.65,7905372.65,1167667.34
2017,1435,16939776,33045236.2,24808140.89,24808140.89,6690874.09
2017,1501,386434197,613939216.76,436841850.35,436841664.78,163754964.5
2017,1502,39639965,65134920.27,32247402.29,32058646.54,8359081.35
2017,1503,9718358,27457391.8,15866388.6,15866388.6,3635567.28
2017,1504,2841767,11993647.86,5060508.71,5060508.71,1851231.76
2017,1505,42453997,52603608.86,29713125.53,29080446.43,6446326.13
2017,1506,21923865,32111166.27,22059056.69,21139635.39,3965800.41
2017,1507,117497427,141577252.28,79679029.73,79678897.73,20232666.42
2017,1508,47148656,52564678.13,38359917.63,38341192.63,7099041.13
2017,1509,13258601,19197714.99,14493432.24,14493432.24,2820894.17
2017,1510,15795324,40282294.72,23869478.03,23698226.72,4554530.99
2017,1511,42485502,71593024.13,54451142.730000004,54451142.730000004,12619594.35
2017,1512,24936124,40372273.19,30525479.3,30150136.1,6555802.25
2017,1513,31042858,74584758.52,47498959.07,47498959.07,13063521.09
2017,1514,32265811,49964112.27,28220616.17,28220616.17,4431419.5200000005
2017,1515,38523645,70567582.37,47046861.96,47043234.64,13231422.68
2017,1516,15930678,33367033.77,24377202.69,21197053.29,3387204.13
2017,1517,64769990,109702752.21,56837647.78,56837647.78,14419535.01
2017,1518,11030366,19189774.58,14478821.25,14477311.02,2521636.01
2017,1519,100799099,104715643.75,68821643.36,68760758.36,15393247.75
2017,1520,17391006,43422366.48,28113633.07,27681519.91,9385956.4
2017,1521,57530000,94102348.66,57464488.14,57343197.28,10442983.67
2017,1522,1746135,10707844.59,5441194.7,5120528.53,428930.73
2017,1523,3742249,13425347.47,6868919.05,6769332.24,3205262.1399999997
2017,1524,1880729,8079123.53,1999540.4,1999539.3900000001,698753.0
2017,1525,5224452,10946554.74,6831355.2299999995,6831355.2299999995,3583414.52
2017,1526,23629305,44043308.1,29180754.29,29180754.29,8311030.59
2017,1527,11298443,19236034.76,11262919.68,11179624.68,1176255.0
2017,1528,23724482,34133503.44,25590330.16,25572625.16,6014401.4
2017,1529,14911829,37559179.82,22322342.93,22290180.91,4279824.49
2017,1530,39843801,82000247.29,47674333.0,47674333.0,10961530.09
2017,1531,20933614,38132893.38,22104585.41,22103939.73,6185268.8100000005
2017,1532,18427112,35382562.97,23123135.13,23120055.13,5737181.75
2017,1533,4719233,16548648.18,8919116.97,8912439.5,4977286.72
2017,1534,7815191,11343914.14,8523425.18,8523425.18,2347289.67
2017,1535,4863584,8216725.54,4599775.35,4599775.35,1589735.8
2017,1536,4997998,13923608.790000001,8440461.81,8429095.81,2803457.29
2017,1537,67276244,93828557.79,70641982.29,70571337.85,13728798.81
2017,1538,5529313,11637714.06,2714656.3200000003,2714656.3200000003,3619105.7800000003
2017,1539,18973290,34865806.62,22107976.79,22107976.79,5269200.7
2017,1540,8938704,19287183.16,12374631.42,12374631.42,3606034.44
2017,1601,564171409,740160853.0,535098850.21,533458508.84000003,126021026.85
2017,1602,48188643,81482698.92,55027580.06,54904931.68,18568599.76
2017,1603,76960587,115214692.92,83447971.65,83079805.63,17873687.01
2017,1604,248354766,331276570.0,273865018.51,265424020.68,90671947.88
2017,1605,102991960,126222136.99,103694739.18,103505209.5,26510157.0
2017,1606,167577727,211840374.82,160964370.91,159435193.73,37361301.07
2017,1607,39129755,66621231.32,43244467.76,43244467.76,12044950.860000001
2017,1608,20088721,36360857.26,20449519.56,20449519.56,6481914.42
2017,1609,65515631,125227503.82,83969509.96,83969509.96,20653598.380000003
2017,1610,29293925,37799187.51,23911162.18,23911162.18,7635171.13
2017,1611,49580963,84260441.26,60147739.0,60009579.49,22118890.2
2017,1701,3584628156,4009924746.45,3184797574.3,3054290258.62,459763706.55
2017,1702,109605209,129493991.77,112758140.89,110016588.45,9680591.49
2017,1703,52022794,79348398.23,53659404.839999996,53657604.839999996,14372880.91
2017,1704,171465024,222223737.46,181714520.52,181714520.52,46941850.87
2017,1705,57571556,76724690.3,61225628.88,61225628.88,5635576.54
2017,1706,247802262,329735070.81,282200586.05,264075739.88,61527636.37
2017,1707,64763089,87840141.28,72116634.51,72115597.66,8800396.27
2017,1708,11667064,17299539.03,14854807.19,14854807.19,3836302.7
2017,1709,7824854,24815269.77,16752355.120000001,16752355.120000001,8034644.7700000005
2017,1710,18026585,33215490.1,20927996.19,19440093.990000002,5755476.640000001
2017,1711,22400000,37350756.81,28248360.71,27919504.77,5110486.26
2017,1712,65557777,117269093.62,81427738.66,81427276.66,19625465.5
2017,1713,38496384,45373507.47,39753468.07,39352541.31,5125966.03
2017,1714,58291955,84322995.11,67042172.67,66874473.33,24814276.580000002
2017,1715,17354354,39641388.63,26480907.79,26212753.27,7602402.390000001
2017,1716,31565713,62097090.74,42054366.3,37550320.75,6998512.75
2017,1717,20661434,34249662.9,33215190.93,33215190.93,14244851.38
2017,1718,5218884,14718820.18,12543785.1,12539229.1,6353400.83
2017,1719,31011147,838.0000000002,0.0,0.0,0.0
2017,1720,31108255,52698570.62,43934009.82,43934009.82,6940961.35
2017,1721,4942839,18709366.81,10169876.62,10153814.62,2904585.75
2017,1722,11409649,22860904.71,19527477.59,19525027.59,2618860.26
2017,1723,45000000,51607985.07,47035672.61,43506052.84,5214316.2
2017,1724,5250978,26720313.939999998,12902830.299999999,12677415.27,2954015.9299999997
2017,1725,26207447,38090325.13,34043967.44,34043967.44,3843809.09
2017,1726,2075216,5578423.36,4330383.4399999995,4327648.1899999995,146104.47
2017,1727,2889075,6557912.41,6053102.37,5903660.67,576021.92
2017,1728,2276674,9422941.68,4495145.92,4470719.89,2159767.7800000003
2017,1729,2011736,8793650.45,4400584.03,4358725.55,256852.02
2017,1730,13299496,27355737.11,19440184.69,19440184.69,8869314.81
2017,1731,10667324,16290551.959999999,13205414.15,13205414.15,2942620.2600000002
2017,1732,11076291,22365279.48,16818715.29,16783488.29,7621667.71
2017,1733,2924740,11006240.26,5011154.99,4959634.99,3484786.1399999997
2017,1734,221265788,262532723.45,174377349.32,173942195.21,27502526.98
2017,1735,15915200,30442703.61,22240700.32,21733333.42,8668391.03
2017,1736,32257385,46522572.12,41069189.96,41069189.96,16145077.7
2017,1737,24120000,33880896.17,23824701.51,23807770.51,9630856.99
2017,1738,14221375,25042046.97,20042040.26,20042040.26,2175466.4699999997
2017,1739,50985026,86792254.36,69670032.71000001,69670032.71000001,12492971.81
2017,1740,15600000,31694682.509999998,22191999.13,22191999.13,6956565.09
2017,1741,17712243,43831013.17,27920176.77,27792898.93,5861434.46
2017,1742,7918062,26694847.71,16854459.05,16854459.05,10805112.35
2017,1743,25340212,38949400.63,30102276.03,30102276.03,5004712.82
2017,1744,25287052,55099183.4,51935531.32,51935531.32,4297958.85
2017,1745,28245001,40482023.79,34174458.36,34174458.36,4702654.43
2017,1746,6679651,13495817.67,7555060.2,7113702.11,1516730.46
2017,1747,14475372,28681789.92,19278284.6,19278284.6,6273969.3
2017,1748,13913984,28341983.49,18682563.3,18682563.3,6354627.32
2017,1749,6175220,14595761.53,10115347.0,10090347.0,2734049.0
2017,1750,8089146,16269491.63,11313201.879999999,11313201.879999999,2275264.35
2017,1751,8320855,16579468.719999999,7729261.91,7684220.91,2056656.09
2017,1752,10282081,16152238.47,14700804.33,14700804.33,2291584.31
2017,1753,30015440,51666131.7,39403598.91,39258687.31,7194228.34
2017,1754,27615850,49079697.17,33368852.17,33368852.17,15850304.73
2017,1755,30853195,47955765.339999996,40072480.01,40072480.01,11614029.379999999
2017,1756,14049257,19903436.03,16862493.54,16861665.04,4199428.96
2017,1801,204746377,226039085.75,208108372.78,200250998.29999998,19498000.42
2017,1802,7062788,10368963.58,8590199.17,8540448.09,353769.11
2017,1803,169548826,226985963.34,184478006.18,184408533.08,34582158.58
2017,1805,69114268,80999495.35,67552422.97,66902734.79,8231465.39
2017,1806,18165569,30611054.619999997,20813655.57,20776409.71,3047171.23
2017,1807,31050011,43135837.9,26791057.259999998,26791057.259999998,5505494.14
2017,1808,64036636,78372822.98,48235226.5,47502516.64,10513850.69
2017,1809,13987549,24306969.39,13956602.07,13688398.72,3101483.09
2017,1810,30266152,44115196.07,39196872.25,39195585.85,3913800.44
2017,1811,29197985,42472756.32,33030015.05,32570938.01,6349958.74
2017,1812,5417575,11764080.97,8568090.21,8568090.21,3090504.08
2017,1813,16388746,24180544.59,18704994.96,18699933.53,2048618.07
2017,1814,9821655,18908065.16,16149813.69,16066385.790000001,4491903.640000001
2017,1815,7390045,11084145.200000001,9380490.48,9316193.530000001,1336654.3599999999
2017,1816,1305184,4302126.72,1192831.7,1141573.1400000001,991742.19
2017,1817,15259942,24443401.94,15179030.47,14401230.83,3948798.86
2017,1818,9192710,13548594.0,10701297.76,10080227.52,1734860.42
2017,1819,5300933,14657301.36,10423341.11,10416922.16,6001198.27
2017,1820,8529555,12350345.05,8522838.1,8181993.03,2589140.72
2017,1901,205718884,276398821.08,202445848.29,202433948.52,49859015.38
2017,1902,25155233,38767565.52,29381714.08,29083385.25,2978865.08
2017,1903,5983601,13885536.84,7469932.9799999995,7432367.33,3181723.88
2017,1904,10771427,22821197.09,20433564.79,19709932.13,6245237.05
2017,1905,17277734,30092250.95,22366426.56,22366426.56,6922259.35
2017,1906,8265728,16574128.7,9589897.01,9263068.870000001,2180178.3
2017,1907,20319600,26522337.18,23169358.99,23155706.99,6786307.23
2017,1908,27024950,45147226.8,36488051.9,36488051.9,6993942.1
2017,1909,23138165,33539317.66,26196771.38,25659162.29,6220454.12
2017,1910,24404572,41904349.61,27152091.58,27069215.27,3421719.84
2017,1911,6594443,12550373.27,9613458.71,9385940.58,2762848.83
2017,1912,4571501,12560574.29,9220106.61,9212606.61,4022119.55
2017,1913,6038591,14619415.71,8941836.74,8900668.2,3322745.0300000003
2017,1914,8109973,16528561.61,11173593.62,11126954.08,2214972.15
2017,1915,8119210,14526945.36,11783547.96,11771185.12,3065797.93
2017,200,61967260,61967260.0,56189693.11,52876941.48,0.0
2017,2301,7653699,7918091.92,6421263.75,6418090.890000001,0.0
2017,2302,15188837,26044533.45,12178426.98,11814256.39,0.0
2017,2303,85000000,94759347.18,93373584.32,78908142.27000001,0.0
2017,2312,5467382,5467382.0,3235765.67,3050093.89,0.0
2017,2313,22683189,39756052.9,34776841.24,34706353.24,0.0
2017,2314,25260000,25260000.0,17582656.32,17582656.32,0.0
2017,2315,101258050,124286612.0,94263215.07000001,87896998.07000001,0.0
2017,2316,54026757,54026757.0,54013000.6,46442847.69,0.0
2017,2317,74150362,110321684.0,69087718.66,62399528.05,0.0
2017,2320,6243771,6243771.0,4796622.4399999995,4796622.4399999995,0.0
2017,2321,22659385,22659385.0,4402694.2299999995,4261348.6,0.0
2017,2322,4738351,5166023.24,4834436.85,4834436.85,0.0
2017,2323,17288238,20373046.09,18960481.73,18960481.73,0.0
2017,2324,36687616,45353254.56,43550623.79,43550623.79,0.0
2017,2326,7235760,8384818.88,8265713.62,8265713.62,0.0
2017,2327,18949438,18949438.0,15452183.55,15452183.55,0.0
2017,2328,440000,440000.0,220124.98,220124.98,0.0
2017,2331,0,132628.0,40.0,40.0,0.0
2017,761,21379898,21379898.0,13076179.9,13043347.620000001,0.0
2017,781,242010063,257674256.0,198319305.37,198222655.57,0.0
2018,1101,833754628,998645776.9,770968571.66,746673288.68,95457558.93
2018,1102,14046826,24444826.95,17200139.29,17200139.29,3511479.7399999998
2018,1103,23089999,41266807.04,31303101.64,31271471.740000002,7363159.05
2018,1104,14472212,30412367.02,22558818.6,22558818.6,1636389.03
2018,1105,17950970,31842459.6,29417935.81,29417935.81,5005906.43
2018,1106,15508999,28107324.32,21862896.93,21862896.93,2286228.4299999997
2018,1107,17052737,32538377.87,23255206.59,23255206.59,1673008.54
2018,1108,11389153,25186080.09,21200937.34,19610882.25,2386464.77
2018,1109,12419181,22760657.1,18338827.65,18322326.55,1952065.1
2018,1110,15296628,28844983.91,22472185.95,22472185.95,1977057.95
2018,1111,16912214,28630721.11,24240319.68,24240319.68,1935269.28
2018,1112,10474292,21372825.26,15148621.43,15148621.43,2462710.7800000003
2018,1113,7311503,22597445.92,13544821.05,13544821.05,4931125.220000001
2018,1114,6985581,19792481.41,15525457.36,15525457.36,2408016.17
2018,1115,33248500,71916062.03999999,58387238.18,58387238.18,8195178.03
2018,1116,13023939,32912616.169999998,28085790.66,28084755.66,7641035.24
2018,1117,30139155,51098085.38,41558642.45,41558642.45,4624964.24
2018,1118,14223731,28751980.61,24271163.46,24271163.46,1907762.85
2018,1119,25132282,41720092.33,32026538.48,32026510.48,4529180.97
2018,1120,40480252,66118609.23,51790913.93,51788078.93,11617563.37
2018,1121,21459643,38686500.03,28638839.78,28638839.78,4761940.41
2018,1122,15635985,33218483.75,25158166.16,25122833.01,1803675.75
2018,1123,5221818,12931549.36,10594496.91,10594496.91,442669.0
2018,1124,37877696,63084210.48,44753576.86,44753576.86,4148199.83
2018,1125,7113525,18067971.93,11029034.44,11029034.44,3322051.87
2018,1126,12032794,27669658.37,21872985.11,21222578.16,1676130.34
2018,1127,5022025,16900587.98,7236958.65,7230798.65,2969247.58
2018,1128,9544961,24833845.04,14015749.98,13790146.44,1692830.65
2018,1129,24057733,41530691.83,31665123.4,31665123.4,5518275.89
2018,1201,2239055176,2500923438.68,2134863794.9,1995717948.97,94314334.0
2018,1202,25781090,37832665.2,28846894.99,27457900.8,5530401.64
2018,1203,24997180,34327550.05,31671309.44,30890072.55,7617733.52
2018,1204,44565980,57966476.33,40517870.71,40507191.25,12170575.57
2018,1205,1552753310,1725008304.92,1436344407.4,1320534701.18,159428118.82999998
2018,1206,133142531,186190810.6,147846219.85,146165738.81,31690325.47
2018,1207,10357188,26800909.18,12861260.58,12861260.58,6259568.949999999
2018,1208,13682023,28358896.39,19340348.58,19340348.58,3640160.63
2018,1209,8887606,26420066.52,22710496.82,22710496.82,7070173.640000001
2018,1210,82384573,98595573.54,63915677.71,63909740.61,8125967.5
2018,1211,35342164,43620214.56,37013947.73,30716301.66,8566791.74
2018,1212,11703342,18141472.84,12852475.05,12838675.05,3171331.14
2018,1213,8935162,25712070.53,11473245.07,11360039.39,3844657.5500000003
2018,1214,15598052,28853326.21,25683252.45,25683252.45,7514345.72
2018,1215,24193911,39813572.1,25601152.59,24859413.79,6796220.390000001
2018,1216,17575983,22885272.02,13978992.290000001,13727467.38,2340159.49
2018,1217,6679943,15811660.51,8081269.2700000005,8081049.2700000005,3765926.18
2018,1218,16046142,24384167.18,18676506.83,18676506.83,4707080.75
2018,1219,11534818,18285124.43,11635301.57,11629081.57,1964406.9700000002
2018,1220,11612789,25899720.95,21270515.400000002,21270515.400000002,11881761.540000001
2018,1221,26204992,66545332.57,47942925.67,45557492.89,19007882.05
2018,1222,8931083,12022029.13,5453930.17,4815764.82,710280.0
2018,1223,11651898,27591756.73,16619161.58,16481263.93,430601.0
2018,1224,47913231,69728586.99,56190381.96,56090746.53,10162719.59
2018,1225,14543082,24929582.72,19292177.57,18373622.25,3826728.2399999998
2018,1226,34322776,47551986.85,34526842.9,34526842.9,9600494.69
2018,1227,19798877,31566458.06,25033512.1,25033512.1,6813698.27
2018,1228,10034656,22747323.03,13559154.43,13559154.43,6803082.11
2018,1229,13407899,23148304.8,15839399.19,15839399.19,5687241.82
2018,1230,5585402,12205856.68,7256399.13,7254299.13,2794975.49
2018,1231,4930218,12204874.629999999,7228867.04,7228867.04,3526877.65
2018,1232,23589629,48098532.33,25321757.59,25220917.59,4601793.29
2018,1233,7558114,15261686.629999999,8577342.96,8573842.96,3048962.0300000003
2018,1234,8026933,11600095.8,8763221.73,8600094.74,488710.88
2018,1235,13937924,22980708.88,13967577.66,13967577.66,4221892.53
2018,1236,9616180,15268966.7,8378633.1899999995,8312647.819999999,3868849.0
2018,1237,7141928,13708308.66,8975844.96,8975844.96,1385570.65
2018,1238,15563525,24338778.8,14932317.49,14910970.99,4674792.62
2018,1239,16450552,36404006.44,23049825.51,23031255.75,6546284.97
2018,1240,11152215,25188139.06,12898356.59,12884813.75,4032536.17
2018,1241,6175957,17639471.67,9476105.22,9475795.22,6691145.68
2018,1242,5444490,13579882.19,7705742.74,7563066.75,527096.0
2018,1243,6686782,12945928.7,8466007.43,8466007.43,545222.92
2018,1244,3406428,8367354.4,4581387.72,4384703.88,91050.8
2018,1245,9637482,18235201.03,11193658.13,11193658.13,3574964.65
2018,1246,11552041,21655880.740000002,15730760.91,15730760.91,4941800.98
2018,1247,22758546,34931440.37,19675676.37,19614024.6,4009951.79
2018,1248,16668928,28751319.42,19256137.64,19256137.64,3456756.36
2018,1249,21066334,33166832.2,21846794.98,21846244.98,5084232.74
2018,1250,9638235,20697125.17,10399825.62,10202263.54,757021.0
2018,1251,12675844,22276431.69,16799396.62,16799396.62,4462078.87
2018,1252,15107805,25319737.080000002,18340857.95,17791262.42,2824745.96
2018,1253,8080818,17106413.99,12337713.91,11121199.97,952100.28
2018,1254,9349106,15972949.45,11488211.04,11488211.04,2494072.14
2018,1255,12721570,25015142.5,13709943.15,13457721.61,4290721.8
2018,1256,21355319,44829325.56,30587412.24,30174183.9,11544254.08
2018,1257,19455535,38280204.07,28471504.77,28471504.77,5431221.92
2018,1258,9791411,19387131.91,15062966.21,15050906.21,4449477.6899999995
2018,1259,33297200,58148125.02,39578544.91,39578411.0,17116415.68
2018,1260,55506254,111691155.58,71638678.94,71638678.94,43717259.1
2018,1261,42765734,60487621.18,42706562.89,42706562.89,9821414.58
2018,1262,26096745,43428532.6,31558733.77,31447100.66,7640664.39
2018,1263,19602055,41968728.89,23863980.03,23863980.03,6598264.0
2018,1264,15757715,22664780.47,13964886.92,13852202.86,3350686.2199999997
2018,1265,23072789,47126770.7,31899326.48,31897088.48,15862631.280000001
2018,1266,23270855,50302205.78,38352055.96,38352055.96,8460545.49
2018,1267,12848656,27706259.95,20010207.54,19804377.21,837481.1
2018,1268,10123338,18852975.52,12057195.87,11855900.54,999746.7
2018,1269,14010310,22929700.17,18046528.35,18046528.35,7224198.96
2018,1270,4487787,11573911.47,7544124.82,7522823.42,71376.59
2018,1271,10609945,18868063.97,13347891.52,13347891.52,2641896.36
2018,1272,9555502,20167103.990000002,13031363.16,13031363.16,1303131.16
2018,1273,3214278,10741718.25,6205833.0200000005,5983987.2700000005,248871.0
2018,1274,6220656,14123392.01,7327038.9,7205316.76,597432.0
2018,1275,5343101,10301759.0,5854144.3,5826445.54,129215.8
2018,1276,16492490,32662896.72,15519671.879999999,15512411.879999999,3350732.5
2018,1277,10446992,22787428.64,16199868.08,15738209.43,757155.1
2018,1278,7797374,14205036.8,8865233.19,8831468.09,500050.71
2018,1279,25554475,33195076.8,20971957.77,20773062.04,5827166.0
2018,1280,8034564,16342913.59,14154910.55,14154910.55,3263612.4
2018,1281,10301467,29114471.85,16831800.78,16831800.78,15153730.39
2018,1282,9723834,24400356.279999997,16066430.19,16017958.29,8089029.669999999
2018,1283,9413541,16320624.13,9098554.17,9098554.17,4625583.3100000005
2018,1284,8269474,14053625.53,7975804.47,7975804.47,3362199.1300000004
2018,1285,11650383,21659219.5,12575692.44,12497359.09,8551663.54
2018,1286,6717928,16142021.4,9063929.15,9050331.15,4482279.52
2018,1287,8561609,14457048.36,9849331.25,9849331.25,3811572.58
2018,1301,1604611177,1706494590.86,1300763931.45,1191526054.89,146461803.2
2018,1302,367560975,389665252.33,288226173.66,260934815.81,37938047.86
2018,1303,63210510,78276702.52,54921934.05,54921934.05,15048216.99
2018,1304,119660969,159255185.33,131046260.15,130185579.79,29561718.32
2018,1305,80672208,109408891.0,102682313.41,94823074.61,19338558.47
2018,1306,92292948,127847079.42,101962935.02,101962697.02,15003334.96
2018,1307,41520486,75550914.03,49148000.97,49148000.97,9493750.21
2018,1308,10919085,21685924.77,14421696.7,14421686.7,2022966.84
2018,1309,19243191,25554937.68,24196616.36,24196616.36,7608941.07
2018,1310,31971571,42720228.37,31928873.94,31928120.94,7871515.11
2018,1311,17992752,24529362.68,18604240.47,18604240.47,5000415.77
2018,1312,296643562,353851580.01,325401419.59,320392538.12,46925509.86
2018,1313,29167205,42160310.05,35468731.94,35468731.94,6226918.390000001
2018,1314,160514238,348372276.67,312556153.57,312556153.57,63761165.55
2018,1315,69484987,108075670.92,77939932.96,77837900.17,13431652.42
2018,1316,13783040,18267785.98,15629664.31,15629664.31,3562945.27
2018,1317,22841847,37593636.01,21339974.34,21337163.36,4091710.6999999997
2018,1318,6916918,9544240.88,6614412.16,6614412.16,37719.5
2018,1319,12486826,18168523.03,14145058.35,14058054.04,1010252.66
2018,1320,15606652,22557470.05,14052281.26,14049721.26,3631339.41
2018,1321,13230615,19541742.62,17629184.41,17340835.15,3674635.93
2018,1322,22763905,40380442.78,29295428.57,29295428.57,5932471.41
2018,1323,11359825,12973014.39,9431148.11,9369829.53,899095.41
2018,1324,40017093,58699118.57,48135179.85,48105582.56,11175062.18
2018,1325,12723559,20951809.8,11468187.709999999,11468187.709999999,807405.36
2018,1326,13921989,17477605.85,13270671.35,12814792.03,1281414.5
2018,1327,32536376,46400151.83,32270576.01,31404987.14,7950528.68
2018,1328,9637860,18755843.9,13173536.74,13173536.74,1489947.21
2018,1329,9626990,17797706.29,15283482.58,15283482.58,3316793.1999999997
2018,1330,31918101,46099255.94,34639441.28,34633122.03,8021047.92
2018,1331,24381848,37267656.65,29912948.84,29884415.24,4299118.41
2018,1332,13862161,27192485.9,17183844.91,17183844.91,4461785.6899999995
2018,1333,14123418,23465171.240000002,15885509.200000001,15885509.200000001,3830842.1900000004
2018,1334,37384233,75057335.37,52125501.28,52125501.28,9766147.549999999
2018,1335,79858079,130127097.89,105296444.92,105296444.92,35447580.36
2018,1336,16973224,20139190.5,16569330.5,16569330.5,4182891.17
2018,1337,14262912,18893596.83,14350408.1,14350408.1,4162302.71
2018,1338,15821593,22600973.830000002,18244064.580000002,18211792.29,2856291.84
2018,1339,19653168,28203866.55,18111491.04,18110711.04,4812182.609999999
2018,1340,12588140,15695981.79,13878951.85,13878951.85,3965144.19
2018,1341,36216625,53305192.78,40523788.23,40523788.23,11968085.74
2018,1342,36143851,50563287.41,46097622.07,46097622.07,10866509.99
2018,1343,10877861,15018171.83,11542994.45,11526994.45,3537064.4
2018,1344,9139462,12646282.73,8667513.57,8544921.39,850848.0
2018,1345,71372662,133950734.7,106315979.6,106268229.6,26101436.3
2018,1346,25829822,41726888.57,28902209.65,28902209.65,9578055.129999999
2018,1347,40465252,91485888.05,71957935.97,71957935.97,22146715.91
2018,1401,581827084,748290276.86,649331656.22,623638998.27,83287096.22
2018,1402,29176663,50001867.11,32727490.01,32692904.01,12751170.13
2018,1403,12123990,29247127.61,19705344.29,19703376.29,4788548.71
2018,1404,46968083,72995234.22,59701269.6,59701036.6,17970106.330000002
2018,1405,5019633,13810534.4,8691451.6,8678451.6,5198520.25
2018,1406,39403685,72632871.85,57756364.72,57755678.72,14302095.54
2018,1407,9046870,16883771.669999998,13692946.77,13686452.73,1432975.89
2018,1408,15382590,28538564.52,21420725.78,21420652.78,7001275.97
2018,1409,10378041,18923906.73,11414799.75,11414799.75,1717686.77
2018,1410,10501509,22037389.25,18700499.96,18700499.96,1576664.84
2018,1411,6826391,17961016.74,8735439.18,8734307.93,2569808.85
2018,1412,18039177,44878662.33,24123737.8,24123737.8,11852975.620000001
2018,1413,8339492,19884317.39,14083492.28,14079000.67,2332135.0
2018,1414,13375713,26734255.94,22078124.06,22070785.06,4387864.24
2018,1415,3381759,10717728.379999999,7639989.78,7639989.78,1956453.63
2018,1416,9640903,15218374.91,10367521.46,10301240.03,1254223.54
2018,1417,9088644,28146712.759999998,16027973.58,16027973.58,2192979.63
2018,1418,1511827,5123095.04,3672892.34,3672892.34,3497221.09
2018,1419,6663694,15382175.42,9159389.81,9158631.66,561141.95
2018,1420,2447329,6222533.66,1689059.29,1689059.29,160000.0
2018,1421,766302,5063759.74,4186933.62,4185999.62,38264.5
2018,1422,4058021,10804326.55,6357787.34,6357787.34,167905.0
2018,1423,12975723,32752918.49,22853691.8,22853691.8,4986363.99
2018,1424,6702796,19049119.88,14820131.68,14814156.68,4647112.92
2018,1425,3873161,16879300.19,13018495.77,13016143.77,1141535.0899999999
2018,1426,15491504,33778305.300000004,22810956.43,22344838.830000002,6130258.73
2018,1427,3733873,8500511.81,6187293.21,6187293.21,716832.42
2018,1428,830707,7398487.91,3196020.4000000004,3196020.4000000004,130508.0
2018,1429,3597416,7407917.64,6061973.24,6061973.24,764430.16
2018,1430,1160852,8677189.14,6670987.13,6670987.13,1546542.49
2018,1431,12972033,24838746.62,15764933.02,15758147.02,3176091.14
2018,1432,5163872,8348397.7299999995,5936074.66,5936074.66,194966.0
2018,1433,2487431,0.0,0.0,0.0,0.0
2018,1434,8308751,15101151.51,11589627.77,11587407.06,3824856.38
2018,1435,22837266,31926851.14,26113017.44,26113017.44,8065166.4
2018,1501,394355686,604582486.75,432733187.49,432733187.49,170530458.71
2018,1502,35552133,67161711.76,41043206.339999996,41043206.339999996,7766852.86
2018,1503,11354733,25793742.75,12193262.8,12193262.8,3874297.4000000004
2018,1504,2905180,12088187.19,6616516.56,6616516.56,2482505.26
2018,1505,35900093,48585629.160000004,37671709.44,35987425.480000004,13173388.35
2018,1506,24403523,34513622.87,24979497.47,24340879.63,6306848.96
2018,1507,96222086,154321514.89,117558007.69,117557980.69,20584585.27
2018,1508,41328296,60461622.75,42767452.03,42767452.03,8313161.720000001
2018,1509,10735060,21470462.62,14379820.370000001,14379820.370000001,3749793.84
2018,1510,14687429,35024626.44,16875501.099999998,16875501.099999998,4008258.71
2018,1511,40945204,64194451.59,46213704.4,46213704.4,12267698.73
2018,1512,24953656,42535910.99,34887472.66,34880812.66,6202022.1
2018,1513,27895038,59740269.91,38405119.23,38405119.23,7917192.8100000005
2018,1514,40454175,45426250.62,32845284.0,32845284.0,6558468.23
2018,1515,38198097,64300465.68,43752240.25,43752135.8,11239652.200000001
2018,1516,11808071,30617627.55,19069312.7,16924755.14,1919974.0
2018,1517,62788478,107142263.24,51303255.1,51303255.1,17934943.16
2018,1518,11359996,19043530.98,16970660.1,16970434.1,4523772.72
2018,1519,87290712,103002280.22,75318563.62,73582229.61,14378857.22
2018,1520,17429209,38890979.86,26437432.03,26437047.03,7510148.359999999
2018,1521,69302618,144001466.21,86470856.36,86285671.5,19622084.95
2018,1522,1556498,8862673.65,3990300.04,3977644.97,151101.86
2018,1523,3632575,12942032.25,6561846.11,6372349.56,1266661.36
2018,1524,1272520,9239211.91,2106667.3,2106667.3,115527.76
2018,1525,2453512,8254608.97,4768806.02,4768806.02,267438.0
2018,1526,21080046,41155095.5,28159572.92,28069672.92,8239416.83
2018,1527,10315163,21842927.04,16577263.98,16560013.98,1471611.07
2018,1528,24578225,60433128.42,45880327.25,45844271.25,10892755.459999999
2018,1529,16710930,42667769.27,31457487.84,31457487.84,6531338.93
2018,1530,47824047,93628890.81,58217499.36,58217499.36,21597607.83
2018,1531,18916318,42478622.72,22017318.32,22017318.32,6011481.06
2018,1532,20141484,42057127.08,29689879.72,29689879.72,4833533.63
2018,1533,4952938,18039000.11,9963672.5,9963672.5,4169338.95
2018,1534,6987027,12015506.39,10093485.11,10093485.11,3580931.0
2018,1535,4569878,11793548.79,4741005.66,4741005.66,376870.27
2018,1536,2660071,11588958.55,5511982.91,5509982.91,678190.0
2018,1537,73474167,101770047.29,67504732.08,67494939.08,21040901.29
2018,1538,1893224,10848868.129999999,4610848.9,4496985.41,251270.0
2018,1539,19101930,33986489.07,22140755.2,22140755.2,7201948.38
2018,1540,8684869,15975048.76,11589264.0,11589264.0,4903403.85
2018,1601,560873594,801995479.81,566970126.14,565832009.59,95638294.73
2018,1602,43584201,86299659.97,72039753.78999999,72039753.78999999,16467679.26
2018,1603,84424784,124032787.94,96820393.15,93480821.45,24273173.990000002
2018,1604,242488427,311071885.3,261602396.41,254211916.85,70300450.26
2018,1605,85543131,150259638.9,108618610.24,108618610.24,27013041.68
2018,1606,155895430,197906694.05,158164350.23,158164350.23,28042854.57
2018,1607,38399705,67674174.03,52989968.12,52989968.12,11306070.97
2018,1608,16514468,38852086.51,23982115.55,23982115.55,8520578.15
2018,1609,59311827,109018839.22,86481367.19,86481367.19,20553466.98
2018,1610,32532848,43385175.34,34747915.15,34747915.15,9759093.86
2018,1611,46048431,88828135.81,67826879.46,67826879.46,31830380.67
2018,1701,3765186948,4097059878.9,3458714627.35,3263205934.57,394541844.58
2018,1702,96332221,111731413.83,99950208.73,99008921.62,12035761.120000001
2018,1703,44270241,88043055.44,55743407.980000004,55740920.980000004,14184634.52
2018,1704,162771068,209272702.73,173162062.01,172050209.79,56859568.6
2018,1705,68779542,88879787.17,70541183.98,70541183.98,7973617.77
2018,1706,228829436,354288340.19,309116894.08,295534887.87,62213801.71
2018,1707,72102775,109302120.99,85929225.98,85757228.73,11845979.53
2018,1708,14011688,26240876.07,20394325.78,20340771.43,5277807.46
2018,1709,10025088,19002682.5,15483988.639999999,15483988.639999999,3775550.5
2018,1710,26066079,48757305.71,27527880.19,26947584.97,16353654.53
2018,1711,25419010,42594285.43,35262639.82,35257387.87,5099830.15
2018,1712,85559970,141566213.6,92042522.77,91912998.84,11469670.290000001
2018,1713,40929568,58241107.1,45894555.23,45305529.58,4792669.69
2018,1714,56422465,89621539.02,67707918.23,67484666.16,13897645.64
2018,1715,20317094,41362395.24,33398696.900000002,33079130.7,3811984.57
2018,1716,34801706,53977053.27,35974842.81,35916956.09,6002426.32
2018,1717,21784610,34892601.32,25935721.63,25424320.39,8761321.27
2018,1718,7801790,18403997.18,11630246.71,11630246.71,3719982.81
2018,1720,32311394,52540424.87,47642331.43,46491601.019999996,5595105.5600000005
2018,1721,7407146,17069231.74,10519505.61,10519505.61,1950321.3
2018,1722,14497398,24145065.81,18647516.0,18643031.94,2974909.77
2018,1723,46231943,59497227.42,51466178.93,48365045.45,6863809.14
2018,1724,12491422,31419323.57,19640191.39,19409792.990000002,4593566.529999999
2018,1725,29454924,41695066.27,32113581.05,32111754.74,3111463.0
2018,1726,6414950,13309577.51,6298023.25,6298023.25,197569.15
2018,1727,5209535,11358299.760000002,5702899.88,5649604.36,295473.14
2018,1728,5574910,9302482.57,6079496.45,6066906.279999999,228207.54
2018,1729,4306496,12258281.24,5581597.86,5581597.86,238114.73
2018,1730,16762242,34229541.36,21869186.91,21869169.97,7111390.46
2018,1731,15173999,20156914.82,14189646.71,14189646.71,3934929.37
2018,1732,13326499,22059641.53,16468585.26,16459785.26,5523194.73
2018,1733,5279866,16076820.620000001,7579629.15,7469054.73,282535.97
2018,1734,202888517,308992506.53,240238897.39,240236571.26,25729713.33
2018,1735,19452996,31500776.99,23235835.08,22595869.63,9522902.56
2018,1736,27146726,37582643.77,30344486.33,30344486.33,5838866.46
2018,1737,23991371,46501563.78,31267300.009999998,31217800.009999998,9395105.93
2018,1738,17137173,25815135.9,21088979.77,21088979.77,5051202.55
2018,1739,55651627,110506761.92,79633075.65,79633075.65,28611646.39
2018,1740,18274714,33515323.51,25012673.55,25012673.55,4382459.86
2018,1741,24086816,46532159.78,29767963.39,29236505.52,9645905.38
2018,1742,11622700,24407857.9,16582338.5,16582338.5,4718621.5
2018,1743,30799604,40517870.31,33845507.160000004,33845507.160000004,8272734.24
2018,1744,23312818,32473544.04,24476668.65,24476668.65,4342803.8100000005
2018,1745,32202815,42966401.03,37623058.67,37595308.67,5162124.84
2018,1746,9137765,16440480.52,12622353.36,12622353.36,3624466.35
2018,1747,18482594,30758713.330000002,17143332.990000002,17100432.990000002,2310566.63
2018,1748,17085047,32882354.01,19091012.96,19091012.96,6343381.25
2018,1749,8770946,15167998.82,11034933.18,11034933.18,3378778.3899999997
2018,1750,11011997,18953226.45,11310188.56,11310188.56,938270.21
2018,1751,11763957,23142808.98,15063083.64,15063083.64,4154966.04
2018,1752,13287317,24399895.77,15823361.8,15823361.8,3290372.27
2018,1753,18967990,46934281.76,30113533.52,30112256.29,4780574.9
2018,1754,23908771,44247752.1,36572244.61,36570012.61,9398068.26
2018,1755,40725830,60170328.53,45868849.57,45868849.57,12246453.22
2018,1756,15856916,27023533.04,20606736.31,20606736.31,3907670.9
2018,1801,216280491,265401886.57,242824946.14,233393299.96,15402487.23
2018,1802,7206213,14109399.94,8972588.38,8642965.86,420076.65
2018,1803,190028589,267070708.19,236041505.29,236015838.09,21974819.95
2018,1805,65014399,79568805.63,68720305.38,68720305.38,8564731.42
2018,1806,19410449,35569998.96,26980784.06,26941206.72,1731511.3199999998
2018,1807,29679135,50472598.65,37306960.67,37299821.34,8118319.91
2018,1808,58282723,74071892.63,60830726.120000005,55979503.42,9377433.7
2018,1809,15813767,27370476.97,18160522.64,18155232.64,2451386.1
2018,1810,42239291,49110952.55,44796540.15,44776172.15,6039598.11
2018,1811,29933623,45922337.51,36031514.88,35661137.72,4343286.33
2018,1812,6130769,15092612.16,9421616.46,9421616.46,3879667.2
2018,1813,17549832,29381180.97,22819750.05,22783383.4,1576691.39
2018,1814,19161867,28194538.76,24419033.78,24354287.759999998,627595.34
2018,1815,7917427,17511336.78,11450452.58,11345655.11,792619.67
2018,1816,1900924,9011113.89,3447445.05,3394976.31,238469.0
2018,1817,17397524,26144117.17,23418239.14,22175390.7,1097054.11
2018,1818,10520565,19125213.58,14729388.34,14114270.07,1596960.53
2018,1819,5862083,16012583.02,13276872.0,13276872.0,4416216.61
2018,1820,8908641,17839872.9,9594048.85,9361985.06,889915.0
2018,1901,209836136,345846295.77,293363660.72,293238257.49,53243062.77
2018,1902,24990512,37878516.3,32313867.8,32312811.68,3574056.4899999998
2018,1903,7262855,11500409.35,9271131.43,9164787.98,3408865.6399999997
2018,1904,12483814,17700525.93,16753399.57,16437390.74,2415815.19
2018,1905,18495551,29931478.77,27445883.62,27437675.62,7589905.71
2018,1906,9867229,16582322.709999999,14666151.06,13061436.42,1188922.0
2018,1907,17144588,22968845.0,22119330.73,22113850.73,5819750.74
2018,1908,27957953,41791287.48,37095112.1,37095112.1,7717970.53
2018,1909,23685131,34004324.71,30762314.28,30670316.28,7448735.53
2018,1910,29458120,48084932.74,43163449.32,43067835.87,4397009.04
2018,1911,8334203,12681716.73,10523516.51,10050974.18,1626022.98
2018,1912,5317459,9152191.32,8122810.9,8117810.9,1853752.3
2018,1913,6761670,13398288.15,11003534.91,10915218.27,1402100.1400000001
2018,1914,9126075,14281279.73,11383199.530000001,11340346.700000001,1530174.45
2018,1915,6703472,11310110.32,9153547.58,9112673.36,644555.25
2018,200,76487210,76487210.0,57638832.03,54121488.68,0.0
2018,2301,8372190,8372190.0,7326240.03,7317681.91,0.0
2018,2302,20038201,30641907.83,16640648.43,15690659.09,0.0
2018,2303,85000000,100210621.0,96997651.27,65086587.99,0.0
2018,2312,6466790,6466790.0,3958519.58,3782267.46,0.0
2018,2313,25298710,33853895.0,29684534.89,29642999.89,0.0
2018,2314,27600000,27600000.0,17893212.41,17893212.41,0.0
2018,2315,110879000,129785587.0,106928019.17,103139709.11,0.0
2018,2316,55128037,69923273.0,68980222.35,54734506.3,0.0
2018,2317,72576106,134713049.0,80901262.48,71309226.04,0.0
2018,2320,6976655,6976655.0,4362316.81,4362316.81,0.0
2018,2322,5707797,6391977.24,6323450.92,6323450.92,0.0
2018,2323,19040793,21640846.59,19168460.17,19168460.17,0.0
2018,2324,36949202,44124447.62,40586509.55,40586509.55,0.0
2018,2326,10899645,12194956.56,11574364.25,11574364.25,0.0
2018,2327,18100941,18100941.0,15614905.03,15614905.03,0.0
2018,2328,400000,400000.0,220717.82,220717.82,0.0
2018,2331,14331760,14331760.0,11479558.55,9936396.879999999,0.0
2018,2334,32281912,44330786.0,39216446.29,39015308.2,0.0
2018,761,23457763,23457763.0,14108320.14,13999451.55,0.0
2018,781,293162168,293162168.0,182879574.13,152816680.32,0.0
2019,1101,800853532,890851766.8,581259254.33,572444921.74,92098926.96000001
2019,1102,27740683,35958255.1,29172931.36,29139984.62,4783160.04
2019,1103,25925822,47248886.85,36822727.51,36822659.51,6726206.12
2019,1104,15257895,30663116.8,26416961.3,26416961.3,1600484.71
2019,1105,20765060,31636830.939999998,25457830.419999998,25449546.419999998,5555062.83
2019,1106,27143422,38240979.44,29979267.71,29979267.71,5286922.77
2019,1107,28070851,33528353.15,25645646.75,25636919.25,2782162.4699999997
2019,1108,18530508,34997185.11,27774731.5,27774256.5,6628457.78
2019,1109,12766656,21544230.77,19313497.48,19313497.48,1868379.92
2019,1110,19133481,36415154.0,28793933.45,28793933.45,1685346.64
2019,1111,20451295,26087549.94,20480354.21,20478918.21,3115824.71
2019,1112,11375494,23990690.14,19264049.97,19264049.97,2985878.27
2019,1113,12121456,22899283.88,16933890.259999998,16933890.259999998,4904796.92
2019,1114,6907729,17130460.48,14904763.97,14904690.97,2408516.0
2019,1115,61445216,86583346.74,63444498.67,63419593.67,7770332.67
2019,1116,14600935,24085741.67,18315812.009999998,17996822.56,1937580.96
2019,1117,29457496,41735535.62,34858901.160000004,34858901.160000004,6338226.95
2019,1118,16609542,26168921.43,20171189.39,19720691.72,2031212.01
2019,1119,27691795,53694727.81,43853607.95,43853572.95,4538161.39
2019,1120,46375871,70270621.42,58152267.39,56316800.93,13663558.1
2019,1121,21627893,39309319.94,31529583.55,31529583.55,4910115.92
2019,1122,22060679,34619369.81,22630800.87,22573318.16,2252393.48
2019,1123,8888495,15635374.18,12161860.44,12161860.44,475554.0
2019,1124,32143140,65153117.4,52748178.62,52748178.62,4176970.5900000003
2019,1125,6181211,27561012.58,25777781.830000002,25777781.830000002,3206993.95
2019,1126,18402444,28213762.05,21832461.45,21818019.36,4039738.15
2019,1127,4589643,11729502.610000001,6697516.68,6689649.85,1459502.45
2019,1128,17811213,27585841.99,24903891.68,24900767.68,1580144.98
2019,1129,28105857,37841760.2,27267584.73,27267584.73,5629483.27
2019,1201,2384232906,2570286949.07,2236442837.93,1972963707.84,88952915.0
2019,1202,24364900,39384644.89,27913025.96,27603781.71,4947266.7
2019,1203,28344739,58419700.65,46340905.99,46340416.49,19255553.96
2019,1204,51848502,85221566.01,58607626.75,58607626.75,23441694.55
2019,1205,1583325414,1841585353.05,1489855376.61,1372518551.99,139114386.98
2019,1206,148246592,194199804.14,140679299.87,137853607.97,30396020.09
2019,1207,11859220,22001595.57,15574542.94,14986235.14,3773205.37
2019,1208,13274107,27029630.19,19546534.76,19546534.76,1935638.65
2019,1209,16860248,23486011.83,19695592.95,19695592.95,4056964.76
2019,1210,59180106,92077645.72,71904439.45,64552667.05,6770714.93
2019,1211,34783108,39369704.2,30698700.0,29700609.89,6526662.69
2019,1212,10543383,16290931.89,11942107.46,11816277.46,1555150.08
2019,1213,12002725,24238185.17,18812167.29,18700807.29,1749699.15
2019,1214,15540008,23001205.99,19371832.79,19371832.79,3594548.58
2019,1215,26235700,40968397.71,22614357.97,22168155.23,4189116.09
2019,1216,11280668,17895965.36,12436033.45,12436033.45,2184791.13
2019,1217,6946513,15220847.62,10721335.69,10721335.69,2074667.46
2019,1218,16736209,23006485.25,19206191.41,19156103.68,3153632.59
2019,1219,12140595,16863777.25,13899377.81,13896570.81,1423484.25
2019,1220,12459990,19299824.56,14146131.03,14146131.03,1490170.84
2019,1221,27554401,44957434.75,31903559.86,31903559.86,5325428.08
2019,1222,11153060,17180844.83,6089732.38,6073952.88,1665674.0
2019,1223,7408624,17793431.09,11372790.23,9743787.82,627575.53
2019,1224,54547664,63513701.0,31674329.15,31556644.32,7094533.68
2019,1225,15512753,22398649.09,19048990.98,17686342.59,1558354.77
2019,1226,38141901,48569232.82,32339448.47,32339448.47,10681442.770000001
2019,1227,21073288,25403561.47,21127685.98,21104208.91,2568181.43
2019,1228,9011087,23150747.58,14177558.73,14177558.73,2550466.77
2019,1229,12893843,21640980.83,14850498.16,14775660.76,4462959.06
2019,1230,5088557,9700131.12,5813229.41,5805100.13,1620681.3699999999
2019,1231,5788328,13524836.69,9459760.43,9459528.27,903308.42
2019,1232,17727707,41285269.87,22479488.34,22419656.87,2743974.85
2019,1233,8719481,14663833.56,11788933.79,11788933.79,1444878.53
2019,1234,6978420,9159543.92,7840728.57,7630805.19,2113646.99
2019,1235,14497921,24896594.23,14898829.77,14898829.77,6101061.3100000005
2019,1236,9504908,16786802.23,8481944.68,8481944.68,2721539.5
2019,1237,6896601,12538950.92,11141787.34,11141787.34,902811.4
2019,1238,15751776,21644365.68,13744043.78,13744043.78,2397850.01
2019,1239,18490031,22877409.689999998,13700149.78,13596429.26,2692078.99
2019,1240,11578172,20925376.0,13447017.32,13406133.32,2192332.56
2019,1241,7115195,14325825.290000001,12486455.87,12486455.87,4608588.25
2019,1242,4892483,9719457.66,4475059.43,4333280.67,1432874.7
2019,1243,6736987,13782817.370000001,10335880.86,10335880.86,631057.69
2019,1244,2264706,3096513.38,2589187.6,2578656.1,96370.06
2019,1245,9073193,15258478.78,11810896.84,11808432.69,926755.99
2019,1246,13096832,19081446.06,13779633.98,13779633.98,2619579.51
2019,1247,17708795,32544200.57,16862182.79,16862182.79,3966143.71
2019,1248,16843596,24517078.93,19849320.78,19849320.78,3058991.99
2019,1249,20970134,37336468.51,23696943.6,23696943.6,4329640.78
2019,1250,9222637,21203935.89,13286558.69,12513311.35,2462488.03
2019,1251,13786945,21303319.36,16400990.63,16400990.63,1730553.98
2019,1252,14697737,22553425.63,16668795.290000001,16638128.290000001,2966662.0
2019,1253,8653465,14135213.66,8716593.1,8716593.1,1481580.31
2019,1254,8194178,11990677.049999999,7944396.86,7930396.86,493541.09
2019,1255,14188531,31255025.380000003,23976966.98,23973900.12,2360104.51
2019,1256,22713904,39008288.87,32137502.52,31754329.91,3742703.73
2019,1257,21215270,35954905.84,29910957.28,29900244.65,1285104.88
2019,1258,8082958,14161660.56,11348053.98,11348053.98,1292365.53
2019,1259,36849944,73811750.44,51466347.660000004,51460243.660000004,23310639.55
2019,1260,42077994,119869452.62,62581319.79,62581319.79,35347099.78
2019,1261,42138180,60912343.79,50544577.6,50544577.6,12280005.01
2019,1262,27575949,40417235.97,33043082.59,32976361.59,8467453.66
2019,1263,25264057,37743596.4,25790422.34,25790422.34,3488467.0
2019,1264,10072000,17910029.68,14679631.93,14679631.93,861945.6
2019,1265,24123765,38571914.26,28412479.080000002,28374200.080000002,8174015.45
2019,1266,23177849,34729607.31,23601739.69,23601739.69,2377369.63
2019,1267,12990743,24039720.1,19617091.51,19557906.93,1140957.28
2019,1268,11747997,16180219.86,11493934.47,11285755.02,1684535.72
2019,1269,14536643,21093473.18,14905044.31,14905044.31,3740170.3
2019,1270,4928268,11719686.97,8215606.36,8200657.36,20964.0
2019,1271,10833545,16126725.23,11539781.34,11539781.34,2205025.92
2019,1272,11946903,15997901.99,11139554.31,11121701.31,1060282.88
2019,1273,3594128,4596384.0,2347155.42,2013797.32,205929.2
2019,1274,6818184,12686078.55,8335069.4399999995,8335068.9399999995,795800.76
2019,1275,4708050,10510620.59,8024285.100000001,7557145.550000001,784768.0900000001
2019,1276,19013049,23521847.62,18530304.84,18483755.3,3860799.86
2019,1277,11343569,15190484.48,13823036.84,9872155.56,1468144.16
2019,1278,9430568,18571367.11,11167688.81,11167688.81,731850.65
2019,1279,26998142,34102123.0,19255744.080000002,19051727.080000002,2503212.1
2019,1280,6702246,15784359.67,12852964.36,12852964.36,1146850.42
2019,1281,8945729,18738064.44,12817299.3,12750717.46,6130131.7
2019,1282,14329284,23153434.86,18850679.81,18722558.59,6386431.23
2019,1283,11140338,18841276.52,12102659.41,12095974.22,4764426.64
2019,1284,6530796,15387630.39,10172949.48,10172949.48,1544067.24
2019,1285,12873790,20430669.1,11509921.33,11509921.33,5916328.15
2019,1286,5572838,13010613.82,10666258.379999999,10666258.379999999,3581902.8
2019,1287,6265272,13603852.41,11174263.1,11174263.1,2246820.06
2019,1301,1555977314,1806075243.77,1404699902.54,1299304578.53,129131579.78
2019,1302,312374580,371602842.69,231024638.3,221501338.34,34332102.68
2019,1303,61877565,78507468.71000001,60019769.0,60019769.0,17149528.330000002
2019,1304,94997371,126165383.87,101378264.51,98882268.32000001,14651060.01
2019,1305,77841131,99390183.37,85048730.61,80898778.66,16783436.55
2019,1306,99085102,140731399.39,111903352.85,111903352.85,12486555.0
2019,1307,36980649,75133390.33,44748933.35,44748933.35,14876919.770000001
2019,1308,11004102,16570935.35,12366853.86,12366853.86,825488.3
2019,1309,7200091,12616309.19,9423398.0,9423398.0,862545.91
2019,1310,25401295,39412504.33,32119553.03,32119553.03,6213218.5
2019,1311,14106589,27479228.82,22226900.38,22129407.57,2987593.19
2019,1312,312285173,357898079.29,281558006.22,281522408.87,56489349.94
2019,1313,23345166,45455742.61,37388601.339999996,37388601.339999996,9061370.0
2019,1314,105864154,215207557.03,174009532.77,174009532.77,29433790.81
2019,1315,62156624,93667022.34,65605344.1,65596344.1,17749345.68
2019,1316,8952608,17812746.77,13242799.959999999,13231850.86,2738044.08
2019,1317,23186511,39738145.31,25545985.08,25545985.08,2328498.0
2019,1318,1874237,7804940.2700000005,4064948.47,4064948.47,46726.0
2019,1319,3806033,11903108.64,8578748.11,8471050.98,259631.29
2019,1320,11435017,20885148.26,13096967.31,13085267.31,1320277.76
2019,1321,8539508,15120029.86,12118729.15,12016219.89,1238758.28
2019,1322,21740045,33894684.54,25035080.24,25035080.24,5917814.37
2019,1323,4510593,8563833.25,6719925.67,6719925.67,1322724.14
2019,1324,32993520,54526487.82,40781170.42,40781170.42,10992115.15
2019,1325,8974792,22650206.0,16256355.81,16256355.81,780289.0
2019,1326,9618289,21081498.84,16210247.93,16206247.93,7305167.84
2019,1327,28273195,47454686.18,32811021.29,32806967.39,5172502.62
2019,1328,9863709,21414184.31,14142275.040000001,14142275.040000001,1632537.0
2019,1329,4679326,15805011.9,13906204.459999999,13906204.459999999,1168946.51
2019,1330,27547151,53649756.54,42501519.6,42135778.339999996,6378899.41
2019,1331,16507154,23916510.84,17182052.54,17005648.7,3508143.0
2019,1332,12946153,25411362.94,21182288.01,21182288.01,4111400.19
2019,1333,12821577,22651024.37,17237407.98,17237407.98,1775775.93
2019,1334,45393272,52927038.06,44726602.13,44550300.13,4460225.45
2019,1335,75426678,132449567.99,105032366.36,105032366.36,34233581.68
2019,1336,17939336,18042493.71,13497372.37,13497372.37,1487584.33
2019,1337,9438969,25218661.51,19765507.32,19765507.32,4787384.53
2019,1338,11105974,14689158.73,13430692.44,13348592.57,2447610.99
2019,1339,11392542,27479665.78,20197274.7,20197274.7,3458991.41
2019,1340,8410256,14289494.58,12129339.43,12129339.43,1497007.88
2019,1341,24081288,37041094.45,28966159.48,28966159.48,5310177.68
2019,1342,29736622,43407277.55,36872276.17,36409517.59,10596657.4
2019,1343,5661713,11259757.36,8189583.79,8189583.79,1650693.16
2019,1344,4252235,11395116.47,8852896.040000001,8852896.040000001,231617.0
2019,1345,53822674,96720944.64,80235387.10000001,80235387.10000001,17609307.14
2019,1346,19727197,45826727.13,37516674.21,37516674.21,8349831.220000001
2019,1347,29053228,58912574.69,44433931.57,44303104.2,8497412.34
2019,1401,567340693,718402203.92,595407773.49,589686208.63,85481990.56
2019,1402,35565310,59360353.44,41633898.26,41633898.26,10014652.81
2019,1403,13871595,28074315.88,19345148.32,19345148.32,2793928.8
2019,1404,47787028,70388812.34,55495889.22,55488089.22,13672300.97
2019,1405,5602284,14494202.31,12075449.18,12074070.18,3491691.51
2019,1406,40531907,61365389.38,47992307.78,47987141.78,10930436.7
2019,1407,8890082,15013579.89,11167549.3,11137554.4,1360921.98
2019,1408,15194675,29630901.93,22834964.88,21558181.77,3582810.05
2019,1409,8659028,17743945.65,14168191.16,14168191.16,2722505.26
2019,1410,8919684,20065504.96,13595357.44,13505957.620000001,3307004.36
2019,1411,9154405,16700500.209999999,10574011.83,10574011.83,2322885.92
2019,1412,20643311,55520380.71,34927307.31,34927307.31,13093814.67
2019,1413,7829810,17954456.16,14770625.63,14759543.37,1977815.91
2019,1414,13013725,19244253.91,15965951.28,15652151.06,3279202.08
2019,1415,2663846,9557331.73,7856810.34,7856810.34,693571.03
2019,1416,6123525,16104621.24,14250508.24,14250508.24,1215049.0
2019,1417,11033098,27466080.0,15659374.52,15659374.52,1557361.37
2019,1418,1585888,2955897.33,2649589.26,2579184.36,1786571.8800000001
2019,1419,9754598,19582883.44,16120602.12,16120602.12,1267180.75
2019,1420,4331002,8779505.91,5017222.4,5017222.4,153390.98
2019,1421,865383,3009889.23,2099435.42,2099435.42,39571.0
2019,1422,5878102,12732443.65,8016501.87,8015584.87,130955.05
2019,1423,15999320,29937182.65,22274071.95,22274071.95,2618243.0100000002
2019,1424,7408917,14856043.2,12441176.93,12441176.93,3077091.14
2019,1425,4483773,14316424.52,10571893.49,10571893.49,832375.9400000001
2019,1426,21123199,36278704.19,25302356.93,24959124.15,4043016.5300000003
2019,1427,4149064,8865087.13,7497000.84,7497000.84,797736.0
2019,1428,1154277,9932463.2,6025164.72,6025164.72,2306891.17
2019,1429,1001627,7041485.67,5491265.550000001,5491265.550000001,596030.73
2019,1430,1277314,7763748.91,5684504.8100000005,5684504.8100000005,423912.43
2019,1431,11499986,25891762.490000002,19847953.63,19847953.63,2005450.1099999999
2019,1432,2256112,8642646.35,7196445.18,7196445.18,558451.0
2019,1434,7604905,15920103.99,12535485.2,12535485.2,3279764.25
2019,1435,21410244,33515194.23,26630907.68,26630907.68,9369119.870000001
2019,1501,404092842,536084592.92,357606750.72,357606750.72,108247554.7
2019,1502,45009162,61422479.65,37622432.06,37620582.06,6328462.75
2019,1503,12043179,24706471.98,14520220.78,14520220.78,2860080.77
2019,1504,5437324,12085799.99,6830347.1,6830347.1,1367454.75
2019,1505,40174921,46035895.18,36338096.49,35755080.45,8226177.53
2019,1506,24548854,34023563.93,24181999.0,23055495.54,4845515.0
2019,1507,85867615,142188345.92,107207712.06,107203322.06,26163877.64
2019,1508,47064914,66013437.1,48927256.11,48729256.11,15223733.96
2019,1509,13264216,25573875.58,16380511.36,16380511.36,5814496.31
2019,1510,15370103,36054966.5,22253155.78,22248855.78,4089034.4
2019,1511,46494946,72139401.92,55806330.51,55795692.51,16241040.94
2019,1512,25630762,34444420.6,28138989.56,28138989.56,3620125.11
2019,1513,32983034,55788574.1,33479929.46,33479929.46,7400046.74
2019,1514,27242072,57465940.98,45092206.03,45092206.03,3722731.84
2019,1515,38272028,60957866.81,43307704.81,43307704.81,8767132.620000001
2019,1516,14017602,29997121.46,23065129.23,23065129.23,2295835.7600000002
2019,1517,64265223,120766560.05,70647967.29,70647967.29,14718925.81
2019,1518,13960276,20006002.41,12711539.9,12676378.18,1709013.6300000001
2019,1519,65510833,112096366.36,71410058.2,71409632.01,11668350.29
2019,1520,22296228,36782057.28,27339623.59,27339538.59,7011235.86
2019,1521,95591422,152085966.21,102509794.55,102502832.22,22727388.4
2019,1522,3247052,7297244.59,5363395.73,4408205.63,434904.2
2019,1523,5729577,16365740.99,10019364.24,9912341.56,610985.36
2019,1524,4094096,9155759.07,4350448.91,4348783.41,2569646.6300000004
2019,1525,3483772,6778620.01,5017945.42,5017945.42,399858.38
2019,1526,25114752,38021083.65,27896946.22,27896946.22,7261971.02
2019,1527,10723701,19516975.14,12680368.84,12657119.8,2222959.79
2019,1528,33171537,49543765.25,41969698.29,41969698.29,12802658.75
2019,1529,17886652,31035195.17,18749211.26,18749211.26,3524032.1500000004
2019,1530,69036865,84132802.59,39034598.29,39034598.29,19403418.150000002
2019,1531,20258457,39941890.27,31810439.89,31810439.89,5203537.03
2019,1532,21977186,37965597.64,24245855.830000002,24245855.830000002,5082931.5
2019,1533,8349820,14994986.98,13731029.75,13731029.75,2105063.54
2019,1534,7961737,10637261.48,9479171.14,9479112.64,1285559.08
2019,1535,4979737,12282281.5,6732833.109999999,6433317.06,513486.66
2019,1536,4846097,11428807.53,5318003.84,5314011.84,2609138.69
2019,1537,86458026,128809214.55,94124299.09,94124299.09,37125441.91
2019,1538,5193174,12950017.92,8865138.67,8687013.53,678210.26
2019,1539,22839811,34155232.82,20243028.2,20243028.2,4197202.02
2019,1540,10853922,14536650.68,12041362.26,12041362.26,4165242.5700000003
2019,1601,560781894,780424628.47,556386589.41,555108702.97,78274492.26
2019,1602,46122244,79115097.47,56005191.24,56005191.24,11443136.75
2019,1603,81102732,126547355.49,83864050.83,77517468.67,27030822.05
2019,1604,268897562,335899370.75,274829108.29,273269108.29,70376651.71
2019,1605,106737738,145681190.05,92557881.48,92557881.48,25578843.2
2019,1606,177808219,219049469.6,168622861.39,168521780.12,28471097.080000002
2019,1607,39657560,58640210.52,29397449.34,29397449.34,11971449.19
2019,1608,22193600,33691646.22,20298935.08,20298935.08,8344870.57
2019,1609,57504077,96198425.51,61103425.19,60875962.55,14987986.08
2019,1610,27183863,46470796.89,18347891.81,18347891.81,4114833.11
2019,1611,47668275,82147984.13,47486823.58,47486708.58,29040630.69
2019,1701,3687465676,4078698495.59,3321232109.22,2970496124.3,361958995.5
2019,1702,103393841,166566232.05,108564247.5,105875647.79,17950733.37
2019,1703,73319446,101339425.6,79576666.37,79576666.37,11105116.1
2019,1704,203379199,296581254.97,224183903.77,211166766.62,54170202.17
2019,1705,68950650,89177414.89,74688900.34,74688900.34,5636189.53
2019,1706,254252348,388223110.73,255916206.72,255268450.38,68335621.7
2019,1707,63896769,117584679.79,95128297.69,95128297.69,18611659.3
2019,1708,20928280,29709812.13,24260876.180000003,24183867.180000003,1473171.33
2019,1709,9253208,14223763.92,12255619.21,12255619.21,2344793.27
2019,1710,19757134,39435149.480000004,27192250.76,26704709.78,8935501.58
2019,1711,26523134,43765732.17,33184253.84,33184253.84,5992531.11
2019,1712,75404700,133547269.26,96578981.65,96094042.46,11797453.54
2019,1713,43123168,52069591.02,42406481.589999996,41734043.55,4944473.71
2019,1714,51941493,87849583.56,71250548.92,70927942.32000001,12516187.1
2019,1715,19311598,29584364.240000002,23834706.08,23834706.08,3123305.65
2019,1716,35294056,57391442.31,37013003.52,37013003.52,8456504.48
2019,1717,24999969,34811626.6,27050301.18,26598323.65,6426350.07
2019,1718,6715716,22591893.68,16212711.85,16212711.85,10579941.7
2019,1720,31851440,50818532.83,32817069.04,32817069.04,7474046.64
2019,1721,5291291,14732331.85,9689882.99,9689882.99,1503378.01
2019,1722,12747539,18220216.33,15854204.42,15800026.42,3521450.71
2019,1723,53305687,65897779.9,58578140.44,54196881.96,10383683.46
2019,1724,6470304,19545410.63,13777332.72,13763782.72,3275196.56
2019,1725,30029351,43498495.01,33276488.15,33274471.8,3109441.89
2019,1726,3863361,11068686.16,8322626.17,8322056.97,247923.5
2019,1727,5236940,8308698.08,6346926.76,6272426.46,2485869.29
2019,1728,2599671,10162542.959999999,7196704.47,7145204.47,1850581.13
2019,1729,5434914,9226005.5,5683349.54,5605895.39,253051.89
2019,1730,16873461,35138797.09,24530421.17,24530421.17,3349701.03
2019,1731,12048652,20478560.89,15153118.92,15153118.92,1568284.26
2019,1732,12978062,15724131.02,12518019.92,11781098.65,1450043.75
2019,1733,4749997,9350410.14,4316687.3,4206931.3,200409.58
2019,1734,261178384,364704944.97,289667569.4,282021351.97,30872742.07
2019,1735,17228257,38375408.21,32394571.2,31986986.96,15717849.76
2019,1736,31456747,41059470.94,28653295.61,28653295.61,5154020.69
2019,1737,27177958,49047211.89,33493153.28,33492953.28,9790137.06
2019,1738,15898602,25567070.82,20796027.87,20796027.87,2949226.89
2019,1739,87166624,117034695.11,89702470.88,89702470.88,40539347.53
2019,1740,16569552,22311876.28,17478377.75,17478377.75,2332694.64
2019,1741,27979587,45165963.51,27033732.04,26559153.52,9288319.34
2019,1742,9437194,19506926.69,15456337.92,15455154.92,1510448.62
2019,1743,24611325,40953548.07,32897780.66,32897704.66,14476954.03
2019,1744,25563690,29184503.0,27195966.61,27195966.61,3224712.0
2019,1745,30161301,54841434.25,41263550.91,40768413.7,9632969.809999999
2019,1746,7257454,8884466.72,6569052.69,6569052.69,1494472.3900000001
2019,1747,16026706,42046220.83,29931983.79,29931983.79,4366993.12
2019,1748,16882713,33473461.19,22636157.95,22636157.95,4493068.91
2019,1749,6538025,10757143.9,8997126.78,8972126.78,838457.1
2019,1750,8997025,19981764.74,14595843.33,13510882.33,2934629.71
2019,1751,8725947,18519180.74,10991844.2,10991370.2,2073115.6199999999
2019,1752,15239540,28804452.86,21729260.0,21492399.04,2268893.54
2019,1753,19885687,36348641.25,31076017.62,31067868.65,2649060.6
2019,1754,21764869,33194496.63,26002699.45,26002699.45,4089813.9
2019,1755,35558240,52304185.56,40265527.01,40265527.01,6171812.43
2019,1756,13948201,26731658.75,17662412.85,17662412.85,2158086.88
2019,1801,235231948,264019562.4,222300788.46,207107966.67,14637259.73
2019,1802,9359841,11784613.11,9119530.85,8803054.6,1524051.01
2019,1803,191023787,234209093.36,203281819.71,203281819.71,24497802.86
2019,1805,70716020,90006498.36,78686500.63,78686386.63,8781786.0
2019,1806,22298064,29892863.06,22292485.59,22292485.59,3960827.43
2019,1807,36415582,51533385.92,36402007.15,36347007.15,6892415.15
2019,1808,69726584,78459538.07000001,63071201.44,61453145.92,10818129.06
2019,1809,16950854,28371519.96,18715466.38,18683466.38,4016008.77
2019,1810,47130232,52268931.0,41813907.910000004,41497416.49,5834405.81
2019,1811,33859060,51704353.64,38815096.33,38071227.31,8757892.290000001
2019,1812,7617968,13095271.700000001,8578862.86,8573715.76,2309383.06
2019,1813,20853347,28872360.32,20114535.39,20114535.39,4833903.28
2019,1814,12509455,20264710.87,13669792.98,13598720.04,2496156.0700000003
2019,1815,10883337,16078011.780000001,9698937.61,9615593.77,1104105.04
2019,1816,2963492,6294095.8,2250022.7,2025020.45,2319406.45
2019,1817,17872241,26446842.51,18365887.18,16429582.34,5122851.14
2019,1818,11051420,17530764.39,13214375.34,12738442.32,2651171.23
2019,1819,6455915,15471150.41,10255207.04,10242566.35,2149821.88
2019,1820,11415408,17684005.77,8620818.93,8372304.34,2648887.88
2019,1901,223738607,354494649.0,306901869.2,294915694.53000003,60965126.84
2019,1902,28850243,46800392.839999996,41542388.71,40681008.3,8695389.979999999
2019,1903,7553556,14258883.49,9334037.07,9240521.19,2062274.43
2019,1904,13713306,20295775.27,13047551.23,12931398.62,3609398.42
2019,1905,21636387,37475475.1,29936779.29,29907499.29,6681605.649999999
2019,1906,10767001,18757458.46,13333847.68,13303429.19,3571066.12
2019,1907,19741299,30607596.35,24966943.29,24966943.29,6521707.35
2019,1908,28973658,40192383.35,32699328.35,32699328.35,5552654.91
2019,1909,27164951,39246179.25,32147693.7,32147693.7,4575933.83
2019,1910,30008380,41404253.95,29665704.37,29052330.91,6046930.52
2019,1911,8474505,14257545.23,10989397.09,10641290.12,3546820.67
2019,1912,5752729,11837743.61,8823077.25,8823077.25,3697973.58
2019,1913,7498465,13557500.73,8965437.92,8903898.33,3414477.21
2019,1914,9836981,17481518.98,12895361.65,12895361.65,5247924.22
2019,1915,7615288,10033383.44,8934982.37,8845790.12,2310861.3200000003
2019,200,87405773,87405773.0,80138104.64,76561651.03999999,0.0
2019,2301,9277060,9489289.45,7787579.34,7787579.34,0.0
2019,2302,15343252,23214167.0,10150253.91,10150253.91,0.0
2019,2303,101850000,115473950.96000001,107243319.1,70779688.24,0.0
2019,2312,7463180,7463180.0,4640118.86,4143921.38,0.0
2019,2313,37510835,39361302.77,34047860.75,33965039.8,0.0
2019,2314,28600000,28600000.0,16373694.17,16373694.17,0.0
2019,2315,117000500,117000500.0,103074535.82,100094574.82000001,0.0
2019,2316,65304378,65304378.0,65295291.31,57551727.7,0.0
2019,2317,86447000,131451706.0,82634898.95,77476850.89,0.0
2019,2320,8089741,8089741.0,6138966.03,5914291.29,0.0
2019,2322,5993187,6540436.1899999995,6537389.77,6537389.77,0.0
2019,2323,19992833,22842122.130000003,21695703.29,21695703.29,0.0
2019,2324,38796662,44379461.32,40340620.78,40340620.78,0.0
2019,2326,14639512,14754087.61,14692875.89,14692875.89,0.0
2019,2327,17284636,17284636.0,15550410.64,15550410.64,0.0
2019,2328,385000,385000.0,287105.8,287105.8,0.0
2019,2331,22499490,22499490.0,15461428.51,15461428.51,0.0
2019,2334,37200000,76294231.0,60005047.37,48288213.88,0.0
2019,2335,43894989,43894989.0,20671818.61,20671818.61,0.0
2019,2337,18258737,18258737.0,10134815.72,10107815.72,0.0
2019,2339,0,939475.0,316241.98,316241.98,0.0
2019,761,19448617,19448617.0,12567101.92,12567101.92,0.0
2019,781,314524179,314524179.0,190414643.06,172841846.01,0.0
2020,1101,705233796,794298172.66,465712029.1,460931928.99,64548751.660000004
2020,1102,17302754,22394397.7,13758962.99,13758217.07,1710092.73
2020,1103,23764668,31213036.35,27396643.41,27393926.38,2776359.71
2020,1104,26810225,26676555.42,22179184.81,22179184.81,747375.2
2020,1105,17310133,24200706.79,21812854.74,21087415.68,2526435.89
2020,1106,26361301,31069796.900000002,20301842.35,20301842.35,8340990.75
2020,1107,26681229,33467620.52,17696038.509999998,17696038.509999998,4586428.699999999
2020,1108,15469310,26034343.62,18068009.67,18067852.67,5283293.3100000005
2020,1109,10488457,14545286.45,11133844.09,11133844.09,1649824.77
2020,1110,75238000,67947197.32,18631364.67,18497767.4,1509887.8199999998
2020,1111,11688693,20441202.86,13705574.77,13688350.66,1358141.0
2020,1112,10006340,14877997.82,10846914.18,10349798.93,1570577.2
2020,1113,7157788,13327968.6,11536844.47,11536844.47,919103.89
2020,1114,5837701,10207849.33,8237133.13,8127337.16,852107.18
2020,1115,55684345,69232077.33,48964031.27,48959765.27,4082075.63
2020,1116,11867471,17722755.830000002,13516809.77,13352990.88,999918.04
2020,1117,26405805,32832382.02,23914094.46,23914094.46,3175754.68
2020,1118,16230516,20766359.27,14686415.93,14686415.93,1338570.52
2020,1119,23628257,35078972.47,28409057.5,27301909.56,3362790.56
2020,1120,43821374,55261841.57,46726232.67,43133123.97,7894655.01
2020,1121,17186834,26177103.63,21410456.97,21312466.81,1926458.1800000002
2020,1122,18400308,25855160.09,19934766.77,19240263.32,926440.93
2020,1123,4770588,7878381.2,6936746.64,6822169.64,435636.0
2020,1124,30009007,45674875.730000004,31116489.68,30216902.15,3240534.08
2020,1125,6096635,9108277.0,7763226.16,7763226.16,835972.5499999999
2020,1126,16502588,19595189.87,15294571.43,15224205.63,2644573.0
2020,1127,3224281,8376792.19,6822280.96,6822280.96,689396.03
2020,1128,11177880,18726544.94,13665286.209999999,13665286.209999999,945962.0
2020,1129,26646582,37526417.5,26998286.33,26738659.34,3808162.99
2020,1201,2045494545,2204205904.72,1879764300.87,1709637306.72,83140723.0
2020,1202,26816032,36749044.58,26493580.7,25713769.69,4140823.25
2020,1203,24533110,31581924.45,24384464.57,21348306.69,3801664.8000000003
2020,1204,79242560,88034990.88,62920690.97,62920690.97,13851421.0
2020,1205,1625564616,1891162729.61,1337089082.93,1206968639.61,174089051.68
2020,1206,150377843,184951963.98,125115294.68,124284239.18,28670453.04
2020,1207,7782661,12328891.71,10383927.48,8844133.55,917746.5900000001
2020,1208,13933803,24734655.61,16478467.14,16478467.14,1120326.15
2020,1209,8571567,12661101.78,9918347.6,9766215.48,1569567.28
2020,1210,75532787,93064481.34,49872183.38,47287704.69,4484301.79
2020,1211,38297701,43706727.0,28584234.53,28369545.66,3260681.4000000004
2020,1212,10999687,14210622.48,10784213.75,10544007.97,819736.77
2020,1213,7737638,15927844.62,13009514.31,13005314.31,1423286.46
2020,1214,16045007,20973016.48,15648426.99,15460014.81,1799055.51
2020,1215,33798983,45284354.0,30416732.75,30303436.66,6188970.22
2020,1216,12799433,17393919.05,9317755.79,9317755.79,1736786.28
2020,1217,6824180,11482722.36,6721033.54,6718233.54,1481309.0
2020,1218,15475998,19398127.65,15508810.7,15508810.7,1905247.64
2020,1219,9942515,12548532.9,8781694.12,8779444.120000001,1039529.0
2020,1220,14456376,18973844.37,11474997.81,11129879.99,424093.2
2020,1221,26905868,42517518.85,27055953.15,26730151.66,6021922.45
2020,1222,10891696,13860202.9,6189483.28,5961048.44,476342.0
2020,1223,6113087,8895845.0,6304586.79,6187588.92,462389.21
2020,1224,48609576,81949874.97,60718045.13,60527265.42,7617087.39
2020,1225,15219371,19601111.63,14907409.25,14901075.75,1140854.49
2020,1226,43293162,48642769.83,35351347.87,35315716.87,6258995.97
2020,1227,21825018,26347727.45,19041463.76,18818626.6,2082759.94
2020,1228,12332984,20842882.66,12367907.86,12367907.86,1355850.1
2020,1229,13015950,18991885.42,10613718.61,10434531.59,1704860.52
2020,1230,7464964,11222267.94,5656015.279999999,5656015.279999999,2590835.58
2020,1231,4408600,8542451.91,5260944.7,5260944.6899999995,295633.0
2020,1232,18306988,37568010.03,18355463.5,18355463.5,978230.45
2020,1233,8446843,12527856.26,8627433.51,8627433.51,621845.0
2020,1234,6157535,7641823.32,6139557.41,5899756.79,368057.84
2020,1235,17896398,27194189.81,13468313.92,12954103.33,6366176.77
2020,1236,8252266,15516436.86,10942174.34,10942174.34,3860252.16
2020,1237,6289626,9115511.94,7104150.58,7104150.58,416677.86
2020,1238,18170793,23984533.9,12597690.59,12597690.59,2205022.28
2020,1239,17800202,20885385.599999998,8409701.53,8409701.53,2532134.0
2020,1240,12041502,19583859.0,14915113.68,14822370.379999999,1306668.0
2020,1241,6434205,11711053.379999999,5458199.28,5458199.28,495981.72
2020,1242,7143509,10288305.4,7173842.67,7073505.3,403680.0
2020,1243,5727869,8267584.41,6424299.4,6424299.4,608159.0
2020,1244,1465239,3821131.79,1867262.63,1867262.63,112816.44
2020,1245,7655161,14748675.24,11808299.79,11808299.79,1127977.28
2020,1246,14642648,19569986.04,12784154.06,12784154.06,1675571.56
2020,1247,19462083,34100605.13,23085237.31,22985237.31,2803377.82
2020,1248,17057431,23044136.51,15989035.84,15989035.84,1192168.15
2020,1249,22884883,35540530.46,23962860.48,23962860.48,1794821.68
2020,1250,11098967,21162419.54,11614488.43,10307634.69,1953189.0
2020,1251,15067933,20563767.49,15341853.97,15155161.56,1034465.0
2020,1252,15459147,22157413.01,14473371.4,14473371.4,1538707.33
2020,1253,10386562,15191721.48,9818144.05,9651144.05,1412723.57
2020,1254,6333302,12012130.28,6515170.08,6515170.08,143930.38
2020,1255,12555765,20654595.05,15724985.27,15724985.27,2774156.75
2020,1256,21810090,27575281.27,22037134.12,21941816.96,1587429.81
2020,1257,22271817,31776334.47,26631912.36,25138273.68,1259485.1600000001
2020,1258,8425068,10407331.78,7377169.98,7337927.38,859665.77
2020,1259,43063160,61398796.339999996,27215091.28,27209175.28,22645151.82
2020,1260,58235795,101684052.06,41304883.9,41304883.9,23541446.54
2020,1261,44605718,44328612.29,30755204.93,29587861.98,6191108.75
2020,1262,27578819,39151833.4,27960486.57,26720567.73,8574183.4
2020,1263,24972303,38314960.730000004,22433119.06,22433119.06,2678924.7
2020,1264,7053989,10119393.19,6989102.37,6070856.25,941399.6
2020,1265,25490548,37148873.82,22534088.45,22534088.45,4521267.0600000005
2020,1266,21026001,25430495.13,19452533.52,19452533.52,1357757.48
2020,1267,14431662,19623402.29,10985953.81,10985953.81,485423.42
2020,1268,12397734,12945593.0,7650750.35,7650750.35,569594.55
2020,1269,15550226,19949478.67,14030244.83,14030244.83,2036877.57
2020,1270,4773245,8522089.67,4750319.92,4750319.92,583395.91
2020,1271,9605839,16189272.73,13240948.95,12672185.97,1273186.98
2020,1272,11246120,16583581.41,11147867.25,11144941.51,865453.5
2020,1273,2117126,2859072.72,2281299.05,2212803.11,332018.37
2020,1274,8772854,11555876.66,7509171.279999999,7509171.279999999,253545.76
2020,1275,2942876,5173828.92,4720614.12,4720614.12,559795.3300000001
2020,1276,18712527,20818828.44,14603746.77,14338652.03,2321628.09
2020,1277,10944216,13487655.0,9538691.68,8676645.86,406313.0
2020,1278,9098265,16791169.009999998,10036914.99,10015164.99,941790.69
2020,1279,25815029,34911973.64,22739800.05,22356032.67,2321910.0
2020,1280,7083208,10046747.5,6826145.04,6826145.04,1059204.25
2020,1281,11406281,16778489.23,10394352.69,10301502.9,1624244.0
2020,1282,11833065,13849523.23,6884173.55,6875764.61,707505.7
2020,1283,9616461,13740545.37,8495649.15,7872359.92,806278.0
2020,1284,8184329,13387394.5,9017253.02,9017253.02,1519151.24
2020,1285,12698700,19651295.06,12902377.459999999,12649233.89,5103033.56
2020,1286,5830843,10359241.97,6907464.0200000005,6907464.0200000005,1238222.5699999998
2020,1287,7463668,11918022.04,6106989.58,6106989.58,1828437.43
2020,1301,1635345054,1709124199.3999999,1177363474.65,1096572504.82,131979173.01
2020,1302,303808907,335481451.5,179765085.14000002,179718790.64000002,30202254.46
2020,1303,61043650,71122936.5,45338914.66,45338914.66,15729584.64
2020,1304,99891917,127420195.63,88511382.12,84507930.33,10139362.0
2020,1305,81974438,109528600.48,71333262.82000001,71333262.82000001,14936384.68
2020,1306,98418779,128288506.73,101787824.91,101787824.91,9334468.0
2020,1307,34431869,73266863.92,36360826.37,36360826.37,13221122.65
2020,1308,10286561,13935734.43,8175361.41,8175361.41,950227.3300000001
2020,1309,6348103,13244368.5,6338032.89,6338032.89,657729.34
2020,1310,27254406,40159938.39,27228891.28,27228891.28,4071846.2
2020,1311,18192390,23349515.49,16543974.48,16419730.66,2793886.0
2020,1312,334498544,385151374.44,240718303.89,239739718.4,69524573.81
2020,1313,22425404,33716671.8,27656839.19,27656839.19,5192785.49
2020,1314,109972011,155202851.65,103674178.6,103652432.19,7430381.66
2020,1315,64675377,91494754.45,63777811.129999995,63749945.129999995,6124994.0
2020,1316,9764878,15398866.21,12159056.74,12131099.48,1448200.97
2020,1317,21711429,34739435.27,22431913.91,22186868.3,1934571.04
2020,1318,2411708,5113601.46,4240758.23,4239040.9,22381.0
2020,1319,3387936,5551575.7299999995,3963788.63,3856082.0100000002,203784.0
2020,1320,10617226,19154487.61,12112200.34,11887676.37,1251356.0
2020,1321,8676463,12588764.37,9383875.82,9117813.82,506633.64
2020,1322,21496574,33558530.4,22279837.0,22279837.0,4390943.45
2020,1323,5833124,6456152.03,4825758.37,4825758.37,1066142.0
2020,1324,39645799,59726211.71,37633052.65,37633052.65,11848221.950000001
2020,1325,7912747,11490025.8,6755096.48,6755096.48,884846.0
2020,1326,10499014,12080324.06,8914816.52,8914816.52,2850412.96
2020,1327,35561680,49617650.93,37015548.64,36842512.41,4247766.72
2020,1328,9661514,20894159.41,16022299.28,15982999.28,1553157.0
2020,1329,5584687,6871679.0,5526510.54,5526510.54,802978.0
2020,1330,34977642,43581795.96,34094640.11,33908677.51,3619870.54
2020,1331,17954648,26209548.41,18315055.080000002,18313337.62,4205869.21
2020,1332,14670322,20729417.56,12689200.01,12689200.01,3630263.26
2020,1333,11454311,17378554.29,10790965.01,10790965.01,1656118.79
2020,1334,32279086,38676539.4,27215800.84,26233798.7,1964894.25
2020,1335,63973891,95417645.45,74437034.22,74437034.22,15876115.55
2020,1336,17584425,24737016.0,14894470.12,14894470.12,1786700.0
2020,1337,11100898,18065779.71,13723991.52,13723991.52,3234183.41
2020,1338,17705492,15426565.43,12786273.4,12379760.23,1755475.5299999998
2020,1339,15359557,24176389.46,17554236.67,17548345.69,2181479.46
2020,1340,8106148,10110021.77,7799718.14,7799718.14,1150739.0
2020,1341,25200200,37387311.89,23625396.16,22131737.82,4404972.49
2020,1342,32382786,47165152.54,39105425.19,37940690.660000004,5634678.33
2020,1343,6943033,13727981.129999999,8931198.27,8931198.27,1159866.36
2020,1344,3861454,5962558.98,4505867.51,4369485.81,329902.0
2020,1345,46547100,62516882.44,47955181.9,47955181.9,7101156.95
2020,1346,25580733,34564983.24,27207660.98,26405921.97,4796203.07
2020,1347,28779106,39987127.46,30601834.23,29379521.76,1649118.49
2020,1401,547147138,629473932.56,469412143.32,444266201.84,42483110.82
2020,1402,34072654,51007424.36,40987986.56,40987986.56,2857422.83
2020,1403,12839519,22009226.1,15855835.25,15855835.25,1665542.92
2020,1404,43952861,64771270.32,46201324.42,46201324.42,5110291.199999999
2020,1405,5409480,8623667.35,6115677.72,5915391.72,1200367.99
2020,1406,40352943,58927742.93,41611616.72,41600957.93,8377343.16
2020,1407,8867964,13660301.61,9679652.71,9673372.71,1334178.9
2020,1408,14105231,23556620.16,14642337.28,14642337.28,1538519.28
2020,1409,10551868,18424649.55,13246558.09,13246558.09,972036.44
2020,1410,8425880,15247031.95,10536832.86,10169966.86,1536211.84
2020,1411,6933682,14119122.23,11288707.56,11270067.56,2471117.4699999997
2020,1412,19572578,39627109.23,24035901.63,24035901.63,5241495.52
2020,1413,8004300,13242044.76,8592535.97,8592179.97,2095498.0
2020,1414,13725551,20811335.38,14216952.47,14216952.47,3101055.55
2020,1415,4156509,8745263.73,4817250.88,4817250.88,307177.0
2020,1416,6835177,11102511.24,7634639.640000001,7609844.640000001,781978.0
2020,1417,7484313,24108727.28,16474137.14,16474137.14,1131935.0
2020,1418,1500288,2165943.89,1813587.46,1813587.46,360859.0
2020,1419,7353771,12196056.85,7472578.56,7472578.56,870544.78
2020,1420,2566385,6674076.62,5724160.48,5724160.48,376148.0
2020,1421,874125,2696149.0,2424849.59,2424849.59,28145.71
2020,1422,4892686,7930868.0,5828124.72,5827574.72,143535.2
2020,1423,16260875,22828227.84,14275289.98,14275289.98,1944542.55
2020,1424,7700941,12023095.39,7471984.21,7347794.8,1345438.74
2020,1425,3372134,8870479.12,6304177.19,6304177.19,415936.42
2020,1426,25208482,37667330.51,22667158.77,22667158.77,1734958.8699999999
2020,1427,5156435,9267495.0,7241990.51,7241990.51,368005.59
2020,1428,2229180,8172243.57,4620483.74,4620483.74,2910360.0100000002
2020,1429,1074402,3782445.38,3279233.06,3279233.06,164138.0
2020,1430,1662100,6930603.42,5278757.2299999995,5278524.19,109500.0
2020,1431,12390814,19834780.26,15031768.81,15031768.81,1327475.0
2020,1432,2389887,17367731.65,12952607.53,12951857.53,136342.0
2020,1434,8879058,19033737.01,14832127.68,14697279.55,1407732.74
2020,1435,21028252,33779251.58,24817080.419999998,24817080.419999998,7832172.36
2020,1501,419323951,497662886.7,354512418.81,354512418.81,70702617.03999999
2020,1502,40401997,63688816.81,36710943.13,36710943.13,5170958.35
2020,1503,11475795,19883325.09,7391150.92,7391150.92,1720000.85
2020,1504,4972723,8796184.22,4863718.34,4863718.34,438500.0
2020,1505,45069914,51511905.23,31755783.55,30707511.92,10698905.7
2020,1506,23358557,28130147.78,20563356.05,20375482.19,3154164.33
2020,1507,75488952,108144087.58,64852954.62,64852954.62,16247866.44
2020,1508,44738491,65818528.96,45875187.46,45775035.46,11075007.3
2020,1509,13123443,17225753.28,12438578.78,12438578.78,4082708.31
2020,1510,16390854,32516863.06,14433859.17,14431273.17,1124839.77
2020,1511,48451901,67489810.31,45805140.5,45805114.5,10423178.5
2020,1512,32596578,39261071.65,25491328.69,25277938.05,3260758.48
2020,1513,33644871,55231936.22,32318216.740000002,32318216.740000002,5685106.98
2020,1514,21765784,30792601.6,20025263.76,18945857.32,2161819.7800000003
2020,1515,34516863,51436946.84,33701980.69,33701980.69,6707563.24
2020,1516,13873223,21099797.36,15848145.14,15551185.51,1734366.17
2020,1517,59174953,82157211.82,46458941.36,46458941.36,7116512.25
2020,1518,12756584,17092392.39,11097980.12,11097980.12,457683.78
2020,1519,65912096,115994644.28,82472722.63,82472722.63,2774728.0599999996
2020,1520,21630596,29970577.29,17191995.86,17191995.86,5021596.76
2020,1521,99279727,131238163.62,75257130.39,75257130.39,13124136.6
2020,1522,4056764,6396550.64,4047026.16,4027026.16,76304.88
2020,1523,4931216,8578194.28,4877788.05,4784487.59,559364.3
2020,1524,4369120,7405832.25,3083787.79,3050461.0,66079.17
2020,1525,5523012,7709492.32,3809707.24,3806237.45,260895.26
2020,1526,22635595,34134969.61,19844920.41,19844920.41,7517480.49
2020,1527,10500766,16461810.16,10242290.459999999,10234555.459999999,2534506.39
2020,1528,29126567,38203034.99,27238404.88,26607949.08,4974185.73
2020,1529,19845872,31289125.97,16655003.38,16653003.38,941022.3200000001
2020,1530,45499473,66627397.57,40720310.29,40305642.2,17145618.3
2020,1531,19060897,30111695.8,20594564.7,20577222.04,3012743.39
2020,1532,23116651,37179889.21,22516273.4,22516273.4,3609165.41
2020,1533,7418951,9855323.75,5177857.02,5177857.02,677268.0
2020,1534,9155899,11148856.51,6996675.95,6996675.95,1241881.0
2020,1535,7401461,9442159.0,5551225.39,5506075.8,390155.2
2020,1536,3959182,6083742.78,3234696.12,3234696.12,562456.8
2020,1537,74871264,94603119.8,66731792.29,66731792.29,12467974.58
2020,1538,2838720,3539116.0,2116171.51,2086410.46,106937.0
2020,1539,20722342,33300520.68,16919269.330000002,16919269.330000002,2630336.3200000003
2020,1540,10657118,12544408.16,8897102.09,8514148.43,1101936.67
2020,1601,524209492,690957155.81,407232266.91,407076959.14,53260115.71
2020,1602,41554405,65120583.339999996,40800762.2,40661491.46,4488092.41
2020,1603,92458953,115234454.65,77770627.71,69623819.06,14721137.55
2020,1604,295250386,338718836.49,250084481.96,241891924.19,43330554.26
2020,1605,115983119,131011860.85000001,78639201.28,78639201.28,21219482.14
2020,1606,131431746,146233573.43,113211206.71000001,111935174.83,17467896.2
2020,1607,32773746,49009969.83,24076274.28,23832677.86,4121608.98
2020,1608,15887675,18020031.23,9526737.38,8974480.540000001,2727022.18
2020,1609,50692466,75855547.64999999,38798280.24,37695939.74,6638495.46
2020,1610,37861588,46184671.01,31673898.26,31673898.26,5154013.4
2020,1611,41702313,65065432.36,42591702.21,41006055.12,10796825.39
2020,1701,3472535008,3798822443.11,2630012775.06,2426032591.63,334390352.85
2020,1702,114699741,158850410.93,99053168.85,92754928.11,18265293.15
2020,1703,118366123,125998883.09,69855833.59,66867800.35,16249462.14
2020,1704,195284697,247855806.35999998,146713686.52,129926257.41,39979611.32
2020,1705,65779423,85849685.5,62862935.12,61994046.83,4088077.63
2020,1706,271724993,341145762.28,212974189.58,197291462.46,47303583.17
2020,1707,79620592,96852927.41,66756341.5,66232755.33,5391956.68
2020,1708,12684799,16365934.6,13079764.03,13063857.03,486220.34
2020,1709,8939759,10138513.36,7522092.37,7522092.37,678868.95
2020,1710,19028550,27194929.32,17616822.36,17015950.11,4170476.18
2020,1711,28222575,43982791.22,31983035.900000002,31109409.94,6439375.76
2020,1712,79210387,100441993.08,65572243.03,65528126.04,8882044.89
2020,1713,37427362,43174151.27,33737634.5,30974275.44,2340295.89
2020,1714,55131805,71492421.49,54799883.99,54679687.9,9394862.53
2020,1715,21384012,28302440.34,19400618.92,19397438.92,1128588.0
2020,1716,39173741,44605200.13,28830908.32,27989764.330000002,5793560.57
2020,1717,29677532,35131209.9,22056944.86,22036994.86,2969990.25
2020,1718,8502139,14230865.56,11500781.86,11498781.86,4658177.73
2020,1720,36650179,47670036.93,29201558.79,28976063.62,7601446.39
2020,1721,5870847,12834111.33,8641381.84,8542881.84,704093.84
2020,1722,14511729,18824843.13,12507064.03,12506694.46,2587371.19
2020,1723,50532664,57077353.87,38141703.54,32712188.31,3068463.15
2020,1724,9338076,17121974.58,7517891.26,7517891.26,3890268.56
2020,1725,25213797,31957989.19,21672074.77,21620262.28,1799434.73
2020,1726,2379909,6117309.63,5005902.49,5003318.36,38692.0
2020,1727,4616088,5758192.0,4885557.19,4885557.19,200334.92
2020,1728,4705780,10000283.07,6791204.5,6691723.609999999,74216.02
2020,1729,5498571,9754473.43,3037888.5300000003,2862518.4,69778.19
2020,1730,16237157,31206574.47,15850828.47,15850828.47,3254378.58
2020,1731,12051234,15902381.68,11087537.61,11087537.61,497048.3
2020,1732,13989665,18897270.21,9554110.29,9327399.38,1216666.0
2020,1733,3117938,4981473.47,3296630.1,3296630.1,225307.52
2020,1734,229150751,268183533.61,166348964.92,158419113.16,25376404.23
2020,1735,17112257,26624290.26,17623528.16,17351280.34,4638302.72
2020,1736,30878779,38090805.41,27206383.2,27206383.2,6439098.0
2020,1737,29738013,42756446.2,27790023.32,27790023.32,9003957.950000001
2020,1738,18014129,22793129.06,16790522.169999998,16790522.169999998,1905417.0699999998
2020,1739,61141094,89291752.78999999,60751285.76,60335552.76,16778446.33
2020,1740,16791061,19591051.0,12138165.98,12123990.64,1149962.0
2020,1741,27069351,33352566.15,17250193.71,16243926.28,5745168.37
2020,1742,10059462,14026480.870000001,9004047.89,9004047.89,746028.48
2020,1743,24802957,34663959.7,26325867.11,26216787.51,7616228.51
2020,1744,25081969,27957741.0,24553640.53,24553640.53,2518687.9
2020,1745,42639216,49653471.92,25736054.98,25736054.98,3360360.15
2020,1746,7182811,8665009.5,6132148.5600000005,6130026.5600000005,543131.0
2020,1747,16754102,29255097.56,19210963.07,19210963.07,1799511.6400000001
2020,1748,19549958,29488579.119999997,18492476.72,18492476.72,3855584.35
2020,1749,6368670,10203839.65,7502073.8,7502073.8,706051.0
2020,1750,10319360,14239982.17,10031232.38,10031232.38,1408732.92
2020,1751,11113619,17993480.3,9417583.72,9414442.72,789336.29
2020,1752,13294177,16701673.36,12055812.82,11622739.08,2443032.86
2020,1753,23250965,32161017.29,18516170.0,17609786.48,1906588.0
2020,1754,24597060,30029362.72,20563822.9,20523211.4,3708872.3
2020,1755,34699036,45877921.57,30082908.66,29722490.27,3271023.39
2020,1756,12897237,26968239.72,23706063.19,23706063.19,1288370.01
2020,1801,222787513,267530818.29,211427449.38,199578129.31,6845367.67
2020,1802,10041107,11859259.32,6808437.77,6551476.45,1924653.22
2020,1803,172709882,221656021.59,191403014.34,180762221.13,8912185.95
2020,1805,68124202,88524046.44,71327343.91,71236895.91,3935671.0
2020,1806,24740106,31942994.669999998,23886495.39,23885471.8,4212945.39
2020,1807,36656377,49058128.35,33394145.87,31826798.05,6127694.19
2020,1808,72533944,88034708.38,58265718.17,56876464.65,3008812.59
2020,1809,18996518,23362749.95,11002316.05,10982061.05,5598749.5600000005
2020,1810,48117910,55934866.95,40631449.64,40612401.64,3637561.54
2020,1811,46739407,49142763.83,27998384.71,27962463.91,6744389.05
2020,1812,9869746,12219239.25,8430213.23,8214906.83,2614182.79
2020,1813,24045584,30485299.22,19250485.669999998,19249275.27,1575941.23
2020,1814,15368328,18766712.0,11661531.25,11079683.02,1911992.37
2020,1815,12209385,16525797.8,7432849.33,7323295.33,1041901.05
2020,1816,5095439,7665843.390000001,2851751.38,2851751.38,3276163.4000000004
2020,1817,23077792,26338856.2,16029751.26,14447055.25,5078638.08
2020,1818,19381518,21589695.87,11704697.95,10967588.61,1226736.25
2020,1819,15892693,17537592.27,6127294.66,6055468.16,1407923.6600000001
2020,1820,15865464,18001415.86,2837838.2399999998,1869555.3599999999,3098792.86
2020,1901,206427109,319557590.48,201263319.65,196210176.62,41483612.35
2020,1902,28018848,35587231.1,29499784.94,26168429.85,4856683.84
2020,1903,7028876,9032976.54,7424464.93,7424464.93,859227.49
2020,1904,13648986,17538087.099999998,14923934.04,14851362.04,2920286.61
2020,1905,23543018,33088659.43,23955879.39,23955879.39,1387683.46
2020,1906,10042023,12924730.83,10174088.6,9864893.65,1573263.83
2020,1907,18350509,24920686.18,22526737.54,22517128.54,3647282.81
2020,1908,32010922,38433989.3,32801226.88,32801226.88,3197632.67
2020,1909,27003360,35014814.49,30226840.31,30107589.6,1280298.52
2020,1910,27230015,27286443.0,25317719.71,24247217.96,2438538.8
2020,1911,8218421,11935580.28,9983778.28,9588455.32,1188557.7
2020,1912,5353598,7259052.0,2723084.96,2723084.96,866020.0
2020,1913,7609758,11192708.89,8249858.4399999995,8232400.4399999995,2158683.71
2020,1914,9418779,12765811.9,10010644.49,10010644.49,2050072.04
2020,1915,7866757,9839333.0,8306614.24,8257910.8,1031028.3200000001
2020,200,72240896,72240896.0,52295153.769999996,48342773.78,0.0
2020,2301,10194878,10194878.0,7955046.390000001,7955046.390000001,0.0
2020,2302,18501307,22887214.0,13634996.39,13634996.39,0.0
2020,2303,102344022,114937947.1,113252369.65,75407637.14,0.0
2020,2312,9521115,9521115.0,4371113.55,4019390.07,0.0
2020,2313,25359418,41359418.0,28478722.11,28478722.11,0.0
2020,2314,28600000,28600000.0,14851516.790000001,14693013.43,0.0
2020,2315,107719815,122747234.32,91785802.46000001,88597697.46000001,0.0
2020,2316,52355007,52355007.0,52346731.49,43130815.74,0.0
2020,2317,85968500,112216503.0,64695701.28,50988314.42,0.0
2020,2320,18293672,18293672.0,5312208.82,5312208.82,0.0
2020,2322,6572622,6575668.42,6228951.8,6228951.8,0.0
2020,2323,20150545,21313721.02,20425618.84,20425618.84,0.0
2020,2324,39951165,44083257.35,35236595.800000004,35039375.05,0.0
2020,2326,12292604,14671388.3,14642065.67,14642065.67,0.0
2020,2327,16590184,19744057.0,14064281.26,14063367.8,0.0
2020,2328,390000,390000.0,232123.62,232123.62,0.0
2020,2331,20699214,20699214.0,11045976.8,10178225.74,0.0
2020,2334,27267652,33359501.0,33119132.240000002,32700024.13,0.0
2020,2335,35069863,35069863.0,19450480.08,19450480.08,0.0
2020,2337,18149938,23439520.78,10080817.36,9907868.36,0.0
2020,2339,920000,1343233.02,480959.04,480959.04,0.0
2020,761,12215450,12215450.0,5438326.8,5438326.8,0.0
2020,781,240241056,240241056.0,179714443.17000002,169758816.68,0.0
2021,1101,563494899,678702865.75,529951016.1,528316468.85,50844102.47
2021,1102,16953734,17660383.11,14453246.69,14453246.69,1098470.17
2021,1103,18657184,22438917.27,18670883.98,18670477.65,2531626.15
2021,1104,16370233,22202939.41,19915020.39,19915020.39,1185224.99
2021,1105,18242043,20705685.19,18607247.66,18439858.46,6980561.53
2021,1106,15436755,23074345.72,20902509.34,20902509.34,6992844.38
2021,1107,12771314,18038345.89,15165098.91,15165098.91,5371886.64
2021,1108,10111773,22268585.61,19618572.21,19618468.21,7836148.19
2021,1109,9383191,11729461.22,10906329.01,10906329.01,1856612.77
2021,1110,18286190,40251273.730000004,34969428.83,34966439.83,456037.48
2021,1111,9740932,15324653.09,14486434.379999999,14486434.379999999,1331070.0
2021,1112,8636028,11185063.82,10160264.4,10088328.11,1071847.0
2021,1113,5557358,9804109.21,8503551.21,8503551.21,350717.02
2021,1114,5048401,8823478.74,6638812.59,6638812.59,918393.42
2021,1115,43474438,52666881.75,39479979.9,39475711.9,3281888.9299999997
2021,1116,9452081,15842352.5,14717976.07,14640746.06,1177530.72
2021,1117,24636580,32027485.67,21610402.11,21610402.11,3157990.49
2021,1118,11854848,22503933.82,19018998.89,19018998.89,1957834.94
2021,1119,21735254,26462269.12,22052781.68,22052781.68,2710734.79
2021,1120,33338053,48541498.05,44698354.06,44617513.82,7723089.74
2021,1121,16098787,24602529.86,21326757.58,21326744.89,2215484.0
2021,1122,12829336,22224922.7,18954785.08,18929039.76,1620292.0
2021,1123,3910808,6121602.44,5054200.44,5053825.44,350583.35
2021,1124,19392717,35869181.75,30109600.34,30086927.34,3202938.87
2021,1125,4677842,8312058.16,7662614.67,7662614.67,463229.34
2021,1126,14303860,23357788.68,20277878.98,20276878.98,2614850.05
2021,1127,2649339,6317694.98,4093223.36,4087311.36,498350.34
2021,1128,8499609,14581257.32,11178054.459999999,11178054.459999999,681079.8
2021,1129,23897243,33423632.48,29809289.759999998,29402833.03,5021239.34
2021,1201,2107164757,2265678066.21,1779900064.37,1476974938.38,62235161.0
2021,1202,23392617,34585035.04,27965856.37,27965856.37,2432336.94
2021,1203,19206156,31458311.400000002,30100827.75,30100827.75,8658969.33
2021,1204,80046416,91747726.66,65925683.800000004,65925683.800000004,10487019.17
2021,1205,1339276177,1498262589.59,1273097975.69,1138791059.06,137839164.29999998
2021,1206,122520692,164394483.8,139282371.87,135742153.13,21615736.24
2021,1207,5535297,13973411.27,13198446.36,13198446.36,712537.24
2021,1208,10557642,14792443.13,11586507.36,11586507.36,1982853.67
2021,1209,6001919,10727469.62,9294801.15,9294801.15,886047.6900000001
2021,1210,48150658,78422023.79,52204033.29,52159639.29,7184900.2
2021,1211,24049950,32457179.02,27047888.79,26497727.23,2656239.54
2021,1212,7622250,14887089.61,13697698.7,13697698.7,1241725.6
2021,1213,6071896,9330646.77,7038394.76,7033294.76,791991.61
2021,1214,11351959,23650514.95,22022391.75,22022391.75,3081703.29
2021,1215,22212201,37640241.15,34118861.69,33535479.55,6063444.33
2021,1216,8088488,14746850.01,10399012.53,9499290.56,2610048.39
2021,1217,4053453,10380646.49,8188741.67,7703496.739999999,1295755.02
2021,1218,14131848,18911251.15,13113369.34,13113369.34,1702514.0
2021,1219,7962385,11951152.58,8803328.37,8691204.48,916036.66
2021,1220,8341260,18312044.32,16882296.37,16882296.37,1217059.19
2021,1221,17359213,39380372.75,33573087.51,33573087.51,4943282.5
2021,1222,6190003,14382242.7,10734965.99,10734913.51,3661373.55
2021,1223,4471133,10369142.17,9326214.44,9325870.34,827241.47
2021,1224,36016711,51045937.83,38275408.81,38170531.98,5149767.46
2021,1225,11244537,13896516.86,11801657.22,11801657.22,1146150.8599999999
2021,1226,26079903,36128720.89,28034304.31,28031844.36,4465597.26
2021,1227,16196909,32689511.23,23654165.28,22775184.28,2959959.2
2021,1228,6188980,17916028.17,10076281.7,10073840.55,3828892.96
2021,1229,9521400,12137325.05,9782397.5,9782397.5,437024.0
2021,1230,2235504,6446497.63,4236723.53,4234366.7,327102.0
2021,1231,2827913,7778179.58,6028481.77,6025634.31,533518.7
2021,1232,13212976,29763036.92,16226702.2,15925570.2,1844141.48
2021,1233,4793044,9320796.93,7943953.17,7943953.17,437614.84
2021,1234,4748372,5752352.86,4591381.48,4237076.24,653878.88
2021,1235,12010062,25324155.9,17347842.82,17347842.82,5758284.54
2021,1236,6364825,10224895.09,7043324.05,7038821.45,1751714.7999999998
2021,1237,4196632,6013646.28,4955155.3,4955155.3,522704.4
2021,1238,13081067,18245534.0,11741030.33,11470178.81,1570782.02
2021,1239,11086767,28475725.38,12141468.77,12088953.05,2262179.8
2021,1240,8560475,13175257.78,10396260.45,10396260.45,924783.0
2021,1241,6627493,15190571.25,12428222.979999999,12428222.979999999,473213.0
2021,1242,2866472,7343603.44,4532404.12,4487555.71,1214503.1800000002
2021,1243,3827673,7550448.61,6470940.74,6470940.74,645582.6900000001
2021,1244,528241,1753630.5,1514321.92,1514321.92,143380.16
2021,1245,6126672,10906783.04,8921905.05,8921905.05,828362.8
2021,1246,8900119,14615064.38,9954033.54,9936323.54,1549033.44
2021,1247,15864648,21741894.28,16722909.93,16722909.93,2353016.86
2021,1248,12845018,18638829.13,14320738.2,14320738.2,1748520.9
2021,1249,16367429,26234352.19,16782016.4,16782016.4,1520303.24
2021,1250,6605845,17215612.22,6687822.1,6681589.41,1127111.0
2021,1251,10333488,15753913.68,12883405.780000001,12762530.360000001,847731.96
2021,1252,10408999,17790271.79,15096504.67,15096504.67,2563540.73
2021,1253,8963234,13419854.0,8969423.96,8969036.96,1768499.6
2021,1254,4296790,8248918.84,7494629.7,7494629.7,646115.0
2021,1255,10036631,16116780.37,12485085.45,12485085.45,1431740.0
2021,1256,14465329,19417428.79,13089012.61,13000102.43,1027081.3999999999
2021,1257,14327706,21946830.73,19489383.66,19349414.46,1277518.47
2021,1258,5448525,8335834.71,7417381.9,7300143.26,705676.39
2021,1259,21883782,51012409.81,44747458.12,44190231.84,17734959.76
2021,1260,36764108,81371380.98,68724425.45,68706858.95,23930939.2
2021,1261,26825215,50690792.29,41598346.76,41564835.76,5960519.32
2021,1262,22145314,36850790.19,30128757.78,30061809.28,7078760.54
2021,1263,17027578,30234894.57,17702259.56,17702259.56,3109124.62
2021,1264,5141447,12483719.14,7709128.16,7278353.59,1343161.62
2021,1265,17090385,29892928.99,19407372.43,19331740.43,4627151.25
2021,1266,17049475,23374753.240000002,19287710.54,19287710.54,887376.07
2021,1267,9921652,16131393.56,11047962.29,11047962.29,1102971.45
2021,1268,9253113,14100396.379999999,9542148.09,9542148.09,1016022.39
2021,1269,10332009,13305670.55,10863756.33,10863756.33,1208817.7
2021,1270,2583296,5960222.31,5041219.79,5037379.35,382602.34
2021,1271,6899922,9656718.96,7091387.3100000005,7089577.97,1282453.44
2021,1272,6548362,9958537.06,7018803.14,7018803.14,576700.25
2021,1273,1625168,1853402.11,1520224.23,1520224.23,221634.65
2021,1274,4712156,9184174.86,7143276.54,7115340.82,413723.0
2021,1275,2190478,3275620.85,3171423.16,3171423.16,302028.4
2021,1276,13132947,21280872.04,16685814.42,16678944.42,728676.3200000001
2021,1277,7750262,11457215.64,7412031.4,7136730.7299999995,407499.32
2021,1278,4881226,10779615.68,9004633.040000001,9004633.040000001,822719.06
2021,1279,16370775,24339547.33,20461749.43,20461749.43,2572400.1
2021,1280,7270946,12001331.38,10032821.22,9967429.67,1052913.3
2021,1281,6461821,11483005.74,10694254.62,10694254.62,1120288.57
2021,1282,6544258,17289575.18,8761396.74,8709088.9,836211.9
2021,1283,5589726,13683926.68,11971968.19,11897463.26,1601876.31
2021,1284,4523989,7847963.5,6821050.350000001,6821050.350000001,424564.53
2021,1285,9165002,15071348.71,13149910.76,12855274.950000001,2516434.12
2021,1286,3647637,5601331.55,4440348.86,4440348.86,324343.92
2021,1287,3862918,9158158.42,7147299.58,7046600.38,484678.28
2021,1301,1360108224,1450719854.52,1185210920.44,1152497128.1,103746224.77000001
2021,1302,271152799,310242248.46,198656392.05,198656380.05,20045968.720000003
2021,1303,41187452,72804425.98,57009324.22,57009324.22,13899233.280000001
2021,1304,71149820,91487208.46,80864880.03999999,80732005.25,6586423.340000001
2021,1305,60707218,95184238.67,83513701.12,83513701.12,13884303.69
2021,1306,74377920,91739936.64,74017007.52,74011221.67999999,8632000.0
2021,1307,28332036,58212658.11,48738248.93,48738248.93,4871319.7
2021,1308,7820434,12835260.44,9578226.81,9578226.81,867342.78
2021,1309,5079040,12761732.940000001,11268081.09,11268081.09,1360996.65
2021,1310,21240702,37567546.95,32823886.16,32713701.72,4576313.13
2021,1311,10435004,18258246.56,16372920.53,16372424.53,1988371.4300000002
2021,1312,245306153,323107295.59,266154397.26,266154397.26,53084080.34
2021,1313,16951619,25564804.15,22932696.01,22932571.54,3223528.84
2021,1314,89430310,136578828.94,117160554.68,117160554.68,10418395.01
2021,1315,50347630,60816973.52,47111755.9,47062005.36,3764583.36
2021,1316,8141272,11199852.84,9538136.19,9538136.19,871144.0
2021,1317,15164769,21570060.84,18012211.04,17866886.25,1623973.0
2021,1318,1125090,2123425.2800000003,1919261.06,1865017.06,49484.96
2021,1319,2418487,4919700.93,3958595.3,3958595.3,185595.83
2021,1320,10636281,17780269.32,12279781.82,12279781.82,1212891.27
2021,1321,7369577,11044812.21,8743718.54,8743718.54,868293.13
2021,1322,15418726,26684221.68,22749811.080000002,22533420.48,2629900.6
2021,1323,3431894,5344087.1,4919960.07,4919960.07,911711.62
2021,1324,25026054,42944820.87,37076101.92,37076101.92,6708705.65
2021,1325,6694925,11749694.13,8848015.63,8848015.63,876480.0
2021,1326,5770538,9877147.0,8778379.81,8778379.81,1119568.44
2021,1327,24350537,30078847.91,22892710.24,22852710.24,3372333.92
2021,1328,9805153,19480310.19,15036875.040000001,14667291.51,1705745.9
2021,1329,3541581,7113405.36,6583615.02,6583615.02,844789.88
2021,1330,24453633,32848352.03,29386135.64,29008558.369999997,5333606.04
2021,1331,12261498,21943184.18,17470129.33,17470129.33,1893529.0
2021,1332,8520701,16075289.959999999,12746776.43,12746776.43,2169802.7
2021,1333,8631023,16378895.01,11789514.7,11789514.7,1443390.85
2021,1334,21241850,35462478.35,31166111.11,30899319.27,2053256.25
2021,1335,51036561,84316899.78,75086458.33,75086458.33,9123631.39
2021,1336,13725129,18182008.03,11580517.28,11341112.34,1442250.0
2021,1337,7213431,11887579.35,8794890.67,8757974.450000001,2093875.49
2021,1338,8565818,11951000.91,9281481.56,9281481.56,1521748.72
2021,1339,11947958,16121208.74,11237825.88,11237825.88,2234949.55
2021,1340,6893491,8341272.09,7418234.25,7385130.64,1413025.0
2021,1341,24944426,41981064.13,35156168.97,35156168.97,3825164.64
2021,1342,20735361,39512029.56,34171248.63,34154303.63,2457662.46
2021,1343,5013006,8967700.06,8020894.75,8020894.75,988328.29
2021,1344,2845551,6187171.26,5189432.09,5189432.09,206327.0
2021,1345,33319068,50697672.48,35469072.3,35469072.3,5860499.12
2021,1346,17179505,24441993.6,22496934.13,22387046.45,3669923.28
2021,1347,24678024,35325772.96,29128145.81,28586208.05,1580427.87
2021,1401,473158829,615940458.11,571819144.27,567719444.01,33996808.26
2021,1402,30860827,42923417.78,33412211.54,33412211.54,7579240.61
2021,1403,9699247,16068432.05,10969333.45,10969333.45,1564222.3699999999
2021,1404,36921682,53571861.41,47759093.21,47759093.21,6613152.84
2021,1405,6079151,9215626.61,7682098.29,7679750.91,984441.76
2021,1406,42821602,61581616.61,52449317.92,52449317.92,10447765.57
2021,1407,8306427,15207951.9,13391076.62,13380966.79,1271622.0
2021,1408,11923807,17474791.9,13830175.1,13830175.1,1999025.39
2021,1409,7520870,10032290.49,8452695.08,8450395.08,1744895.18
2021,1410,7399723,12435866.44,10250572.54,10250572.54,1104411.57
2021,1411,5710511,9367760.03,6648122.59,6648122.59,1213258.07
2021,1412,16004124,30970882.65,21241410.42,21241410.42,3313156.72
2021,1413,6768432,9835321.01,6539883.14,6539883.14,1283158.79
2021,1414,10008980,15670777.11,13572707.36,13395324.72,3821058.9699999997
2021,1415,2267606,4211321.99,3330106.68,3330106.68,302000.0
2021,1416,6207023,8841923.84,8047891.94,8045391.94,750698.9299999999
2021,1417,6208474,16945791.61,11403057.67,11403057.67,1329946.07
2021,1418,1194137,1683443.29,1187215.28,1187215.28,423642.05
2021,1419,5797092,12134033.12,10086253.3,10086253.3,841227.71
2021,1420,2443270,5995370.01,4172437.06,4172437.06,186658.79
2021,1421,809776,1355888.66,1063289.8,1063289.8,47483.0
2021,1422,3782458,6400696.45,4442275.59,4440295.59,118088.0
2021,1423,14416269,23564290.5,19053895.82,19053895.82,1729562.46
2021,1424,9967866,14983727.8,12620918.459999999,12620272.54,1076106.2
2021,1425,3085598,6674811.66,6132137.85,6132137.85,466174.0
2021,1426,21228308,314284.46,-1e-10,-1e-10,0.0
2021,1427,3709950,6716097.49,6006663.58,6006509.2,279247.92
2021,1428,4067888,6895310.069999999,6146408.9799999995,6146077.279999999,1896439.3699999999
2021,1429,983920,2040920.67,1553702.0,1553531.16,152964.19
2021,1430,2578504,4156075.68,3377133.57,3377133.57,317576.1
2021,1431,13276796,17605665.35,10872598.8,10852627.5,1397531.0
2021,1432,6169141,7170464.06,6698307.87,6600076.87,304161.5
2021,1434,8473038,10169295.8,9019294.06,9018596.56,825168.0
2021,1435,17961506,24994642.57,21924121.35,21924075.57,6895979.470000001
2021,1501,347378215,443640398.38,343838068.12,343837568.68,81997545.92
2021,1502,33302723,53596947.08,33915481.68,33914761.68,6170985.27
2021,1503,9383989,25062916.89,19953269.9,19953269.9,4179629.3
2021,1504,2666799,6188264.3,5021531.99,5021531.99,589530.32
2021,1505,26653835,40642896.16,35664216.24,34853948.03,11848590.4
2021,1506,18123821,27535640.58,20589223.4,20121310.3,6155448.71
2021,1507,56417930,103919665.71,88027214.44,88027187.44,28150094.73
2021,1508,34740000,53528404.17,43121501.73,43121501.73,12125605.97
2021,1509,9179904,19646615.25,15443257.05,15443257.05,4480286.15
2021,1510,11099569,27401121.88,11781768.17,11781768.17,3746890.29
2021,1511,32246393,31241242.22,22993497.31,22993497.31,8694251.99
2021,1512,23003827,33884849.74,26722046.15,26722046.15,4220919.5600000005
2021,1513,23414929,49020596.52,32414060.91,32395460.91,8180154.43
2021,1514,18667977,30454796.12,23641989.86,23641989.86,4629313.43
2021,1515,29475315,50845249.79,34249812.8,34249812.8,10438737.33
2021,1516,16267987,24548571.96,20945588.62,20853960.64,3615786.93
2021,1517,50807862,79848767.74,46293931.73,46293931.73,12900154.82
2021,1518,11295974,18402136.43,15868556.63,15854781.63,1868184.5
2021,1519,56083501,88007880.49,68889661.85,68889411.85,16965079.37
2021,1520,16666665,30206211.54,20072108.07,20072108.07,6679817.16
2021,1521,64270707,104681551.82000001,68698806.08,68698719.08,15876241.780000001
2021,1522,1395261,5853941.88,4921117.41,4921117.41,185782.5
2021,1523,3383071,8958102.72,6332486.8,6183303.01,923975.38
2021,1524,1855395,6340932.91,4756778.51,4734304.43,143698.0
2021,1525,2754009,6038040.66,5417809.42,5417809.42,478902.0
2021,1526,17573963,34860067.68,21716582.47,21598747.11,9676282.36
2021,1527,7967085,18215761.53,12929364.04,12836535.74,3022974.32
2021,1528,19942185,30651726.18,24546804.68,24546804.68,4803089.37
2021,1529,14976254,27101464.5,18170956.57,18170956.57,3020693.3
2021,1530,32716958,75978086.72,46407297.78,46347911.07,15871119.19
2021,1531,17403850,34832433.67,26353190.96,26082803.39,3899561.81
2021,1532,21237548,33097168.62,22441902.66,22441902.66,6005412.17
2021,1533,4254076,9654133.57,8172711.51,8082531.51,1397505.49
2021,1534,5779221,8766259.67,7205056.54,7205056.54,1725402.01
2021,1535,5626286,10219877.38,8856900.49,8856900.49,1051748.0
2021,1536,1549439,7694214.55,5229811.91,5212891.91,1482012.4100000001
2021,1537,58998705,82594684.83,66504957.550000004,65511098.76,21796113.56
2021,1538,1595341,8358332.41,4313044.91,4295128.91,402729.95
2021,1539,19981600,36062234.21,26502914.67,26491764.67,5515329.63
2021,1540,7619527,11078051.36,8130306.9,8063474.9,3077707.15
2021,1541,0,27238929.88,18640153.55,17641902.8,6633339.0
2021,1601,494019931,648829462.47,461636378.86,461631939.81,62331130.94
2021,1602,30578388,51189197.06,39319139.3,39305815.3,8300817.73
2021,1603,67970888,93762812.19,71170448.8,69411263.72,18292941.91
2021,1604,218450347,235569972.29,165764916.64000002,157743831.96,26183741.57
2021,1605,83028749,107205240.08,71393229.06,71393227.78,19874587.77
2021,1606,119568244,126042782.97,95602257.03,95602257.03,17661110.94
2021,1607,31930043,58859108.71,37750056.64,37750056.64,5712699.18
2021,1608,14099679,17571528.74,13247830.25,13238630.25,2507788.2
2021,1609,37545831,55014932.33,47739759.07,46813540.86,4128289.1799999997
2021,1610,25735482,31599604.0,24355923.02,24355923.02,3075902.09
2021,1611,39487613,51283218.05,45006240.32,45002817.12,13361562.55
2021,1701,2687003008,3227577718.95,2495716174.39,2450850610.8,287007903.28000003
2021,1702,80769218,121686105.97,117888148.64,115910807.91,11753129.28
2021,1703,95882127,100378289.05,56203319.42,56160446.42,13290284.74
2021,1704,115918714,164843656.53,141299867.62,138524222.27,21171082.3
2021,1705,52874305,65078488.85,56862611.64,56862611.64,2760984.0
2021,1706,251152684,294597324.89,194382224.45,194344124.45,60618554.53
2021,1707,64122332,73161312.07,59471709.45,59471709.45,4705877.0
2021,1708,11955435,13313094.0,10683294.040000001,10683294.040000001,768356.92
2021,1709,7511108,8210508.33,6355828.7299999995,6308228.7299999995,535924.0
2021,1710,12859919,21090520.169999998,14507522.459999999,14480727.6,1253835.45
2021,1711,23576768,41017632.62,36336387.73,36296778.63,5956393.140000001
2021,1712,51869461,83697806.84,71386880.35,71379623.27,6317280.05
2021,1713,28014796,32022006.75,28571079.39,28343232.92,1179513.0
2021,1714,44053418,53352446.14,44233936.29,44205062.89,7561626.75
2021,1715,16412563,24916057.189999998,21875571.06,21646798.06,6647221.02
2021,1716,25600106,35481402.08,29333491.29,29046916.91,3727091.2600000002
2021,1717,17975202,29156989.58,22239048.04,22239048.04,3194031.62
2021,1718,4321405,11131369.83,8170252.55,7917600.11,1643521.74
2021,1720,31654982,40679056.68,31929624.34,31929624.34,6682899.01
2021,1721,7882289,13385728.360000001,7149850.2,6794670.5,697546.19
2021,1722,9800143,3615079.33,1819679.42,1703172.3,45926.9
2021,1723,37943996,45052748.28,37660748.49,36389732.11,2680278.15
2021,1724,4478730,14324457.66,10334807.2,10334807.2,4734542.25
2021,1725,19009372,28330282.84,22371945.56,22371945.56,1700155.6099999999
2021,1726,2059518,3444640.45,2662192.2399999998,2639123.92,129342.53
2021,1727,2428061,4238976.33,3899713.4499999997,3807590.94,128068.28
2021,1728,2878394,4129255.68,3117816.36,3117816.36,93880.0
2021,1729,1816128,5375510.82,4974581.51,3422970.44,37560.0
2021,1730,11632678,24325649.94,20988975.05,20988975.05,1234535.58
2021,1731,13584261,14479663.46,11327941.69,11057401.39,844387.15
2021,1732,27292647,21033101.61,14901497.73,14901497.73,1381506.81
2021,1733,2597323,3002126.77,1557620.03,1557620.03,312467.0
2021,1734,159403810,224368534.49,150195621.82999998,149760389.13,25949953.95
2021,1735,13460526,24715912.509999998,21828276.62,21738770.82,4033311.89
2021,1736,24598971,31780757.93,24080491.37,24080491.37,3959446.63
2021,1737,19466708,28390460.54,24190249.37,24190249.37,4510557.24
2021,1738,14209954,16767523.05,14016752.76,14016752.76,2276637.21
2021,1739,44159192,62099501.370000005,55207886.66,55207886.66,7770811.61
2021,1740,12686577,14422538.2,12014217.92,11879953.86,1063820.8699999999
2021,1741,16082249,24752741.98,17420201.69,17234240.64,2263521.29
2021,1742,7146218,11859307.18,10283920.52,10283920.52,855141.97
2021,1743,18281837,24057143.82,17122714.22,17122714.22,3277505.34
2021,1744,16332785,19887072.05,17021475.38,16887218.19,1916104.53
2021,1745,25234543,32452729.6,28329158.6,28323508.6,2349312.96
2021,1746,5605734,7608049.0,5633675.4399999995,5633675.4399999995,391235.1
2021,1747,12530699,22289829.55,18224125.91,18224125.91,2038526.12
2021,1748,13109702,19161572.7,15712448.41,15696055.129999999,2184879.48
2021,1749,6946913,10006172.41,6734067.91,6734067.91,577941.0
2021,1750,27652157,27485599.48,23097726.69,22604158.31,3969442.3000000003
2021,1751,8496833,14126155.32,10594282.95,10594276.45,697819.0
2021,1752,9078519,14337100.78,12319102.41,12032651.74,1557226.2400000002
2021,1753,15015835,28558757.06,26064058.13,26054405.23,1982827.56
2021,1754,16610235,23588664.9,20643627.32,20633182.32,3936932.25
2021,1755,27107295,44074720.55,34081870.39,34081870.39,5297232.41
2021,1756,14477039,22245857.55,20384718.18,20384718.18,1581412.51
2021,1801,198318182,231682247.49,185463943.61,183585581.25,11027980.0
2021,1802,6308492,9627401.27,7596519.42,7376082.07,1597892.78
2021,1803,143900129,164765424.72,133497798.14,132298301.44,16165846.219999999
2021,1805,63824642,67551545.0,53674907.64,53557966.52,4763368.609999999
2021,1806,16131498,20680583.97,13204964.7,12732553.040000001,1599468.0
2021,1807,29364381,44203645.44,34654564.2,34598370.0,5744160.37
2021,1808,48594605,59365504.45,50857875.69,50550747.29,5975518.0
2021,1809,14695912,18715746.48,14898942.63,14464732.35,4303125.46
2021,1810,45065699,45939927.46,40328565.82,40158557.02,2230352.46
2021,1811,26284258,34218272.25,27920005.28,27919983.1,6437331.26
2021,1812,4728745,6431254.34,5102283.97,5102283.97,902827.13
2021,1813,14852844,22495551.419999998,17088732.78,17085556.76,2628611.45
2021,1814,14968764,20502130.31,10216141.89,9694070.54,799562.38
2021,1815,6899557,9999999.18,6348816.1899999995,6347552.1899999995,644072.32
2021,1816,1460493,5546084.2,3685667.5300000003,3685667.5300000003,2179337.3600000003
2021,1817,18198761,25557944.32,17882706.14,17803377.25,3274181.2199999997
2021,1818,7864173,17200821.990000002,12033881.49,11271233.96,673547.39
2021,1819,5512021,9608871.84,7394902.26,7368789.01,520529.55
2021,1820,9422547,9332161.47,4238263.01,3821025.6799999997,1048359.47
2021,1901,171053037,284936370.35,245001041.61,237217287.87,29909826.590000004
2021,1902,23085670,28058316.39,25742863.259999998,24239873.95,2651941.0500000003
2021,1903,5997920,8623672.47,6686014.54,6686014.54,912851.0
2021,1904,10995884,15244418.68,12547284.75,12547284.75,2984177.38
2021,1905,17294672,22711975.74,18388879.75,18333349.75,2916351.56
2021,1906,8077558,8431003.0,7839137.75,7748762.37,889592.0
2021,1907,15772106,17938730.39,15465484.709999999,15451299.11,3721627.83
2021,1908,24274276,28091732.02,22177939.71,21078769.61,2882800.13
2021,1909,21104301,27479392.32,24229422.76,24229422.76,3850149.63
2021,1910,24961458,28112935.81,23942082.22,23318097.06,3590259.79
2021,1911,6918477,8917960.3,7637465.760000001,7106172.44,1513411.28
2021,1912,4559900,5465685.24,4242921.27,4242921.27,1238021.24
2021,1913,5807235,7712078.87,5990652.32,5977799.06,1549286.29
2021,1914,7601016,10214099.85,8660374.09,8654374.09,1167893.93
2021,1915,5904337,6879948.34,6453250.28,6262370.37,729250.1
2021,200,59660380,61308419.0,48840487.43,46396910.89,0.0
2021,2301,10908521,10908521.0,8427281.55,8427281.55,0.0
2021,2302,17469915,21870416.0,11378307.66,11378307.66,0.0
2021,2303,110700281,117793509.14,117561319.14,84514919.16,0.0
2021,2312,9809500,9809500.0,4994702.71,4994060.35,0.0
2021,2313,23353926,43950640.19,38315570.48,37391570.48,0.0
2021,2314,27100000,27100000.0,15090346.32,14637919.110000001,0.0
2021,2315,139862027,139862027.0,110111972.59,107297208.39,0.0
2021,2316,53193143,53193143.0,53025229.519999996,44871033.7,0.0
2021,2317,77931874,77931874.0,55121729.74,33875088.69,0.0
2021,2320,16838742,16838742.0,7041070.42,6987801.92,0.0
2021,2322,6588097,7056920.62,6743584.13,6743584.13,0.0
2021,2323,20283322,21527324.93,21305317.89,21305317.89,0.0
2021,2324,38494554,39343720.43,37022131.11,37022131.11,0.0
2021,2326,12791186,14791186.0,14174230.88,14174230.88,0.0
2021,2327,18355613,18355613.0,15954154.49,15954154.49,0.0
2021,2328,420000,420000.0,225679.04,225679.04,0.0
2021,2331,21665073,21665073.0,12085354.41,10011648.4,0.0
2021,2334,78032711,81865880.0,74667762.62,53186087.43,0.0
2021,2335,32542746,32542746.0,20440550.7,20440550.7,0.0
2021,2337,20968222,20968222.0,11530674.6,11450097.27,0.0
2021,2339,1080000,1239987.98,678452.2000000001,678452.2000000001,0.0
2021,2341,7000000,8456666.0,8158202.3,8158202.3,0.0
2021,761,11289864,11289864.0,4390087.09,4390087.09,0.0
2021,781,238665739,244830320.0,201704020.13,188266214.29,0.0
2022,1101,449406906,622312858.36,528180638.45,526163202.16,43840661.58
2022,1102,11610951,21973524.73,17071163.16,17071163.16,1079053.54
2022,1103,17668790,27065121.65,20060558.17,20060558.17,4647210.75
2022,1104,14276437,24657532.24,20218678.78,20218678.78,1533726.74
2022,1105,14846600,21387172.82,17072126.88,17072126.88,2166331.42
2022,1106,12979524,19049300.62,14203840.7,14203840.7,1266098.09
2022,1107,13145456,22642341.88,14195689.85,14195689.85,4369060.71
2022,1108,9718942,24128964.27,17125689.42,17122825.42,4865680.37
2022,1109,11235302,14743323.34,12148221.11,12148221.11,1839884.81
2022,1110,47152089,50181311.98,40759443.44,40758225.44,829627.79
2022,1111,9339483,12311859.870000001,11082773.11,11082773.11,1233267.0
2022,1112,8826249,15322527.74,10160548.7,10160548.7,1202712.0
2022,1113,5616523,9251650.52,6165177.92,6165177.92,494272.6
2022,1114,5068815,10579885.71,8354281.19,8354281.19,818711.14
2022,1115,30630880,77179012.17,56878171.69,56845111.99,10600130.209999999
2022,1116,9104666,15689665.77,14209149.31,14209149.31,1119431.3
2022,1117,28912453,37062282.160000004,23619202.99,23619202.99,3528414.0
2022,1118,11695679,26548308.6,20876113.67,20876113.67,1674246.3199999998
2022,1119,20627648,27332136.47,22168899.41,22168899.41,2951983.56
2022,1120,34869794,69919495.41,53170563.45,52926472.45,13438140.76
2022,1121,15571493,26574512.79,19371372.4,19371372.4,2198879.9
2022,1122,14273651,19694150.71,16531017.03,16493070.7,1424645.7
2022,1123,4038483,6124782.35,5628508.07,5628508.07,376972.0
2022,1124,19306995,37637667.410000004,28858894.28,28854385.28,3656649.44
2022,1125,4701409,8527877.14,6096074.0,6096074.0,808046.5
2022,1126,10918163,20170122.83,16363281.94,16363281.94,1596501.29
2022,1127,2742789,6297793.39,3155533.46,3155533.46,600855.38
2022,1128,8919452,16745961.18,12402042.69,12402042.69,2024129.05
2022,1129,18441316,34109172.56,28059845.04,28046526.04,3104654.89
2022,1201,2026857578,2469396283.0,1952267743.55,1725880854.64,78422950.17
2022,1202,23392787,39389558.95,30673799.32,30623737.12,3134536.23
2022,1203,18909574,34941508.45,25719467.27,25686467.27,3060164.88
2022,1204,68445977,90881574.49,66375182.57,66348153.77,21417634.97
2022,1205,1367684713,1621566170.85,1403517495.21,1255487438.61,152655686.37
2022,1206,116840559,179883716.36,154239381.67,138800196.63,27671982.29
2022,1207,6098464,10932388.59,7366186.01,7293156.09,863993.97
2022,1208,10381428,22339144.29,17669661.240000002,17669661.240000002,2729254.63
2022,1209,6443263,10066812.51,8246353.02,8246353.02,1083730.0
2022,1210,53204053,87759710.34,60448078.27,60341989.24,8891220.32
2022,1211,29629291,46934014.23,40828691.56,40358701.15,4926867.33
2022,1212,7803257,12197495.620000001,9952051.86,9878306.98,2611358.77
2022,1213,6514968,12602250.84,9065122.32,9065122.32,1209421.64
2022,1214,13093551,27823538.28,19217317.68,19135290.11,3713952.37
2022,1215,23644048,40791991.77,31074417.68,31074417.68,4465364.07
2022,1216,8364524,16059193.94,13829831.7,12949157.37,2504616.78
2022,1217,4663686,8560281.51,6278667.67,6278667.67,518864.59
2022,1218,13870853,25671442.23,18790467.13,18790467.13,2021108.53
2022,1219,8751118,13824000.66,9301654.0,9067666.94,1404870.35
2022,1220,9544389,16704630.43,11968963.5,11968633.32,3210418.88
2022,1221,21066589,35096740.57,26184450.36,26184450.36,5356626.109999999
2022,1222,6805547,13979049.81,10917565.2,10917565.2,2373717.15
2022,1223,4579817,8478330.3,6048435.09,6048435.09,545044.12
2022,1224,52685210,74963490.55,52430889.42,52430889.42,9010040.620000001
2022,1225,11435640,15253329.09,12659501.790000001,12659501.790000001,1949857.94
2022,1226,25200852,37781220.06,28527217.31,24287244.87,4168006.57
2022,1227,17427229,34098061.36,27246830.78,25690643.05,4265467.11
2022,1228,6883028,22474763.3,13628751.47,13628751.47,3930765.92
2022,1229,10155399,13187893.25,10314098.03,10313968.55,1406563.57
2022,1230,2405749,6155112.01,4172896.0300000003,4158419.49,323533.0
2022,1231,3063778,5885618.51,4172784.75,4172784.75,477992.08
2022,1232,13585228,29210606.86,13503787.120000001,13490952.31,2348257.84
2022,1233,7040228,10207080.92,7223894.6,7223894.6,786194.38
2022,1234,5143757,7919364.8100000005,5931614.45,5820083.03,745717.8400000001
2022,1235,9459747,20477554.26,13159771.23,13159771.23,2365469.7
2022,1236,6902134,12051819.2,8014814.28,8014814.28,1373530.79
2022,1237,4634546,7890111.54,5530665.22,5530665.22,681257.83
2022,1238,9606336,17300412.08,14476535.41,14476535.41,1695172.74
2022,1239,24338874,40645096.91,30969334.05,30882587.05,2115375.18
2022,1240,8179465,17696585.69,14511111.1,14511111.1,1384523.49
2022,1241,3303174,7195517.93,3860437.1,3860437.1,466223.32
2022,1242,2825678,5811630.05,3408051.27,3408051.27,376451.5
2022,1243,4142179,8302169.44,5919665.68,5919665.68,1299897.17
2022,1244,567331,1593391.4000000001,686027.34,686027.34,90354.69
2022,1245,6163068,10396750.7,7130275.42,7130275.42,908105.01
2022,1246,10708186,19829191.2,13088779.299999999,12958430.23,1780570.99
2022,1247,12843608,24038246.48,16098562.31,16096313.790000001,2571981.76
2022,1248,12661011,19601004.3,16460628.91,13293861.94,2416915.93
2022,1249,21422445,33223086.45,21452363.67,21112017.71,2732176.2
2022,1250,7431069,24123351.689999998,12570273.17,12570273.17,2700526.0
2022,1251,11627995,23531892.5,16731941.129999999,16683714.41,3530287.9799999995
2022,1252,10515805,19556035.91,15365267.96,15365267.96,2273994.04
2022,1253,5996237,11753345.88,8858414.68,8858414.68,1833257.01
2022,1254,4372909,6358133.62,4779483.67,4779483.67,373250.1
2022,1255,11941316,22968827.61,19643616.49,19108051.64,2402450.6500000004
2022,1256,15255410,22004153.34,18850071.13,18184971.54,1686169.95
2022,1257,16553344,27692636.92,19877936.96,19854660.37,2246869.11
2022,1258,6763995,8532694.81,6716416.29,6315851.9799999995,1426313.74
2022,1259,21967065,35957875.82,30642728.44,30063811.62,6064488.56
2022,1260,34715242,72574646.43,59807053.94,59806701.94,7928887.5600000005
2022,1261,36723643,58212341.27,44487095.05,44460354.55,14309301.31
2022,1262,32880855,41514924.35,29724353.6,28796671.63,7599635.89
2022,1263,16678436,36093897.83,26066168.85,26016039.36,3667205.96
2022,1264,5451800,10303730.94,9017151.8,8829566.77,1155982.67
2022,1265,19550646,33764193.93,27115372.32,27103272.32,2857801.33
2022,1266,14656258,25444856.28,21150511.6,21150511.6,2693427.72
2022,1267,10202978,19075838.34,14687446.32,13304680.88,1823273.2
2022,1268,8934318,14916715.45,12990274.29,12989353.29,1059551.27
2022,1269,11655468,17562166.75,15475851.15,15475851.15,1381078.0
2022,1270,2773078,5104880.0,3514751.06,3442952.48,352495.75
2022,1271,7417339,11518948.1,7007700.15,6979179.0,924814.51
2022,1272,6606779,12132650.69,9727097.62,9510581.62,1753508.76
2022,1273,1778730,2325242.18,1673101.76,1673101.76,171631.88
2022,1274,4672116,9038151.12,6611588.44,6517955.62,500683.0
2022,1275,2350115,3562182.0,2512833.5300000003,2512833.5300000003,228147.5
2022,1276,16030988,25867914.9,18536481.2,18536481.2,2306469.76
2022,1277,9218830,16606043.61,12486831.12,12486831.12,1783710.8099999998
2022,1278,5516376,8006834.48,6121890.14,6005347.18,1301079.57
2022,1279,12973756,21508297.13,13784416.99,13472891.99,2302697.09
2022,1280,6883636,10868121.73,7626995.34,7626995.34,949465.5499999999
2022,1281,6792509,16936185.82,9186027.7,9020606.64,1349705.94
2022,1282,7542327,13918224.92,11044133.49,10934024.76,2248980.4
2022,1283,6105589,9549214.72,7387768.75,7379768.75,872977.49
2022,1284,4403254,7564397.84,5316198.49,5298213.49,1470585.44
2022,1285,10785917,17995090.99,13953841.01,12152088.24,1610029.05
2022,1286,3877386,9038319.7,7878672.32,6889947.86,1326744.23
2022,1287,5199663,9683626.05,6271746.94,6271746.94,2662110.9
2022,1301,1441267418,1702299538.29,1440958153.76,1340507493.58,99097659.67
2022,1302,289642153,359970475.97,254609514.27,251710136.05,28113532.92
2022,1303,43625164,63529243.8,54726369.75,54726369.75,10523197.23
2022,1304,76839028,109260596.48,90248082.65,90237248.45,11515039.58
2022,1305,62459914,89635523.38,76135867.96,76044423.49,12208951.8
2022,1306,82697671,120194664.68,90520327.9,88717499.45,10728761.01
2022,1307,26574906,51282740.4,42548039.96,42548039.96,5905259.72
2022,1308,6902166,11516635.03,8765206.07,8765206.07,777054.46
2022,1309,13635192,14761026.370000001,7060768.95,7060768.95,1145720.08
2022,1310,23097368,32522604.79,25645261.17,25645054.77,4872183.28
2022,1311,11208867,18078176.87,13724501.23,13607503.02,2888514.46
2022,1312,273548540,332875395.9,271452598.55,271452598.55,52875586.48
2022,1313,18021385,25089817.46,21594359.0,21594359.0,3431143.29
2022,1314,81016210,134630185.81,117878800.91,117878800.91,11118451.67
2022,1315,55772666,67398237.97,57109217.4,57101329.410000004,4098819.57
2022,1316,7770489,10851723.03,7635341.149999999,7635341.149999999,1166695.08
2022,1317,15920226,22653078.15,19027454.42,19027454.42,1988124.29
2022,1318,1204948,2095364.54,1236358.6099999999,1236358.6099999999,45384.08
2022,1319,2423629,4658272.72,3232897.83,3232897.83,162830.0
2022,1320,8021145,16446181.27,13188714.71,13188714.71,1366946.08
2022,1321,6836777,11417416.72,8931771.03,8930755.01,1102034.35
2022,1322,16813627,31491865.29,24664922.39,24664922.39,3079448.15
2022,1323,3700973,5910294.35,4120063.88,4120063.88,927988.23
2022,1324,25967012,35434868.2,26152955.42,26132957.17,4659720.39
2022,1325,6364355,11579280.19,8172457.56,8172457.56,1308435.49
2022,1326,6311016,8519249.0,5110184.32,5110176.32,652343.14
2022,1327,22614891,34587958.7,24191599.96,24146751.96,4962272.73
2022,1328,8308152,15599729.62,12002329.83,11549994.77,4233952.45
2022,1329,3676543,8005624.84,5032199.71,5032199.71,555540.6799999999
2022,1330,22001716,30434946.32,23545936.669999998,23238380.97,4814004.56
2022,1331,13891784,31739947.509999998,17142767.85,17007432.99,9763403.44
2022,1332,9191488,16345461.66,11432882.44,11260073.64,2173059.71
2022,1333,9232270,30785413.44,16934185.06,16901951.06,1459314.9
2022,1334,22958139,49293879.15,40252525.94,40252525.94,1624201.54
2022,1335,53309688,85652176.71,73844276.26,72837012.95,12492330.18
2022,1336,9108039,14409582.69,11074980.35,11074980.35,2484583.22
2022,1337,8629569,15117922.0,10799285.8,10799285.8,1073532.02
2022,1338,9210142,16787216.85,11716217.66,11716217.66,2375568.04
2022,1339,12267690,17055692.97,12335799.84,12335799.84,2246318.93
2022,1340,7136516,11424440.53,8739640.52,8739640.52,1154428.3699999999
2022,1341,20064401,37458761.61,28005787.7,28005787.7,3761635.88
2022,1342,26541793,35697215.19,27244676.03,27148381.85,2636158.75
2022,1343,6131750,9016599.36,6915967.01,6913319.9,845203.08
2022,1344,3507473,6068477.0,3957727.22,3957727.22,752047.13
2022,1345,36945610,65395463.660000004,49142979.38,49142979.38,4506308.93
2022,1346,15811141,25154670.43,17536997.36,17532712.36,5914047.890000001
2022,1347,22318092,31692810.96,26161802.17,25738791.17,1610230.62
2022,1401,481620426,630268841.61,500946282.28,494345686.85,72126934.65
2022,1402,29139764,44655390.89,34285221.589999996,34283505.19,7692263.0
2022,1403,9742932,19209847.8,11703394.58,11703394.58,2276278.69
2022,1404,35672580,54124945.12,43097218.84,43097218.84,7903167.720000001
2022,1405,4578972,7382305.37,5607064.58,5602607.53,1506986.71
2022,1406,33017940,50958515.22,37022089.5,37021692.5,7758795.17
2022,1407,6503534,9814133.77,9058908.83,9058908.83,1386758.34
2022,1408,12523250,26094791.8,18971356.419999998,18971356.419999998,3283452.4699999997
2022,1409,6802377,10194416.65,8616391.0,8616391.0,1865173.0
2022,1410,7365979,16341995.54,9642729.08,9642729.08,1413488.0
2022,1411,5867679,14799257.9,9338465.82,9338465.82,3784017.08
2022,1412,15733152,33172463.06,22094312.5,22094312.5,3429762.76
2022,1413,6115655,12868535.81,9887613.8,9868291.86,4222619.399999999
2022,1414,10173292,18142402.82,14610947.620000001,14539614.08,5094160.760000001
2022,1415,2065239,5352136.41,4128852.58,4128852.58,317634.0
2022,1416,4976017,7757436.28,5179773.11,5135133.44,636815.0
2022,1417,5851872,13349004.96,8551769.71,8551769.71,1725182.99
2022,1418,1233524,3159834.0,1253318.66,1253318.66,465394.07
2022,1419,5621453,11639644.19,8357338.47,8356718.47,655075.13
2022,1420,2751195,9656055.41,6481253.55,6481253.55,212243.52
2022,1421,691133,1581989.08,1427041.26,1427041.26,61474.2
2022,1422,3364023,6916013.529999999,5421110.73,5308235.81,142083.85
2022,1423,11826795,22485528.05,15654525.35,15654525.35,2112605.75
2022,1424,6173551,12688494.05,6712087.2700000005,6712087.2700000005,3412220.02
2022,1425,2313784,5010044.7299999995,3310820.17,3310488.47,513804.07
2022,1427,3465899,8127978.28,5436493.52,5432000.18,2844706.84
2022,1428,1550165,6956191.42,3450335.2800000003,3450335.2800000003,201764.0
2022,1429,948345,2203463.39,1247034.0,1247034.0,186777.0
2022,1430,1718660,4559205.5,1900643.37,1900223.12,292535.71
2022,1431,13253419,23222590.56,15068216.030000001,15060164.030000001,1643567.11
2022,1432,1798265,3663360.02,2560625.86,2557523.86,417332.47
2022,1434,6172172,12012111.28,8787774.92,8787774.92,877879.0
2022,1435,15634605,30950566.89,24095889.12,23821579.9,3821576.05
2022,1501,332086650,430088217.7,338952523.55,313030933.32,48938955.66
2022,1502,26877888,52616665.54,39800900.57,39447725.78,4945606.68
2022,1503,8781835,17298307.33,11583670.39,11583670.39,1512480.98
2022,1504,2655417,5631508.42,3831305.32,3646154.65,474320.92
2022,1505,29237315,35051614.0,28937034.7,28739858.650000002,6876190.34
2022,1506,19299966,30871072.46,21434300.81,20623075.5,10452097.52
2022,1507,49171061,87536548.49,66456120.18,66390936.03,13288808.52
2022,1508,37073205,56291354.1,42238399.37,42238399.37,10005742.94
2022,1509,9663911,17586846.47,11620363.33,11620363.33,3687787.01
2022,1510,19732581,31991934.150000002,17406731.63,17406731.63,2885037.89
2022,1511,16257481,36757130.2,24081268.96,24065818.96,5528743.49
2022,1512,21802944,33959994.07,23060287.43,23060287.43,4112388.0
2022,1513,24508346,46696404.6,33264685.25,33228810.25,5752966.32
2022,1514,15849135,27194039.46,18827308.56,18826568.56,3720372.41
2022,1515,31864324,52132278.11,36900231.1,36897268.94,8086144.91
2022,1516,10732345,18195067.82,13748368.07,13748099.07,2414339.86
2022,1517,50392123,79180017.52,43083995.73,43083995.73,9337489.63
2022,1518,13586636,18628524.12,13532027.57,13532027.57,1297205.43
2022,1519,53712602,85221996.92,56956782.92,56956782.92,13783982.14
2022,1520,18149970,32071766.96,15711613.0,15711613.0,5475841.33
2022,1521,63423074,129461674.55,83823670.17,83741009.01,22428326.35
2022,1522,1381384,3176259.87,1691166.4400000002,1691166.4400000002,83842.6
2022,1523,3532556,7874421.59,6840722.99,6829724.16,632223.32
2022,1524,1256985,4925368.12,3696766.44,3676867.39,131443.0
2022,1525,2228655,4026900.69,3256669.5700000003,3254604.02,245450.81
2022,1526,20003261,36768237.35,23068398.66,23068398.66,6097394.01
2022,1527,8445257,14857926.42,9419153.87,9419153.87,1789491.29
2022,1528,24716773,33063788.83,26444958.87,26444958.87,3133453.66
2022,1529,13194345,25558373.5,18957479.09,18441340.52,2056287.0
2022,1530,40469877,69963816.23,40153850.52,40143366.12,8443978.7
2022,1531,14757386,25632729.93,16589143.27,15746408.48,2233984.62
2022,1532,17379745,42767507.61,26003612.77,26003612.77,4364375.15
2022,1533,4244349,7298731.66,5630535.67,5595637.43,740712.0
2022,1534,6229785,9895177.68,8265650.91,8265650.91,1235540.02
2022,1535,5021260,9144949.63,5780164.25,5474801.63,513461.02
2022,1536,1785540,5219528.47,4096586.58,4082854.93,319143.32
2022,1537,55297987,78311225.12,63310506.31,62267177.63,11365432.07
2022,1538,1669049,5950463.59,4876174.41,4873277.95,261174.11
2022,1539,15068173,27701530.0,14671237.09,14671237.09,3014329.29
2022,1540,7656859,10415799.23,8794438.76,8784502.62,1984820.82
2022,1541,22371514,31063455.580000002,20411205.78,20116274.13,3970380.46
2022,1601,484345990,652301816.6,491125225.8,491125225.8,80876678.0
2022,1602,32669377,49346145.83,42232892.72,41901928.35,6867927.98
2022,1603,66277821,107355867.8,79692800.96,77062913.72,17453287.79
2022,1604,219243987,275617748.27,207610202.35,200251244.21,33202949.9
2022,1605,77294552,98864716.57000001,80417573.85,80417573.85,23998986.76
2022,1606,114036768,150222504.29,119731663.03999999,119731663.03999999,23873613.580000002
2022,1607,29443315,44826985.519999996,31110070.830000002,31108816.52,3988861.16
2022,1608,12114269,25855310.29,16580366.68,16308650.93,2033746.3399999999
2022,1609,37236908,73118178.62,43407899.82,42934431.71,5182860.4
2022,1610,22374877,33866373.16,22031091.82,22031091.82,2922144.02
2022,1611,33555232,50158506.37,44685348.1,44685339.1,15487740.77
2022,1701,3407406667,3905380417.08,3001202960.36,2772190159.17,291922466.18
2022,1702,100013705,113437134.19,107290594.64,106249324.58,13673997.13
2022,1703,75431520,95175819.89,71836682.63,71831739.12,12984341.28
2022,1704,137279375,242459487.26,170529614.2,168921863.07,31664517.78
2022,1705,53431902,90184798.28,63694236.910000004,61800581.28,4738500.47
2022,1706,222354184,286733679.22,230273000.02,224195622.63,42208773.82
2022,1707,62145466,96423492.1,75652955.81,75652955.81,14486368.59
2022,1708,10453916,16727382.35,10812810.91,10812810.91,1301773.3
2022,1709,8066097,9300629.95,8988487.02,8887358.02,962567.0
2022,1710,15166030,21996012.19,14044649.0,13925330.6,1590229.93
2022,1711,22285196,33655658.01,26250935.36,26229966.36,4479978.47
2022,1712,60939483,103216094.82000001,70021812.49,70018956.73,15642373.09
2022,1713,28035648,35235673.58,27522535.59,27136765.89,2795093.04
2022,1714,48101003,76913335.43,53135904.62,53044152.81,8533809.87
2022,1715,16672449,22168405.63,20207382.39,20207382.39,2267052.6
2022,1716,35851197,42984256.44,27783182.669999998,27743598.04,2705171.65
2022,1717,16916875,29649534.34,26815822.31,26815822.31,4621309.82
2022,1718,4407333,6693180.67,5556503.2,5528003.2,319327.79
2022,1720,29624258,43739231.81,35455154.4,35455154.4,7608286.149999999
2022,1721,12355642,23447254.11,15644829.67,15644829.67,605431.04
2022,1723,40300155,55535406.1,50464746.26,50333734.81,3170584.11
2022,1724,4602417,11324748.64,7491283.46,7468174.71,1508660.8399999999
2022,1725,20750947,37087957.19,32063461.669999998,31976527.669999998,2160483.72
2022,1726,2106659,2659188.9,2396908.66,2396908.66,216508.02
2022,1727,2542026,5789223.88,2932329.96,2932329.96,793268.61
2022,1728,2764597,3157131.0,2225918.15,2225918.15,216019.0
2022,1729,2273285,8826729.11,4577501.97,4557501.97,173798.0
2022,1730,14171104,30252082.94,18647264.01,18647264.01,1381532.91
2022,1731,9868343,14885955.42,11068182.95,11068182.95,1413146.64
2022,1732,21973240,35280067.54,19055956.6,19055956.6,1311415.26
2022,1733,2740743,3977464.0,2984942.45,2984942.45,351486.88
2022,1734,171722992,239266439.66,187410078.26,185424641.19,19554246.12
2022,1735,17740798,23422834.67,18290683.89,18051277.669999998,2185792.94
2022,1736,25873267,36376989.8,30709464.56,30648308.75,4565900.35
2022,1737,22638602,32415688.73,24110678.86,24110678.86,4397277.17
2022,1738,14294969,28715738.009999998,18574179.03,18573998.03,5961581.47
2022,1739,51173953,82621958.03999999,65907388.31,65907388.31,15058314.53
2022,1740,14164918,19489525.92,16776294.3,16776294.3,1687095.54
2022,1741,15796519,31296997.58,25357845.919999998,25093669.62,6826109.03
2022,1742,8164495,13473588.83,7664294.49,7664294.49,1018715.7
2022,1743,20259834,32591209.32,27423009.21,26418138.88,3095318.93
2022,1744,22407785,31839662.75,31211388.86,30974776.16,3629322.52
2022,1745,28526239,55807028.27,41176215.16,41171581.69,9195018.77
2022,1746,6047676,9701235.58,8735766.36,8735766.36,780980.4
2022,1747,14311031,22465961.84,18090743.92,18090743.919999998,3149404.95
2022,1748,14911549,20618523.57,18079640.71,18018483.71,2756946.4
2022,1749,5275829,10795900.97,9171902.1,9162726.1,804009.6
2022,1750,19283290,27130096.63,25238902.47,25238902.47,2346187.9000000004
2022,1751,8659536,11955161.49,9651531.46,9648984.96,1423783.09
2022,1752,10247346,14427390.19,11884548.91,11131525.200000001,1182410.24
2022,1753,14672854,24314699.14,19713960.47,19495714.01,1859346.61
2022,1754,18926464,32781550.77,23227325.64,23222675.64,6095249.16
2022,1755,29656587,48746612.57,37942924.68,37942908.839999996,7580863.16
2022,1756,21348141,32558450.54,26206011.59,25039804.16,1750747.93
2022,1801,189245795,238397443.34,206076497.3,206032189.9,10115267.57
2022,1802,6417527,10556694.97,7636835.43,7547365.43,1534467.62
2022,1803,145955595,187361394.29,148105915.33,143038541.28,20321023.25
2022,1805,63147500,81090831.55,62088991.29,61811887.870000005,7712367.5
2022,1806,17106737,28387076.71,18830728.38,18813533.82,2806948.09
2022,1807,28157556,38836607.8,31869405.35,31865305.5,3519934.25
2022,1808,50165771,64895543.55,55599522.9,55593957.9,5285040.13
2022,1809,12710416,25143094.27,21697803.59,21697803.59,1865467.65
2022,1810,40707213,44533814.0,37163936.300000004,37162837.300000004,1876999.21
2022,1811,27257095,35143314.18,31468718.01,31287983.51,4626303.08
2022,1812,5129616,8098077.52,5208084.48,5208084.48,762410.73
2022,1813,18718316,29398490.72,22744603.28,22744603.28,3610158.6
2022,1814,10151739,18572029.13,14828651.99,14822401.99,2776615.3200000003
2022,1815,6599326,15831500.76,11977497.81,11863653.13,2223177.3
2022,1816,1271593,4484738.03,4074265.07,4074265.07,931818.88
2022,1817,15979146,26557294.22,22876377.2,22876377.2,4728546.37
2022,1818,9738451,20240221.8,15986501.48,15863560.370000001,4262305.65
2022,1819,5479654,17193026.07,14022711.43,14022711.43,1644767.51
2022,1820,7680584,15613574.99,10559365.35,10555265.35,2463565.61
2022,1901,168694705,248167543.54,212150165.77,209959097.51,41110485.93
2022,1902,21182035,31631677.68,28563921.25,28334100.18,5350777.59
2022,1903,5942926,13772475.11,10018595.61,10018595.61,1483814.69
2022,1904,10422285,20239690.66,17566626.78,17413003.22,2156107.61
2022,1905,16380848,23275662.4,21648869.2,21248832.28,3315590.0
2022,1906,7638856,10323346.01,9380968.16,9333190.0,1902236.0
2022,1907,15128000,24945331.75,22223893.72,22223403.72,4157943.62
2022,1908,22129027,33545521.06,29423948.900000002,29423948.900000002,3483075.39
2022,1909,20108375,29469672.509999998,26183112.740000002,26089243.42,3746573.81
2022,1910,22977438,35745220.78,28648903.22,28648903.22,2960383.56
2022,1911,6250692,12299905.33,8447831.9,8447831.9,1674803.73
2022,1912,4317301,7239250.83,5874460.31,5874460.31,1457030.65
2022,1913,5311163,9920437.14,7539228.98,7492050.57,942488.63
2022,1914,7192932,10313032.4,10169884.42,10169884.42,1354757.8900000001
2022,1915,5586788,7011951.16,6439728.87,6439728.87,786702.9
2022,200,63064516,63064516.0,52787971.32,50295321.88,0.0
2022,2301,11344862,11344862.0,8582809.58,8582809.58,0.0
2022,2302,16046923,22026349.0,11368112.040000001,11368112.040000001,0.0
2022,2303,110700281,141085949.47,140258184.51,96904259.8,0.0
2022,2312,9609274,9609274.0,4861999.87,4861999.87,0.0
2022,2313,22903396,41003107.730000004,37473368.67,36549368.67,0.0
2022,2314,19100000,19100000.0,16021340.88,15278443.88,0.0
2022,2315,145455323,145455323.0,118540591.58,115829809.56,0.0
2022,2316,52524910,57797203.0,55222807.45,44311519.59,0.0
2022,2317,85420560,87322190.0,68718157.28,56215161.769999996,0.0
2022,2320,10462117,10462117.0,8433398.8,8341514.760000001,0.0
2022,2322,6788097,7464732.49,7272102.26,7272102.26,0.0
2022,2323,21783322,23538166.990000002,22280112.19,22280112.19,0.0
2022,2324,38794554,41154864.01,39251446.47,39251446.47,0.0
2022,2326,14448754,14973314.16,14320260.040000001,14320260.040000001,0.0
2022,2327,19655852,19655852.0,16144408.05,16144408.05,0.0
2022,2328,284944,284944.0,223800.11,223800.11,0.0
2022,2331,14098317,14098317.0,13758508.51,13070901.92,0.0
2022,2334,40710146,59801860.0,59613268.67,37594806.65,0.0
2022,2335,29592047,29592047.0,21548675.43,21548675.43,0.0
2022,2337,20446360,20446360.0,12622031.07,12525046.07,0.0
2022,2339,1122295,1732487.79,734294.8,734294.8,0.0
2022,2341,9978398,9978398.0,8737540.12,8737540.12,0.0
2022,2342,1500000,1500000.0,0.0,0.0,0.0
2022,761,9491543,9491543.0,3599923.83,3599923.83,0.0
2022,781,254893850,263934202.0,226067006.4,204954196.71,0.0
2023,1101,523717876,666951785.2,580560591.32,580560591.32,47564435.06
2023,1102,13874869,31409530.49,22839450.77,22690378.99,1102530.0
2023,1103,18774926,38709504.4,29524324.08,29524324.08,11832299.61
2023,1104,16178773,25949804.23,20996921.76,20996921.76,3865990.56
2023,1105,17575267,27462258.0,23660802.1,23660802.1,5976694.53
2023,1106,14657298,30015738.94,21634094.98,21634094.98,1964106.93
2023,1107,20866942,36496687.5,29838719.86,29838719.86,11042145.41
2023,1108,16980388,25389418.2,21823288.46,21823288.46,5471918.66
2023,1109,9082672,17637923.21,14375637.31,14375637.31,3997045.25
2023,1110,29122048,35482068.76,27988967.95,27988967.95,1387362.5
2023,1111,9786493,16581695.39,13082201.1,13082201.1,2073485.81
2023,1112,13129373,28116340.41,21230044.42,21099381.85,1074679.0
2023,1113,5864229,9991193.26,8461061.87,8461061.87,527334.0
2023,1114,5403216,21761645.91,15398712.52,15395397.52,1046262.4500000001
2023,1115,42727448,83487980.66,68160694.33,67794697.57,18343149.35
2023,1116,9580278,17805641.69,14553638.5,14553638.5,1683371.33
2023,1117,28633932,36224708.53,29103479.97,29103479.97,3519961.13
2023,1118,16516951,36323943.06,27132002.71,27132002.71,1917382.06
2023,1119,20435019,28807671.68,23833645.18,23831600.18,4605782.48
2023,1120,54092531,89055096.55,72652432.58,71926177.4,17188530.61
2023,1121,19693594,28397312.13,21086946.900000002,21086946.900000002,5753346.64
2023,1122,14664684,25458512.19,21292806.66,21132047.96,2017275.54
2023,1123,4223093,5363906.5,4107615.78,4107615.78,439499.5
2023,1124,23777775,58241853.17,37858898.26,37858898.26,7887818.79
2023,1125,4837896,17266887.74,11558894.11,11558894.11,3693227.4699999997
2023,1126,13127961,19593299.53,17146601.27,17146601.27,1992097.9100000001
2023,1127,2872407,7668118.28,5837445.11,5812061.11,735585.96
2023,1128,9689526,24564671.67,19528947.32,19528947.32,4441023.41
2023,1129,21894115,31028245.62,25238699.87,25238699.87,3580137.7
2023,1201,1986703888,2270998661.1,1960727856.45,1810944055.46,84993157.69
2023,1202,25987825,58126121.18,41370786.49,41203015.76,11169620.76
2023,1203,22915352,33505801.06,28150256.18,28143706.18,3210120.02
2023,1204,74612306,98988594.85,75827070.4,75540771.52,17232366.16
2023,1205,1361952411,1677733936.76,1503309227.03,1331340651.49,171822003.32
2023,1206,131996137,201439247.83,171570735.69,156772036.09,28067463.22
2023,1207,6287776,18443910.3,12663080.93,12663080.93,1304915.89
2023,1208,10691467,26007390.8,14813501.620000001,14813501.620000001,5113641.84
2023,1209,7487422,16461413.31,13617888.49,12968905.3,1123282.68
2023,1210,50143006,102485213.93,69342518.19,69221228.55,11234969.15
2023,1211,29341890,47694301.79,36806905.24,36174157.54,5730562.930000001
2023,1212,7899921,19618985.08,14106153.25,13866719.59,6283369.5600000005
2023,1213,6962588,22007250.759999998,11277363.49,11258641.629999999,6786163.48
2023,1214,14028072,36590048.09,23398848.419999998,23334291.83,4380280.22
2023,1215,26180165,42754709.11,33748861.06,33620373.04,5478385.6
2023,1216,8579550,14143016.08,10113300.33,10053631.83,2720273.6
2023,1217,4722654,13982288.09,8339751.75,8289301.55,521969.99
2023,1218,16006914,34425705.92,27569216.41,27569216.41,2135690.0
2023,1219,8281726,16082444.23,9294251.84,9105016.37,2008845.02
2023,1220,10696152,23748659.43,20478915.33,20478572.47,6754110.91
2023,1221,22570828,42199176.03,31958214.68,31958214.68,8229357.06
2023,1222,6928143,20517754.2,13888404.16,13877611.16,1451345.0
2023,1223,5225809,9124362.29,6030156.62,6001782.62,678365.03
2023,1224,44117865,78646729.75,57685175.28,57615889.65,11824719.6
2023,1225,11625523,23515933.29,19239989.7,19239989.7,2365197.34
2023,1226,25284580,45007270.11,39108068.71,37835683.41,5195129.0
2023,1227,18779927,30102988.27,23437720.93,21614349.59,8536837.1
2023,1228,6924201,24152927.86,13348727.56,13348727.56,7485565.86
2023,1229,10602241,20299490.52,14707920.45,14707920.45,1426250.31
2023,1230,2475535,4455552.49,3194562.61,3119485.49,267052.0
2023,1231,3160786,6040799.86,5523974.32,5522594.5600000005,451055.23
2023,1232,14170354,34694310.04,17612741.83,17480087.65,3338435.76
2023,1233,5157997,12347973.33,9895489.55,9894749.55,2819479.6100000003
2023,1234,5306136,9515074.88,7195909.56,7195909.56,913181.2
2023,1235,9745756,24896279.08,16552754.4,16552754.4,2290568.0
2023,1236,7136152,13349491.44,9985158.2,9945730.17,1452352.84
2023,1237,4827494,9684290.82,7460313.68,7460313.68,552760.0
2023,1238,9595091,14855368.370000001,11044989.53,11044989.53,1251537.0
2023,1239,15815463,23350123.47,14309946.46,11849207.32,6868054.47
2023,1240,8746648,17634695.080000002,14652963.17,14652963.17,4395387.47
2023,1241,3602056,9186415.79,6311122.4,6311122.4,574339.64
2023,1242,2763676,7211327.96,5038229.87,5011361.25,422658.35
2023,1243,4364841,12248929.07,11342001.03,11342001.03,3843370.0800000005
2023,1244,583426,3658044.12,2535984.88,2535984.88,93414.3
2023,1245,6382624,17019602.73,11940495.29,11940495.29,968533.9299999999
2023,1246,11101808,18685309.4,12087432.53,12037827.13,1766288.07
2023,1247,13246362,33471087.25,22440554.64,22440554.64,6378450.609999999
2023,1248,13084959,28987160.0,23087743.09,22780346.68,7527620.72
2023,1249,18732392,31736705.15,22814175.88,22564567.03,2581756.62
2023,1250,7607803,24749207.09,14898070.71,14893310.71,6518464.78
2023,1251,13905405,24277817.38,20174061.53,18398858.01,3948039.6999999997
2023,1252,10827929,28863514.81,24290369.71,24290369.71,1610441.1
2023,1253,6307522,12000689.38,8296868.84,8296259.84,1252644.0
2023,1254,4450300,8619833.04,6449848.04,6423550.46,292881.0
2023,1255,13487888,26798972.45,17727080.58,16958398.75,2701765.89
2023,1256,15904427,34072299.09,22886807.35,22837836.75,11210509.04
2023,1257,19825556,41902811.160000004,30691935.88,30691698.88,12480900.31
2023,1258,6513688,10202488.19,8143375.83,6988869.53,1700667.47
2023,1259,22437026,38469292.96,28758875.26,28681265.81,3627374.59
2023,1260,35603116,86433243.87,68815089.9,68684143.05,12810750.94
2023,1261,34999332,54807683.089999996,47165925.92,47165925.92,16599081.57
2023,1262,28015855,54574634.77,48972187.72,48084207.87,9566507.47
2023,1263,27748998,42944750.84,34768378.55,34018722.45,3657693.65
2023,1264,6079622,9095759.959999999,7754376.5,7733347.42,1172472.62
2023,1265,20948741,37250070.48,27927576.78,27927576.78,4556660.68
2023,1266,15708573,34810764.07,23076850.15,23076850.15,8457839.370000001
2023,1267,10219503,25614122.6,13352272.65,12762011.68,5881682.75
2023,1268,8995882,14547383.55,12991967.65,12991967.65,900171.0700000001
2023,1269,11055992,20756875.73,14499383.73,14468810.39,1610068.55
2023,1270,3060818,9348556.01,7286102.47,7275233.82,288353.0
2023,1271,7728277,13673141.41,6161535.02,6115017.51,1216197.0
2023,1272,6511374,14190695.38,8376429.66,8311292.66,4460865.89
2023,1273,2691561,3595213.72,1620401.56,1620401.56,175857.1
2023,1274,4016188,11658583.67,6656167.03,6656167.03,651234.3200000001
2023,1275,2423161,4860606.6,4494089.2299999995,4494089.2299999995,436238.79
2023,1276,18391751,30838990.9,23527509.62,23507509.62,6965382.39
2023,1277,10544160,25482674.89,15848944.56,15697246.58,3971127.6
2023,1278,5589435,8663402.7,7461826.22,7446226.22,1382266.75
2023,1279,13304576,30538132.71,23359612.02,23359612.02,4952142.7299999995
2023,1280,6655843,10916756.35,7453238.01,6976069.9,975854.0800000001
2023,1281,19006878,39358358.64,30572437.349999998,30572437.349999998,6940451.84
2023,1282,7968394,17277412.35,10872796.63,10870246.63,2215042.23
2023,1283,6292841,9933469.79,7712811.72,7712811.72,921501.0
2023,1284,4548596,14428003.05,10802811.879999999,10782780.9,4728486.83
2023,1285,10060720,20809859.64,15316035.82,14357166.26,3849780.77
2023,1286,4283820,12807602.72,9753690.57,9753690.57,3491131.0100000002
2023,1287,4920669,16472309.82,10684076.94,10527364.94,3345122.8899999997
2023,1301,1615578609,1802413468.64,1603690947.29,1399879024.0,123061640.58
2023,1302,299006452,384910448.31,269617429.54,245537783.59,36755083.27
2023,1303,47325923,74612755.8,65186651.85,65186651.85,16967317.31
2023,1304,81057026,136968409.85999998,118228055.42,118129591.87,12539521.61
2023,1305,64622945,97566731.11,81047046.96,81047046.96,17521987.919999998
2023,1306,88919503,136728077.89,116649034.24,116635451.8,12292479.46
2023,1307,23743770,46555282.17,38501819.42,38501819.42,5343537.430000001
2023,1308,6892529,11516853.26,8851812.1,8851812.1,753854.0
2023,1309,14556446,22338736.25,12849805.4,12849805.4,2530504.37
2023,1310,22594891,39997092.93,29399232.48,29213904.5,6525726.52
2023,1311,11591574,32355674.69,18661164.52,18440309.18,3418100.2199999997
2023,1312,278692126,357352210.74,309204525.4,309168269.4,64762131.82
2023,1313,18833544,27272096.25,22712414.03,22712354.03,3505438.04
2023,1314,84475109,149105787.14000002,122192558.14,122192558.14,13457612.26
2023,1315,53174663,78037206.96,68762119.97,68762119.97,10234115.659999998
2023,1316,8004548,14221208.41,9997995.57,9919033.959999999,2434602.62
2023,1317,14341615,43921069.48,31253070.400000002,31253070.400000002,2437855.0
2023,1318,1270898,2900994.8400000003,2681824.89,2681824.89,71429.12
2023,1319,2591734,12348094.32,8161356.0,8161356.0,4214159.82
2023,1320,8007166,24282036.44,18221090.62,18221090.62,4209859.67
2023,1321,7388037,14189923.2,12303289.69,12284089.69,1129493.73
2023,1322,17078144,39534722.769999996,31578091.67,31578091.67,9817617.71
2023,1323,3853275,7240457.95,5983081.05,5734539.8,999587.68
2023,1324,30003440,45147608.41,36810795.51,36311799.82,4636170.03
2023,1325,6561586,18184264.02,13474709.59,13474709.59,1845319.2799999998
2023,1326,6128409,21334817.55,13362027.94,13168178.39,824015.5
2023,1327,22599915,48876048.13,29705216.32,29705216.32,5175119.97
2023,1328,10201010,20637683.64,17659326.73,17659002.73,4419993.97
2023,1329,5624437,18833036.31,11988108.799999999,11981222.34,536321.63
2023,1330,23004500,46074615.9,35165612.9,34688260.02,9198964.02
2023,1331,17626909,44667761.69,37533256.2,37419330.82,18181141.48
2023,1332,9584182,57081909.76,50488904.6,50129370.23,9269530.2
2023,1333,21444048,39832774.61,28512019.92,28511974.68,6898062.6
2023,1334,24661642,63896757.519999996,53560272.58,53555022.58,7913271.260000001
2023,1335,57007940,120931007.57,103202096.5,103201696.5,17541103.95
2023,1336,9276433,21276226.53,18604874.37,18604874.37,2876945.52
2023,1337,8395269,16310477.39,14142532.67,14142134.67,1522019.2
2023,1338,9790742,28121464.5,22694673.27,22694673.27,2335780.0
2023,1339,9785309,25266792.54,14752955.56,14752955.56,4112926.59
2023,1340,6611011,17201363.1,14466642.73,14466642.73,1248256.0
2023,1341,20971656,50646378.72,30394972.75,30354748.87,4090680.0
2023,1342,22026438,56504193.49,44636249.89,44634599.19,3765055.67
2023,1343,6424927,15149655.11,13397769.07,13358879.7,813758.63
2023,1344,3225008,10903583.45,9171549.69,9171549.69,2682334.92
2023,1345,37828888,103614745.9,76159501.68,76159501.68,9976626.32
2023,1346,17967751,43620942.120000005,26809712.59,26509333.41,6588011.93
2023,1347,24520602,44425667.660000004,36585307.76,36441377.06,3208359.23
2023,1401,512206750,726031916.8000001,611520018.85,608786879.38,95808294.58
2023,1402,29647159,58487509.15,45755429.07,45755429.07,8504766.690000001
2023,1403,10221074,23822898.64,19168284.91,19168284.91,1912901.87
2023,1404,39880921,64752009.79,56456101.26,56456101.26,10893089.29
2023,1405,4684275,14049158.75,8027893.07,8000315.33,1921104.94
2023,1406,39526012,59963813.26,46208836.8,46208356.8,15997509.12
2023,1407,6538073,8371555.49,7285546.48,7285546.48,1496104.01
2023,1408,19318843,36426286.33,29678905.35,29678905.35,4212039.52
2023,1409,7151439,14401053.46,11915444.9,11915444.9,1806377.0
2023,1410,8195945,17255007.3,11232230.49,11232229.69,1484326.82
2023,1411,6780195,13306346.89,10511738.22,10510785.22,3753145.61
2023,1412,19663710,33761283.19,26624610.59,26624610.59,3918101.11
2023,1413,7440784,17899131.25,14184468.43,14172468.43,4250765.42
2023,1414,10830508,17240460.1,14113954.91,14113954.91,2775447.52
2023,1415,2222983,6344111.24,5509387.37,5508907.37,329769.62
2023,1416,5199476,10671046.44,8954169.53,8905149.53,539112.0
2023,1417,6355052,16140029.9,11645267.08,11645267.08,1306454.53
2023,1418,1367538,5879552.63,4097094.29,4096372.69,690918.21
2023,1419,6885053,13051402.13,8033660.96,8019663.96,712361.28
2023,1420,6369847,10904117.9,7883414.649999999,7883310.649999999,134239.0
2023,1421,942068,4287063.01,2315473.8200000003,2315473.8200000003,126424.55
2023,1422,3821387,6372243.88,5245445.15,5245444.88,173884.0
2023,1423,12109678,25380164.55,18734446.36,18734446.36,1943153.66
2023,1424,6480204,20232295.72,12824382.17,12824382.17,5693489.15
2023,1425,4528174,10289960.36,8943848.84,8943848.84,594418.0
2023,1427,4485616,13991007.74,11494420.36,11494420.36,4663522.29
2023,1428,1389308,7320584.94,5026089.3100000005,5026089.3100000005,188815.65
2023,1429,1067015,3794286.08,2212979.69,2212979.69,157072.0
2023,1430,2215581,8074564.22,4490966.7299999995,4484951.2299999995,228490.4
2023,1431,11545804,22445678.7,13842777.85,13822319.85,1431592.76
2023,1432,2062150,6866049.83,5166130.92,5166130.92,264003.52
2023,1434,6953392,17685254.04,13132633.61,13132633.61,993393.37
2023,1435,18306828,42843934.78,32667923.68,32665807.44,6403784.45
2023,1501,365878503,470602788.33,326110832.08,326110832.08,56753556.760000005
2023,1502,29936699,51584297.38,40547311.81,40547311.81,9533342.629999999
2023,1503,9727410,17306063.07,13065718.66,13065718.66,1968169.61
2023,1504,2807242,6065465.72,4587549.15,4258902.49,451451.65
2023,1505,30573493,37758206.15,32038271.15,31078611.65,7619572.069999999
2023,1506,21915962,38925873.86,24189904.580000002,22045275.07,14304348.239999998
2023,1507,53389971,91878164.66,73365748.46,73362967.46000001,23202658.189999998
2023,1508,39597948,69099010.06,60445416.339999996,60445416.339999996,17520653.32
2023,1509,9994876,26107078.86,18087212.7,18087212.7,4781945.22
2023,1510,20595504,29448782.2,22440437.32,22440437.32,2968226.82
2023,1511,17242319,36847273.6,29528452.92,29528452.92,4102419.2600000002
2023,1512,27789169,46420779.97,38549847.72,38549847.72,8384558.320000001
2023,1513,25461543,48798321.25,37348773.27,37348773.27,5486046.87
2023,1514,16454531,35934542.04,24864616.490000002,24864616.490000002,5410601.99
2023,1515,31682523,58524140.13,44635871.68,44635871.68,7710431.79
2023,1516,11251158,26446215.02,17576319.52,17576319.52,4702382.58
2023,1517,48222229,79885059.62,47754736.49,47754736.49,11012091.870000001
2023,1518,11839474,20808356.94,18816848.88,18816848.88,1017437.54
2023,1519,61759876,111917299.65,80819381.68,80784889.13,29223567.6
2023,1520,18333699,42469283.910000004,25418217.87,25417083.87,5366992.8
2023,1521,69420437,138665262.92,102177301.85,102087358.45,27888112.79
2023,1522,1452715,12194637.51,8741179.77,8734215.83,2938468.6100000003
2023,1523,3660268,5264534.1,4375617.21,4290872.25,690576.45
2023,1524,1253107,4195856.41,3216397.9499999997,3197900.17,77659.0
2023,1525,2387589,4801356.45,3263454.65,3243454.65,344324.23
2023,1526,19921782,42032367.03,26980508.25,26980508.25,5775945.0
2023,1527,8811094,20067698.91,13604485.84,13602135.84,5634869.32
2023,1528,22932149,31422891.62,29784683.57,29784683.57,5434453.79
2023,1529,14671490,31481963.009999998,22245457.33,22244463.19,8088962.28
2023,1530,41522894,64570952.76,53131241.17,53131241.17,10133005.32
2023,1531,9884647,16582342.35,13580198.040000001,13555319.23,1763459.04
2023,1532,17319255,44199740.06,31850129.04,31561414.87,6745394.19
2023,1533,4312712,9346814.25,7302549.220000001,7235080.220000001,1247600.2
2023,1534,6223203,9734388.3,8401315.62,8401315.62,948320.3400000001
2023,1535,5760442,8145828.96,3865660.75,3303515.84,589203.5800000001
2023,1536,2166666,4949141.93,3431653.31,3431653.31,342908.0
2023,1537,62053575,90421829.45,71060894.18,69885789.67,16207347.76
2023,1538,1749250,6200468.16,5811486.48,5811486.48,266559.58
2023,1539,17071563,43747657.64,31479001.3,31479001.3,5856290.49
2023,1540,7983309,17120352.41,11427161.0,10823245.23,5670103.7
2023,1541,23619791,46574023.57,30649615.19,30649615.19,5363821.0
2023,1601,484560152,649005454.99,529615492.55,529615492.55,54715552.28
2023,1602,30218310,57634996.68,42207564.72,41411469.37,17798402.35
2023,1603,66819610,109570835.91,83467770.35,83328945.41,24501155.34
2023,1604,235516489,312365617.83,230263904.91,221980403.2,44748155.5
2023,1605,87906940,104575528.06,79342339.04,79342339.04,22474460.14
2023,1606,118435051,166870914.54,135760912.43,135747140.43,31756186.42
2023,1607,31180443,40805767.17,34520049.31,34520049.31,6210569.73
2023,1608,20612237,31891601.01,21308713.69,21300972.69,2771911.1
2023,1609,46223373,79951950.14,68872891.08,68872891.08,8849854.4
2023,1610,27902264,56330546.73,37139146.9,37139146.9,2683134.08
2023,1611,34015555,46103307.78,37379428.53,37346014.53,12122181.18
2023,1701,3700359025,4320796838.9800005,3565417414.83,3145823903.2,355245824.95
2023,1702,107472273,120230580.72,112262567.74,109926580.9,12569962.72
2023,1703,99294428,105098072.0,71293906.05,71293905.5,11978917.71
2023,1704,156993851,242247221.3,201736665.17,200586946.28,41994489.17
2023,1705,64935335,136613782.07999998,90457097.91,90457078.3,12360035.21
2023,1706,235802197,346300808.9,231828250.4,221543659.69,64450895.449999996
2023,1707,69576496,95739369.43,80250468.86,80250428.86,25421943.330000002
2023,1708,10916963,32582706.29,21763810.93,21105901.01,1321478.6
2023,1709,8348340,9456258.29,9179726.88,9102539.22,951606.58
2023,1710,15466234,33356854.4,19367692.49,19360192.49,7960700.899999999
2023,1711,22967368,48056209.77,38286304.18,38276174.18,9076762.68
2023,1712,60340513,138582557.51,95255965.42,95254944.42,45910039.12
2023,1713,31096237,43270296.15,38117297.32,37883615.03,3822330.9
2023,1714,58245603,89004307.83,65739734.910000004,65607314.69,19987824.58
2023,1715,16643156,21373035.11,19881855.23,19881703.23,1582706.0
2023,1716,29851294,40556885.83,26906790.84,26816790.84,2681284.7
2023,1717,18199027,35486843.64,32164261.17,32164261.17,8364488.069999999
2023,1718,4822790,7224619.7700000005,5334252.61,5334252.61,894594.0700000001
2023,1720,29757196,43221507.01,37029716.93,37029716.93,7419200.0
2023,1721,5328334,9519291.12,7644743.07,7625733.07,752675.25
2023,1723,41045704,62695924.98,45703743.88,45589429.41,10893310.09
2023,1724,4813694,12801666.629999999,9222541.51,9158253.51,1141915.04
2023,1725,23607084,30586030.03,26268328.41,26268328.41,2179482.0
2023,1726,2174528,2678871.27,2311145.53,2311145.53,183582.66
2023,1727,3408811,10298168.24,7832853.5,7832853.5,832893.38
2023,1728,2110385,2655505.75,1695160.43,1688410.43,416.0
2023,1729,1996799,6906386.13,5338646.72,5338646.72,166994.0
2023,1730,17278070,35932436.71,26433814.73,26398823.7,2654252.21
2023,1731,11180103,21219405.25,12693331.42,12639783.77,7865787.77
2023,1732,17494505,35923643.14,25608322.990000002,25608322.990000002,1595170.58
2023,1733,2854755,4789828.0,4403273.67,4403273.67,283142.21
2023,1734,184941853,230437396.45,201013032.38,200963607.38,21085495.57
2023,1735,19745047,26364869.48,21316619.27,20696781.919999998,2588361.41
2023,1736,26446243,35972446.77,30455715.3,30425917.3,3810239.29
2023,1737,24951971,35300310.78,26589976.17,26589976.17,4364088.54
2023,1738,22345399,35320972.56,28556325.6,28556093.54,7265432.93
2023,1739,52730176,94671554.93,75017944.12,75017944.12,26847327.05
2023,1740,13939711,17374517.51,15379128.870000001,15379128.870000001,1988109.96
2023,1741,20384340,28838499.69,25904753.47,25904753.47,7214512.53
2023,1742,7854980,18625232.35,12219392.38,12219392.38,1165637.14
2023,1743,27380282,34957005.77,26967464.52,26967464.52,6097437.83
2023,1744,25817765,45418120.53,32531129.44,32244450.4,16227846.45
2023,1745,27987036,50524669.019999996,43263455.9,43263455.9,12782691.7
2023,1746,6851264,8684164.76,6847850.89,6847850.89,978043.4099999999
2023,1747,14286173,31987894.94,23877873.7,23877873.7,9272716.469999999
2023,1748,13857863,21963891.27,19522174.09,19522174.09,2843860.09
2023,1749,5613545,8628892.85,7542698.05,7527645.83,850779.5
2023,1750,10400124,31663789.13,19611366.650000002,19609166.650000002,8075633.8
2023,1751,9052060,10793091.64,9239146.3,9206355.3,1233587.0
2023,1752,10465513,13081574.41,11190402.38,11190402.38,1686633.25
2023,1753,16037519,27512592.56,22004705.0,21838127.8,5218586.95
2023,1754,21846990,42718570.95,30243768.44,30029288.7,8957236.75
2023,1755,34646507,69036431.96,54591575.67,54591279.67,15957059.66
2023,1756,23025176,27459135.98,21954838.41,21046930.23,2703858.66
2023,1801,252732246,315583281.18,225445518.01,223961415.16,22742613.27
2023,1802,6767540,9071771.43,7948681.949999999,7777231.65,1207110.67
2023,1803,147588704,208432564.26,181690490.66,180335944.60999998,25444191.73
2023,1805,63794427,98138196.02,89070649.32,88875574.32,11415481.06
2023,1806,17016456,29811543.13,23817165.21,23784042.3,4441354.34
2023,1807,29254945,39798537.42,32775469.39,32775469.39,6748801.27
2023,1808,52344852,60902883.71,56920904.06,56749259.51,6739103.96
2023,1809,14513026,23871658.54,19544201.39,19184491.46,2427262.89
2023,1810,41309436,46914383.31,36149038.69,36099328.31,1939159.25
2023,1811,28604848,34276696.05,30779212.67,30704339.05,4033682.67
2023,1812,6264509,16012222.24,13472617.23,13472617.23,1497028.56
2023,1813,19326532,32151058.63,26680025.63,26679968.3,3858913.1900000004
2023,1814,10483671,17933898.05,17075012.04,16917292.82,5018719.15
2023,1815,8561451,20849417.98,16269729.07,16194903.82,5743786.83
2023,1816,1334501,3102963.0,2811524.2600000002,2811524.2600000002,318786.5
2023,1817,15995370,22129078.65,19355432.72,19355432.72,2612712.1
2023,1818,10200000,26290919.47,23837336.990000002,23569269.15,7781216.69
2023,1819,5659137,8883814.37,8639471.93,8639471.93,553588.03
2023,1820,16054433,24968955.51,18510038.44,18481889.07,5201066.97
2023,1901,186149998,225050782.25,188674568.94,179022605.09,29309297.92
2023,1902,23418790,31748558.34,28715274.48,28551072.98,3010437.05
2023,1903,6850739,18474524.68,11548384.6,11548384.6,3914526.57
2023,1904,12970533,25741572.67,21466493.45,21466493.45,2143867.51
2023,1905,17722428,18685671.0,12414539.35,11636105.84,3133493.18
2023,1906,8316988,12903483.9,11517937.84,11470140.07,1254862.0
2023,1907,17069103,30478329.66,27106067.84,27106067.84,3730182.49
2023,1908,23727813,33719723.38,27535942.96,27535942.96,3912744.27
2023,1909,21346658,35682252.72,32748012.18,31815225.57,5843773.25
2023,1910,25248525,39443410.04,33163906.76,33163906.76,3845361.27
2023,1911,8822850,15168852.76,11243108.8,10953076.01,1188717.1099999999
2023,1912,6131364,6375143.0,4606672.74,4606672.74,1072494.0
2023,1913,5907692,10037707.9,7948540.62,7948540.62,948760.0
2023,1914,7821736,9774510.23,8623748.51,8623748.51,1273293.51
2023,1915,6082059,7649992.57,6768434.93,6602350.85,991083.0
2023,200,65287119,65287119.0,50875835.37,48511303.39,0.0
2023,2301,12838513,12928945.6,8949975.4,8949975.4,0.0
2023,2302,18236257,24465903.0,15134057.379999999,15134057.379999999,0.0
2023,2303,119944067,132057363.04,131825373.09,104677968.28,0.0
2023,2312,10399500,10399500.0,5480051.75,5480051.75,0.0
2023,2313,23193310,46807581.2,43471078.78,43468898.78,0.0
2023,2314,20000000,20000000.0,15668234.19,15665946.19,0.0
2023,2315,145478260,145478260.0,114233708.8,105712785.36,0.0
2023,2316,65193751,67893757.0,60217421.32,48452240.72,0.0
2023,2317,78901011,90039878.0,76800971.22,64528689.870000005,0.0
2023,2320,16380914,16380914.0,8555384.290000001,8178937.69,0.0
2023,2322,6788097,7623211.23,7409086.62,7409086.62,0.0
2023,2323,24290128,26869953.45,25329605.81,25329605.81,0.0
2023,2324,39000000,42553787.49,39120937.39,39120937.39,0.0
2023,2326,14948754,16424455.0,14826644.94,14826644.94,0.0
2023,2327,23294016,23294016.0,16884043.15,16884043.15,0.0
2023,2328,280000,280000.0,197008.75,197008.75,0.0
2023,2331,17141813,17141813.0,12974659.57,12786602.29,0.0
2023,2334,27013566,44424099.81,44298755.93,39886076.31,0.0
2023,2335,30568590,30568590.0,19646306.240000002,19646306.240000002,0.0
2023,2337,18870065,18870065.0,11525047.440000001,11370418.82,0.0
2023,2339,1498504,1638122.69,818306.4400000001,818306.4400000001,0.0
2023,2341,9989247,9989247.0,9432486.06,9432486.06,0.0
2023,2342,1462500,1462500.0,0.0,0.0,0.0
2023,761,8952397,8952397.0,3400531.07,3234241.07,0.0
2023,781,278426175,286044038.77,244807274.32999998,206046834.53,0.0
2024,1101,523420035,643740302.44,580476606.3,580476606.3,61442921.05
2024,1102,13186712,26017970.74,18274005.580000002,18160095.44,1097050.47
2024,1103,19223051,44059358.699999996,35986329.83,35985849.83,16433949.52
2024,1104,13662696,21589795.79,16218813.57,16218813.57,5374830.609999999
2024,1105,15559207,31599850.75,25336291.53,25336291.53,15890167.66
2024,1106,14961373,30342665.61,23393081.759999998,23393081.759999998,1407052.53
2024,1107,19229017,27373523.38,22522512.4,22522512.4,5250674.76
2024,1108,14544735,17353911.76,13168140.18,13168140.18,2284904.78
2024,1109,9010043,16413593.57,14314503.61,14300003.61,4658545.470000001
2024,1110,14149299,21427102.5,18804317.09,18804302.29,852187.29
2024,1111,12125990,15203574.82,14206015.66,14206015.66,1125812.0
2024,1112,11971254,22414461.16,14404868.06,14244492.07,1031254.72
2024,1113,6002276,11061515.040000001,9994968.08,9988931.76,535733.73
2024,1114,10190767,20891435.44,17240135.0,17240086.0,4956884.79
2024,1115,44545185,53083898.49,44451198.68,44413248.68,9241593.26
2024,1116,15150614,23921096.35,16509753.2,16509753.2,6000209.63
2024,1117,28136119,40547987.06,26075701.13,26075701.13,7882503.140000001
2024,1118,20003705,26841463.939999998,22312483.900000002,22312483.900000002,1803450.24
2024,1119,20139831,33315600.09,26679304.34,26679304.34,11958576.74
2024,1120,49906640,87702320.05,66785771.48,66655990.52,23601954.37
2024,1121,16068888,25994195.19,20489265.75,20489265.75,4374553.59
2024,1122,13537112,25061892.78,22701483.77,22696299.77,2809732.62
2024,1123,4265725,8913467.0,5439842.76,5439842.76,490751.1
2024,1124,26142223,46926639.49,26936866.53,26936866.53,10699089.08
2024,1125,16576904,18222929.84,12092676.85,12092676.85,3548289.7600000002
2024,1126,11478383,21692517.39,18981064.48,18980770.06,6211400.76
2024,1127,2895384,1542486.64,1412043.19,1412043.19,324511.84
2024,1128,12855936,19705455.669999998,13387810.03,13082996.69,4071173.9299999997
2024,1129,19672534,35312878.92,25638426.53,25638426.53,12572020.92
2024,1201,1855372710,1921762157.32,1823012234.85,1636827575.8,76076142.59
2024,1202,35265279,59933728.58,38000708.13,37861086.11,14154344.31
2024,1203,22424375,33971909.59,27934376.69,27908376.69,5826217.22
2024,1204,76558435,99894344.09,74445389.65,69580127.66,17782452.3
2024,1205,1345519331,1484611347.08,1331886596.41,1199921102.71,170599529.91
2024,1206,148836443,179310089.35999998,144586795.55,130046668.9,19934100.8
2024,1207,11931556,22566651.63,17875699.19,17829007.14,8249326.52
2024,1208,15841596,34067580.230000004,28118655.38,28096910.13,7286626.58
2024,1209,10677535,19198322.580000002,17677907.62,17568044.44,906473.0
2024,1210,60100063,134521622.24,89743017.71,86730349.21000001,37725128.84
2024,1211,46817065,66708726.69,45572820.0,45454508.0,4769055.16
2024,1212,16942154,21159629.85,15380315.92,15085714.57,2335493.57
2024,1213,9693921,21075418.49,17234972.6,16570299.53,7333806.54
2024,1214,35110785,50120433.38,31445102.5,31362362.59,4649591.07
2024,1215,27190912,59153725.44,47584585.62,47584585.62,8177294.0600000005
2024,1216,9020971,20469230.94,10641535.49,9618797.37,10251661.83
2024,1217,10830440,14909321.13,8743958.62,7747052.61,2308237.46
2024,1218,15115182,29992070.86,23063661.5,22924013.9,2534389.86
2024,1219,8717172,21820401.04,11079433.08,10941296.41,9804675.870000001
2024,1220,11714397,21275584.66,17364479.59,17364205.19,5351932.56
2024,1221,24522937,49047544.15,38179343.59,38156402.61,10104219.29
2024,1222,9220406,21928905.81,14375409.11,14375409.11,1982087.69
2024,1223,5384688,10316695.14,8018274.75,7749492.87,2451296.06
2024,1224,42478370,82727926.09,60973515.21,60205475.86,9641228.52
2024,1225,14160885,26647989.21,22974433.2,22878742.919999998,1773476.73
2024,1226,29782847,57457472.66,44698750.11,41372132.339999996,6625523.64
2024,1227,18249582,29544652.24,25343955.09,24456627.21,8277196.22
2024,1228,7264986,22859443.64,15998034.040000001,15998034.040000001,6746723.74
2024,1229,13231217,22224595.25,17052422.75,17052422.75,1783568.01
2024,1230,5066841,6307370.85,5026858.88,5026858.88,276204.0
2024,1231,3318100,8470134.58,5111377.25,4948649.83,1128581.21
2024,1232,15255263,44581042.45,22527208.64,22504918.21,7107766.29
2024,1233,5410104,13499298.9,9526681.08,9526681.08,3172689.3
2024,1234,5567697,14554167.83,11735328.37,11655902.46,1013485.0
2024,1235,13265498,25701623.4,19887845.7,19887845.7,2060003.0
2024,1236,7538270,11865973.53,8795017.6,8795017.6,1873173.44
2024,1237,5055539,7180792.36,5794900.29,5794900.29,807977.0
2024,1238,9989706,21201087.75,13981462.53,13560417.52,4380706.0600000005
2024,1239,15204887,26839137.74,24375955.75,19277599.93,7528514.94
2024,1240,8820284,14307297.96,13375829.01,13363331.17,3153560.51
2024,1241,6498038,14259873.02,12724578.030000001,12722578.030000001,537263.07
2024,1242,5907226,11546409.59,7939513.31,6541662.4,2929840.96
2024,1243,5625537,9730211.95,8631408.76,8631408.76,1568688.22
2024,1244,2249010,4169355.2199999997,3532527.67,3526585.84,101582.43
2024,1245,8355091,18335100.14,15335051.8,15257873.28,895917.38
2024,1246,11172868,20853144.83,14506446.1,14506446.1,2267914.51
2024,1247,18157842,28289547.41,21731815.45,21423124.59,5632154.39
2024,1248,14244999,23442659.34,17944181.4,15258193.48,5673399.52
2024,1249,22197002,31531656.24,25883304.02,25799984.37,2466249.1999999997
2024,1250,7891055,23499926.97,15979384.1,15534310.23,5931795.890000001
2024,1251,11936426,21439446.59,15188718.88,14884276.540000001,1068969.5
2024,1252,14148714,31542986.93,20481449.87,20481449.87,1893055.0
2024,1253,6613131,14527601.7,10075210.5,10075210.5,1146707.0
2024,1254,4686012,11728258.06,7157541.6899999995,6658016.399999999,432142.34
2024,1255,18728558,24779481.91,13548458.120000001,13396455.98,1647812.0
2024,1256,18245432,47185298.269999996,37993524.39,37622851.82,11623121.69
2024,1257,20271764,33882941.42,27173304.37,26045273.88,8953244.77
2024,1258,6784009,13703576.35,10588575.93,10571995.93,4478998.3
2024,1259,32462949,51165709.57,33729765.33,33457417.99,12459047.48
2024,1260,36581487,79289738.65,52440461.25,52004062.79,25025400.189999998
2024,1261,30003804,42777142.63,38293264.5,38273404.56,8743763.47
2024,1262,38380772,45014605.839999996,34813913.910000004,30844035.45,5623258.0
2024,1263,23946774,55768993.92,33364758.39,32979504.16,7252860.350000001
2024,1264,5860460,17250863.9,10960222.35,10336421.77,10509623.66
2024,1265,21766849,35520827.64,30610327.07,30609790.65,4865061.03
2024,1266,21287680,35219403.91,29823178.53,29447356.92,7540345.88
2024,1267,22554552,34286181.74,16416887.33,16412312.33,8615648.200000001
2024,1268,9051428,10513405.3,9041967.51,9041967.51,1223106.46
2024,1269,11699757,21338089.19,16885242.55,16776576.02,2212707.88
2024,1270,4192620,8799870.41,6112946.86,6109846.86,1794592.78
2024,1271,7836004,17616277.43,8327010.74,8327010.73,2396878.2
2024,1272,6785202,12814009.16,11510553.26,11163627.1,4239540.279999999
2024,1273,2128852,7071658.6,5522573.34,5522573.34,702431.6
2024,1274,5530273,22392132.27,12342591.02,12342591.02,871171.02
2024,1275,2543155,13269296.05,6977003.01,6977003.01,6645013.880000001
2024,1276,16372756,30855913.21,23464519.49,23450742.82,9349802.81
2024,1277,20127355,32132432.53,20294940.6,19471756.93,5442916.97
2024,1278,8659656,9852781.3,8443074.64,8345982.5200000005,858823.0
2024,1279,25414862,31850791.84,20826774.28,20826774.28,3431499.75
2024,1280,7030487,19530120.87,14557215.92,14478002.27,6156124.58
2024,1281,10588668,17951081.93,16325346.49,16325346.49,4477706.66
2024,1282,9916914,19449916.04,14488323.15,14482888.15,3332053.25
2024,1283,8814726,15854063.15,9422236.29,9156409.86,1611927.1800000002
2024,1284,5809644,15066272.41,8386727.19,8219918.74,3963098.8000000003
2024,1285,10628113,27022240.400000002,21340364.87,21285891.080000002,5864981.41
2024,1286,9162343,13346555.22,12134053.709999999,12134053.709999999,3474179.15
2024,1287,5734587,19525668.06,16913409.74,15593720.2,2912340.92
2024,1301,1620554707,1758092830.04,1630948031.57,1408340696.42,125648101.5
2024,1302,306797946,357285914.26,273668633.6,233592765.09,29086701.38
2024,1303,51588601,58596738.44,55987651.35,55987651.35,15083826.42
2024,1304,94398987,130057780.69,113915679.91,113721482.73,16548757.780000001
2024,1305,69436955,91432012.07000001,81388468.89,81231576.25,17748933.25
2024,1306,103547758,131806882.5,111855009.85,111453323.47,16993421.24
2024,1307,33851670,46132575.05,36728016.02,36728016.02,7480146.9
2024,1308,9923436,17597838.59,11022517.35,11022517.35,764264.0
2024,1309,6302090,16828660.69,13763515.53,13763515.53,3327297.76
2024,1310,23846169,38413308.91,34938535.28,34449211.24,7664305.58
2024,1311,23839063,45389370.34,36478810.96,36088189.31,5834734.56
2024,1312,277943718,327194031.14,305235604.38,304711518.46,57712118.42
2024,1313,19859082,34926904.53,29406996.4,29403919.19,6966172.17
2024,1314,86190703,163495053.64000002,139670198.91,139670198.91,36839268.05
2024,1315,52877708,63885114.53,56139795.06,56139795.06,8565416.06
2024,1316,8297318,16377806.59,14278210.04,14269269.45,4896733.36
2024,1317,30590433,60296409.99,41673704.28,41399620.94,7139724.83
2024,1318,1349595,5921209.45,4035710.58,4035710.58,48419.0
2024,1319,3056271,11272814.57,8708058.29,8707937.209999999,5428258.79
2024,1320,9711854,15891038.54,13840000.49,13679772.67,2345362.38
2024,1321,7320129,12197519.879999999,10723870.58,10646142.58,1059444.96
2024,1322,18266919,33548896.25,27706753.89,27706753.89,9195370.129999999
2024,1323,4009909,12450564.97,6018649.56,6011076.56,941770.69
2024,1324,32274763,44638870.03,32987311.849999998,32987311.849999998,8212980.17
2024,1325,12259770,18279792.29,11189920.21,11189252.21,2162244.6
2024,1326,6791288,25186414.51,15241258.21,15241212.65,6297296.12
2024,1327,24667265,52169885.86,38114644.46,38077494.08,5935200.43
2024,1328,10089247,19850329.5,17814676.18,17814676.18,1921075.44
2024,1329,4665877,16264229.59,13056550.239999998,13056550.239999998,615532.39
2024,1330,23585782,45424441.839999996,40625492.4,40625492.4,8097578.39
2024,1331,14475326,26144629.37,22375563.14,22227512.97,7987400.590000001
2024,1332,14139243,21599102.4,19620067.14,19321805.27,5460905.97
2024,1333,11130544,23540438.78,17671973.38,17671973.38,5179451.17
2024,1334,30612113,59718966.46,45263687.43,45063688.46,20645302.7
2024,1335,58568790,108722651.04,89075125.27,88872913.49,28980279.87
2024,1336,11424546,25283386.73,20800335.15,20665527.47,1589437.02
2024,1337,8726558,16131255.35,13752489.99,13752489.99,5537555.7
2024,1338,10280305,26209498.43,19707688.44,19707688.44,2609492.0
2024,1339,10217646,26523378.99,18114839.99,18114839.99,7185861.8
2024,1340,7183632,22477455.63,14615618.0,14571874.0,4276583.390000001
2024,1341,29871913,62914035.82,52734027.980000004,52734027.980000004,8852748.89
2024,1342,27619634,46799844.04,42285635.86,42285635.86,2742362.49
2024,1343,5217821,12340347.08,7601950.11,7601950.11,3966423.8200000003
2024,1344,3318675,7740119.350000001,6566923.23,6566923.23,1600499.86
2024,1345,54764793,102254452.94,76597605.49,76396889.9,16559398.82
2024,1346,19483908,43873888.39,27907875.23,27841946.23,7935356.75
2024,1347,24048445,43928817.68,37715517.22,37245856.53,6312535.47
2024,1401,525235054,649678552.79,585096823.2,569788024.76,66061277.13
2024,1402,36818164,56303275.620000005,43484826.57,43481441.57,8477435.98
2024,1403,13650536,17676397.35,15226035.35,15226035.35,1649513.31
2024,1404,40170202,53394181.239999995,46447788.54,45928945.550000004,11344634.43
2024,1405,9785141,13068236.4,9225732.85,9198786.35,3871059.56
2024,1406,39265787,53580322.57,42168180.53,41941358.44,15535159.01
2024,1407,9541136,12268496.44,10119073.69,10119073.69,3419714.38
2024,1408,16329414,26557875.02,23391434.28,23391434.28,1739718.0
2024,1409,9086868,11762923.66,9774937.44,9774937.44,1937920.9
2024,1410,9415120,20841805.13,12829608.57,12829608.57,4047154.5
2024,1411,6187964,11622183.32,8688257.17,8688257.17,4505356.75
2024,1412,16543567,27970270.84,22107123.21,22107123.21,7274615.68
2024,1413,6920220,10290387.0,7992902.2299999995,7901308.97,1629136.77
2024,1414,13848914,21354261.53,17014011.580000002,16908520.29,2683050.04
2024,1415,2470349,4917642.75,3844025.52,3844025.52,344962.0
2024,1416,5366156,10061796.11,8484972.42,8484972.42,543788.37
2024,1417,7109363,16549574.97,8286420.61,8286420.61,1104255.0
2024,1418,2006488,4039556.35,3053521.51,3053521.51,450353.12
2024,1419,7877772,16211478.36,9534700.29,9450253.27,1435403.92
2024,1420,4319535,7521854.06,5845523.06,5845523.06,94107.0
2024,1421,4814943,8670720.33,5969607.01,5969607.01,1460575.36
2024,1422,3830773,6454444.6899999995,5794363.92,5781653.92,172208.0
2024,1423,12941063,24745760.4,14240914.82,14240914.82,2365027.7
2024,1424,8477361,20043521.56,15474301.56,15473773.56,3932668.4
2024,1425,3042509,8991351.99,6717968.6,6717735.96,589996.41
2024,1427,3605386,7281366.86,5462191.08,5462191.08,1973502.46
2024,1428,2445380,10018524.93,6638024.99,6638024.99,244942.99
2024,1429,3254781,7169147.7,6232435.9799999995,6232435.9799999995,147034.0
2024,1430,3304186,8002306.34,5550050.71,5550050.71,207926.25
2024,1431,11275188,25254652.990000002,18085339.78,18077839.78,7741035.970000001
2024,1432,4346798,9523837.23,7136435.72,7136435.72,1860386.26
2024,1434,7053297,15161233.790000001,11909928.790000001,11908807.51,837042.7
2024,1435,29855925,56192481.76,43960304.5,43954157.08,16257674.790000001
2024,1501,417538885,520401284.73,326676146.01,323930783.93,60394735.46
2024,1502,31609299,42535787.97,33494784.43,33494784.43,8839026.67
2024,1503,9128762,21371533.44,12399943.93,12399704.93,7161390.58
2024,1504,3007746,5510339.21,3847298.48,3847124.48,473522.39
2024,1505,30091754,52739744.089999996,34798825.22,32620818.59,11111981.97
2024,1506,22952722,39531678.15,24141952.51,22605852.17,15956235.68
2024,1507,53321805,94620839.22,69091344.9,69091344.9,25839163.49
2024,1508,41555453,50196675.38,45009254.96,44958328.51,9552602.98
2024,1509,10511477,20871030.84,17310227.85,17310227.85,5573233.399999999
2024,1510,14346600,26446605.22,16940370.89,16940370.89,9353442.57
2024,1511,17767138,33712928.47,27468978.49,27468978.49,4915293.89
2024,1512,22633708,30167236.91,24567742.53,23828719.6,3378609.6
2024,1513,27169863,43942803.86,37219452.44,37092885.08,9460037.93
2024,1514,16277365,24334003.98,19260183.73,19260183.73,2836881.0
2024,1515,36178942,62686279.83,39275142.97,39275101.32,7561925.76
2024,1516,13806324,25084296.95,20215641.98,20215641.98,6174418.25
2024,1517,40797112,68339116.45,40461610.6,40461610.6,11719180.35
2024,1518,12473057,24525753.61,18065275.6,18065275.6,5185404.39
2024,1519,64120035,92652739.08,71448667.06,71293515.48,16921447.5
2024,1520,21125503,38120439.86,27984561.97,27984561.97,6675720.0
2024,1521,100708133,107151237.49,81945806.92,81812900.92,23229178.4
2024,1522,7142995,11458077.26,5798789.890000001,5798789.890000001,2188651.4
2024,1523,3811690,6864026.09,4406850.75,4378114.91,631370.84
2024,1524,1687397,3084771.42,1686215.55,1663833.23,132328.87
2024,1525,2473654,4721068.89,3937305.53,3914505.5300000003,350110.0
2024,1526,20857000,38874339.72,27002044.6,26956165.6,6467489.12
2024,1527,8968141,16585054.42,13263650.08,13233650.08,5522106.82
2024,1528,22295203,28628397.23,26022128.169999998,26021697.509999998,5578008.43
2024,1529,13294709,27955367.33,23977475.53,23977475.53,8277272.72
2024,1530,45502546,76740618.36,53319463.5,53319463.5,21172205.32
2024,1531,10389528,15717513.549999999,12840358.17,12827823.709999999,3716012.5700000003
2024,1532,17623214,34230630.0,25916232.08,25478477.42,4405899.2
2024,1533,4410669,10043908.91,6648914.6,6631762.17,1393951.42
2024,1534,9349837,9233992.77,8296579.88,8295114.88,1125181.94
2024,1535,4961876,9587114.32,5964271.56,5923972.86,2189305.3200000003
2024,1536,2454952,2869978.35,2299250.96,2258711.5500000003,369888.0
2024,1537,66647429,89042967.09,74571194.46,74285500.12,22718298.0
2024,1538,2099224,4418836.37,3551079.91,3551079.91,1086453.81
2024,1539,21238298,34501320.05,23666186.97,21332394.41,6269374.5
2024,1540,8194180,13651464.84,11583590.33,11415019.83,2810688.61
2024,1541,21721574,32553638.46,25966649.48,25867516.09,7300438.01
2024,1601,472322433,649367490.35,460204526.11,460204526.11,42504660.76
2024,1602,42266815,62170418.64,44605085.71,43603082.01,20603086.03
2024,1603,72916405,105566487.59,84799928.86,84422908.97,23343892.61
2024,1604,221134770,268429913.08,227389892.19,212969006.19,31317504.13
2024,1605,69387788,85388282.11,66808320.06,64566365.269999996,17728873.86
2024,1606,107294383,133794844.84,108484113.0,108271826.47,19862284.89
2024,1607,26855604,35627055.3,28356724.44,28356724.44,6734710.01
2024,1608,14866524,24165008.09,13367902.99,13367902.99,5696534.69
2024,1609,46012108,77406990.64,61446291.75,61287013.15,11086657.91
2024,1610,38761513,64416718.120000005,46304921.41,46304921.41,7998248.03
2024,1611,38058877,45707033.11,35067469.25,35067469.25,9442478.1
2024,1701,4620014298,5227919176.85,4056381383.25,3148574223.27,424447101.19
2024,1702,109420743,119231232.27,113309697.02,111262118.05,11489456.84
2024,1703,99427108,107772603.95,75130426.16,75050906.86,15508853.69
2024,1704,152842097,207059062.4,168846298.63,166225514.9,28276395.94
2024,1705,67964837,114926804.21,73495948.38,72708612.04,14857697.77
2024,1706,235677749,358273174.46,296321922.3,292850275.96,95401101.4
2024,1707,61856410,71359384.31,65202864.46,65159845.43,12002369.370000001
2024,1708,24634305,28702797.45,19504159.35,19504159.35,1062296.0
2024,1709,9321005,10607351.15,8653995.99,8288897.81,947969.0
2024,1710,17342333,34053339.48,18962641.34,18962641.34,6866425.46
2024,1711,23834976,38914129.089999996,34017249.06,34000458.76,4077272.71
2024,1712,75603062,123255837.09,96208356.65,96200802.67,35105262.37
2024,1713,31397157,37344607.96,31623585.86,31564984.03,4172130.78
2024,1714,56027793,88498695.71000001,63317387.03,63305287.03,28432559.25
2024,1715,17459424,20479050.12,18754142.02,18573669.96,1639735.0
2024,1716,29273117,40975693.98,31777815.61,31777815.61,2198895.59
2024,1717,19066942,36103985.0,25577851.75,25577851.75,4249886.15
2024,1718,4790512,6910019.19,5764817.91,5754444.18,1668997.74
2024,1720,29941994,42405852.88,35689872.62,35689872.62,11471846.26
2024,1721,4835982,10430796.53,6245126.57,6244173.57,826598.2
2024,1723,43141365,60953144.34,49016149.36,47678062.23,12682254.93
2024,1724,5091520,11731944.88,6465213.13,6453308.13,1926109.6099999999
2024,1725,22669505,32457530.31,26041244.76,25827556.830000002,3298049.9
2024,1726,2161936,2270123.0,2042764.98,2039264.98,190002.62
2024,1727,3121074,8855015.69,7418158.37,7418158.37,252549.17
2024,1728,2202924,2203586.0,1997663.7,1997663.7,41363.0
2024,1729,2091267,3207784.51,2597391.65,2573715.23,177968.74
2024,1730,17136278,37896218.41,29445075.84,29445075.84,11064236.51
2024,1731,9547134,23035080.21,17913684.849999998,17913684.849999998,13011930.85
2024,1732,15795041,29235045.88,21930624.22,21930624.22,2299584.57
2024,1733,2884192,6190918.33,4116726.33,4116726.33,254457.7
2024,1734,189739572,204281312.10999998,185273645.48,182051251.83,22802862.97
2024,1735,23691708,31150810.18,22880713.21,22601427.32,2540462.95
2024,1736,27450432,30783609.91,26932569.76,26932569.76,3066614.75
2024,1737,25548776,40743646.25,31784480.49,31777279.04,11106002.56
2024,1738,15367223,24089288.41,22820628.55,22820628.55,2371556.7199999997
2024,1739,55798244,95689779.28,77564348.71000001,77564348.71000001,28711350.2
2024,1740,14101161,17600587.3,15186478.3,15037669.89,1389280.17
2024,1741,20427918,30375250.82,20609224.490000002,20608357.490000002,5240080.69
2024,1742,10636824,18500532.02,15114024.04,15114024.04,1141987.94
2024,1743,30684135,31584990.0,21808151.1,21726204.1,5151822.31
2024,1744,27672528,47184773.67,38134223.25,38009818.17,20388177.919999998
2024,1745,33773737,50247884.55,42119327.29,42119327.29,11080984.48
2024,1746,7428891,10643372.63,6858611.3,6858611.3,3525527.67
2024,1747,15436926,31760802.56,24229384.58,24229384.58,12357977.1
2024,1748,14634183,16396777.09,14257121.23,14257121.23,2259948.0
2024,1749,6142772,8315121.18,6269660.87,6269660.87,1010148.0
2024,1750,13245208,39801552.43,24991123.07,24745344.57,7804029.96
2024,1751,9236472,12955137.36,9338023.68,9338023.68,2570713.36
2024,1752,9842245,14365178.95,12052559.49,11685674.16,4861004.23
2024,1753,17191372,24806454.75,20631724.93,20574687.39,4681248.49
2024,1754,21049041,43089653.12,35344063.71,35257979.14,8511866.67
2024,1755,44084399,69349184.78999999,53431133.51,53430467.51,21035725.439999998
2024,1756,23268439,26292194.37,21169679.79,21169679.79,2398976.2
2024,1801,227350982,273830588.05,216468181.32,212778021.27,38070344.33
2024,1802,6966834,13078117.92,9684742.68,9646741.68,2855991.84
2024,1803,157540800,180904343.85,153779008.68,151664616.39,18876320.94
2024,1805,68192047,81456863.75,65660814.01,64978983.54,10646615.84
2024,1806,19240593,21206377.31,19019746.24,18890750.24,2829488.0
2024,1807,29364309,39651834.84,27853859.48,27853859.48,6849946.9799999995
2024,1808,52397579,62204333.980000004,52010180.84,51969183.04,9787942.45
2024,1809,14152763,19884707.34,14903001.79,14705448.59,4066156.23
2024,1810,39188179,45667237.629999995,36258544.43,35696288.17,1591062.46
2024,1811,28614552,27099145.53,23701748.0,23698934.0,3615020.43
2024,1812,4872155,10026429.89,6156388.3100000005,6156388.3100000005,3455052.5199999996
2024,1813,18984704,23313227.68,19307267.29,19129797.9,3751387.5500000003
2024,1814,13103554,13108823.0,10164959.61,10164959.61,1329745.0
2024,1815,7100622,15469887.57,13037179.57,13033659.57,4454866.88
2024,1816,1321847,4113197.8200000003,2213728.11,2213728.11,1485941.32
2024,1817,22656976,35758288.47,24832651.82,24832651.82,8097506.709999999
2024,1818,11150000,22973032.84,20626823.75,20551861.66,3627634.37
2024,1819,5641103,5758358.0,5454314.29,5454314.29,493606.01
2024,1820,8409166,19385730.86,14790786.0,14773601.67,7345298.91
2024,1901,167195609,180175983.24,149395869.08,142106572.35,20576041.16
2024,1902,22572528,23657289.16,21150438.25,20777174.99,2657157.0
2024,1903,11829711,18045928.75,11620191.8,11600846.6,3534285.81
2024,1904,21551002,29693488.740000002,18465453.19,18465453.19,8886559.07
2024,1905,16469015,16666950.0,14537292.22,14430465.370000001,1340073.86
2024,1906,7711252,19927452.86,11199018.43,11151636.16,2441474.8899999997
2024,1907,16362172,23938534.34,19589707.52,19588286.52,8647624.41
2024,1908,33767984,42997914.49,34865462.64,34824412.65,4959005.72
2024,1909,20450146,26298015.16,22318088.1,21758100.39,2549000.75
2024,1910,26166602,31872937.09,26557187.28,26549495.71,3620430.04
2024,1911,6310451,9355456.67,4288292.5,3537098.5,813865.0
2024,1912,4346107,5151170.64,4310971.96,4310971.96,808281.14
2024,1913,5376717,7931146.74,5838471.09,5838471.09,1135369.73
2024,1914,7258536,11961470.56,8237377.59,8237377.59,2373106.94
2024,1915,5618247,6501302.17,5389893.0,5389893.0,715074.0
2024,200,64475731,64475731.0,51179864.92,47904349.11,0.0
2024,2301,13448342,14149246.0,11312861.49,11312861.49,0.0
2024,2302,19549860,25503281.0,15137109.77,15137109.77,0.0
2024,2303,123415602,123415602.0,118752317.25,86367367.87,0.0
2024,2312,12364787,12364787.0,6492864.59,6333504.93,0.0
2024,2313,25795589,41795751.68,35555535.18,35555535.18,0.0
2024,2314,18000000,18000000.0,16573582.99,16569422.99,0.0
2024,2315,142855716,142855716.0,111683892.10000001,104579021.88000001,0.0
2024,2316,54237086,72381740.0,65266481.92,50929291.29,0.0
2024,2317,62923273,62923273.0,57985097.59,45971563.11,0.0
2024,2320,18005148,18005148.0,9574095.620000001,9308646.86,0.0
2024,2322,7978097,8192221.61,7588899.15,7588899.15,0.0
2024,2323,27625618,28448171.21,23906121.53,23906121.53,0.0
2024,2324,39990040,42565519.28,40641286.04,40641286.04,0.0
2024,2326,16011846,17385462.07,15288900.93,15288900.93,0.0
2024,2327,24590224,24590224.0,16438584.26,16383528.26,0.0
2024,2328,315800,315800.0,96091.2,96091.2,0.0
2024,2331,15921252,15921252.0,12808565.12,12662101.76,0.0
2024,2334,51331480,62603002.839999996,61329291.81,55080052.61,0.0
2024,2335,30221883,30221883.0,24010414.84,24010414.84,0.0
2024,2337,18842269,18842269.0,12713814.87,12597171.61,0.0
2024,2339,1148055,1148055.0,886231.21,886231.21,0.0
2024,2341,10806156,10806156.0,9105304.53,9074077.83,0.0
2024,2342,1550000,1550000.0,0.0,0.0,0.0
2024,2353,1920000,1920000.0,1913626.07,1913626.0699999998,0.0
2024,2355,1649933,1649933.0,0.0,0.0,0.0
2024,761,4521261,4521261.0,3247218.35,3247218.35,0.0
2024,781,293065078,299960892.0,266616489.07999998,216782260.51,0.0
2025,1101,648840115,737912007.86,598886188.13,598706459.36,59412777.9
2025,1102,12373834,24369788.73,18868425.0,18868175.1,1087550.67
2025,1103,16805027,23426481.400000002,20353140.76,19809782.55,5118255.67
2025,1104,10227818,19388967.57,11690724.27,11690724.27,7075506.58
2025,1105,17767538,25771217.84,21340609.91,21340609.91,8907054.44
2025,1106,15371638,25480357.0,23127463.56,23127463.56,1726864.22
2025,1107,14679829,24371821.72,17103985.740000002,17103985.740000002,4272848.8
2025,1108,11731733,19397931.58,15973331.26,15973331.26,1630483.69
2025,1109,9681489,17144248.16,14826869.98,14826869.98,2379355.69
2025,1110,10804916,13153735.47,11670863.4,11670863.4,651495.0
2025,1111,9518793,13534961.15,9578681.13,9555024.13,1262296.7
2025,1112,9858281,19544986.92,12547416.55,12455949.88,961647.0
2025,1113,5000561,8077529.51,4954240.5,4954240.5,558754.0
2025,1114,9612577,12688343.83,10286409.209999999,10284562.209999999,1883399.93
2025,1115,36595108,52100634.21,41366596.58,41366471.58,11222386.92
2025,1116,11631759,22517009.55,13157857.49,13157857.49,3943657.67
2025,1117,17368955,30248704.36,21393421.66,21393421.66,6969159.100000001
2025,1118,11440114,18585860.07,12934783.3,12934783.3,3894018.13
2025,1119,18764995,25608052.06,21264654.25,21264654.25,6499562.39
2025,1120,36130540,57147113.18,45202589.81,44953056.21,10188018.82
2025,1121,18399317,23837969.14,19742751.8,19742751.8,4239459.61
2025,1122,10619128,16643596.07,12512632.62,12511899.379999999,3705205.11
2025,1123,6071713,10991189.120000001,8818085.14,8818085.14,627549.0
2025,1124,24276908,39271842.46,26032965.43,26032861.43,6791364.699999999
2025,1125,14133407,13249305.92,7680966.04,7680966.04,1071493.14
2025,1126,15044043,33081810.39,17298341.8,17250106.17,8871934.06
2025,1128,11225038,22925353.21,12983406.9,12947500.9,2477414.41
2025,1129,16871068,25328823.16,19379533.79,19379533.79,8460430.49
2025,1201,1737029869,2009174840.81,1927158882.8,1782957436.3899999,83180933.59
2025,1202,32908754,83718812.86,61337843.34,61289458.34,15695614.35
2025,1203,27496865,35306975.03,24968689.73,22741629.39,6654162.4799999995
2025,1204,107952575,135757139.62,98826062.96000001,96320643.64,19542334.04
2025,1205,1300513274,1699038807.03,1500374119.77,1340679007.29,222016678.31
2025,1206,169741564,220535680.70000002,184116387.21,168120673.82,24960209.34
2025,1207,9007612,14602554.92,11860247.23,11827339.57,4024927.73
2025,1208,13931624,20332050.13,16772730.49,16749536.11,3014604.29
2025,1209,9537853,13006285.32,9779027.95,9779027.95,1121581.35
2025,1210,67948365,123339759.13,86767758.16,86697155.43,31968292.95
2025,1211,46626580,45353084.56,29544634.55,29431346.330000002,3987874.7800000003
2025,1212,16958378,25503310.1,17820788.04,17471735.95,7419261.4799999995
2025,1213,11350877,25765480.6,21794094.41,21760973.02,7202694.59
2025,1214,39053086,39094111.1,29906650.6,29757652.58,8269476.2
2025,1215,27241923,68108897.23,44859891.95,44722158.18,19548011.86
2025,1216,11341718,25315741.44,18175932.34,17866773.36,11629342.85
2025,1217,10503193,20309348.61,10430989.07,10428089.07,2521606.65
2025,1218,19429333,38330738.12,27906624.05,27900763.55,9926862.86
2025,1219,11886754,24883084.080000002,15751451.370000001,15747014.97,7525972.350000001
2025,1220,14698482,29385744.79,19908978.57,19898007.82,6317500.89
2025,1221,27554282,51821534.26,40583536.43,40462796.4,12792747.85
2025,1222,12198626,23169097.81,16670996.8,16670996.8,4125160.6
2025,1223,7374052,12081248.75,6997964.81,6847904.17,3373968.91
2025,1224,48684063,77254707.55,57200643.54,54708783.19,8471734.78
2025,1225,19953094,29620475.18,23773587.09,22968342.560000002,5744140.96
2025,1226,35723873,50082034.89,42037806.26,37992448.96,7917736.9
2025,1227,23756924,28640718.42,21700331.669999998,20422657.31,7639095.31
2025,1228,11689083,21174280.67,12066365.43,12066365.43,3015077.3000000003
2025,1229,10216480,12944638.83,10211890.83,10111822.9,2456475.37
2025,1230,4060318,8048491.930000001,4199477.93,4198917.93,1149883.52
2025,1231,4550553,8000348.24,6878261.86,6754159.83,2107065.31
2025,1232,18787522,42373125.94,24519947.97,24304197.16,7058101.89
2025,1233,9258995,16430748.64,10917950.48,10917950.48,2028399.1600000001
2025,1234,6923687,9859753.35,8754609.41,8585857.53,1102046.28
2025,1235,16466925,23386851.85,17427193.31,17427193.31,3285476.0
2025,1236,8102479,15628859.49,10920484.92,10913568.6,1922577.54
2025,1237,6391513,10241084.040000001,7740033.08,7740033.08,975100.0
2025,1238,13642701,25422312.75,20049656.38,20043754.47,6302599.0200000005
2025,1239,13728733,19972962.78,17793610.86,14954692.05,3173541.53
2025,1240,10811938,14020336.43,12372272.31,12178142.95,1226146.0
2025,1241,4766482,9690621.59,8122423.72,8122423.72,752673.59
2025,1242,3733213,9164447.64,6349417.45,6349417.45,2625396.13
2025,1243,6153720,7600867.6,6366979.45,6366979.45,803344.22
2025,1244,3602393,5355341.64,3593850.04,3593850.04,591537.8
2025,1245,7311196,11413756.31,10432472.54,10432472.54,1015445.1
2025,1246,14184835,21194867.73,16220798.22,15146380.17,4845156.720000001
2025,1247,16792793,27387812.009999998,22650263.99,22068173.98,5844361.42
2025,1248,17006218,30411379.45,26472563.66,25079885.84,6473706.390000001
2025,1249,19590722,24700802.509999998,17864532.33,17837392.33,2254455.0
2025,1250,11802027,21357757.47,10951025.97,10511516.83,4207841.55
2025,1251,14852835,17812491.94,15353813.64,15147519.040000001,936486.41
2025,1252,20584096,42108010.38,28026481.02,27855533.36,2768385.94
2025,1253,11761568,19729809.31,14046621.15,14045658.94,1808391.0
2025,1254,5796198,18203396.43,11982961.120000001,10983738.51,1780035.2
2025,1255,18657585,26027708.65,17419097.84,17400110.84,1944749.0
2025,1256,17412622,34702479.980000004,11059055.39,9267047.91,10901973.49
2025,1257,24283577,37359393.55,28443243.35,27095168.97,7132257.83
2025,1258,7694154,12448765.93,10247416.32,10065319.21,2569561.71
2025,1259,34428146,48786390.48,28929864.56,28459222.72,12435352.86
2025,1260,41771317,69556802.74,44960573.94,43516113.38,17441270.3
2025,1261,48203117,67280490.31,50565116.839999996,44255496.06,13771520.450000001
2025,1262,47954831,69161226.47,49702782.87,44926961.36,11451871.26
2025,1263,25761875,55920213.35,34736449.46,34736449.46,17699040.94
2025,1264,7103237,13984887.23,12510189.88,12324801.68,5483288.27
2025,1265,27588962,37649543.83,29018386.62,29018386.62,4886736.12
2025,1266,22864800,37334933.61,29267610.98,29265050.98,3168188.34
2025,1267,23321466,29272730.42,18094187.95,18076172.77,7599262.04
2025,1268,9930751,13393934.43,12679230.41,11975018.24,1017451.29
2025,1269,14192813,21328109.419999998,15346246.639999999,15330253.639999999,2001697.83
2025,1270,6213346,12364947.94,9294622.6,9231751.1,1814431.28
2025,1271,8431527,25140267.68,17129793.81,17127460.05,4708607.79
2025,1272,6719551,10164395.91,9184268.84,9153721.03,1758111.75
2025,1273,1948057,5155490.9,3992687.69,3838548.02,2546003.22
2025,1274,14250502,16056143.4,8976251.66,8743981.86,866318.5800000001
2025,1275,4982978,13511113.92,11058639.15,11046939.15,5226547.36
2025,1276,24995531,40039741.19,23945481.69,23922013.49,10350001.219999999
2025,1277,26513607,45923639.96,29984949.97,29619153.57,14845529.26
2025,1278,7360392,11644559.51,9387049.61,9387049.61,1109620.0
2025,1279,21707456,31391613.27,19385035.38,19384858.38,2894441.29
2025,1280,7907957,16066659.97,8102472.55,8102472.55,2149709.35
2025,1281,8737417,13765383.27,12641280.31,12641280.31,1995606.02
2025,1282,9633947,17693386.16,13252307.4,13227111.48,1948699.0999999999
2025,1283,8267337,19981872.01,13523023.59,13507780.21,3887048.7
2025,1284,5185933,22458395.810000002,12344482.99,12339033.69,9750271.850000001
2025,1285,10600296,19827177.79,16629385.61,16390038.209999999,3219609.41
2025,1286,6340948,12779531.55,8726945.92,8726945.92,1763001.84
2025,1287,7727981,11385350.42,9886395.98,9715239.120000001,669698.0
2025,1301,1531213222,1647000942.35,1507623938.3899999,1313357283.3,121132808.02
2025,1302,321339375,381854454.75,298946741.96,276100188.82,34123951.82
2025,1303,63517708,69127938.87,65534527.36,65534527.36,11798000.77
2025,1304,104757673,136163193.71,110188707.04,108807713.96000001,18159192.81
2025,1305,72297190,94328083.66,83042324.4,76466929.69,16176602.39
2025,1306,130699307,175135022.84,158722265.3,157862591.77,25851732.21
2025,1307,26126928,36065480.77,32245986.46,32245986.46,6036808.96
2025,1308,6400735,13100379.84,9870717.78,9811364.68,783687.0
2025,1309,6659696,15053448.93,8490842.66,8490842.66,5550774.45
2025,1310,22389214,29011140.69,23892891.82,23505100.89,6678480.82
2025,1311,23071134,33862736.38,20352678.05,20292557.07,9982140.42
2025,1312,317393705,353891593.11,304525069.83,303349856.02,73386744.91
2025,1313,20060804,32003273.42,25565571.87,25217935.01,11705627.98
2025,1314,99548028,133519730.2,117792161.03,117792161.03,19237007.89
2025,1315,57387689,74138554.54,60219328.95,60219328.95,11742067.32
2025,1316,8364234,12383811.25,9840257.68,9840257.68,1425520.25
2025,1317,16557342,43628139.49,30308280.38,30123006.74,8192467.66
2025,1318,2572443,3043098.89,2809696.05,2809696.05,55013.24
2025,1319,3693873,7630114.39,6693035.14,6691622.82,1169243.94
2025,1320,11528610,14899171.51,11941799.16,11587165.06,1632597.42
2025,1321,7320668,13959843.08,12485561.13,12433439.13,1231305.02
2025,1322,29963657,41538695.31,35037124.58,35037124.58,5450420.12
2025,1323,4522969,12638258.39,7601616.31,7601616.31,1074777.75
2025,1324,29994805,47965337.7,34533787.54,34533787.54,10642089.3
2025,1325,8781124,20615127.92,11633758.32,11633758.32,3260225.92
2025,1326,8560456,26300087.56,16850096.11,16850096.11,9780384.530000001
2025,1327,23995718,42300666.65,33031114.65,32947138.01,8217912.74
2025,1328,10993269,15367284.49,14473042.700000001,14112622.46,2274409.81
2025,1329,4543018,8290692.19,5770079.13,5751771.11,702739.98
2025,1330,23764387,31454503.01,27525023.23,27517229.0,6827341.6899999995
2025,1331,14637659,19831618.48,17420502.99,17301895.23,2686516.1
2025,1332,13692507,15217423.81,13060310.33,12560244.72,1990993.0
2025,1333,12376397,23351314.9,15978048.98,15978048.98,7136701.17
2025,1334,30489853,64878496.21,50013699.519999996,49540139.519999996,23451812.9
2025,1335,74203251,121775841.76,103922749.21000001,103922749.21000001,36994773.75
2025,1336,11652468,26988651.95,16846225.29,16846225.29,1938226.09
2025,1337,9143002,10764086.709999999,8796857.22,8796857.22,1765027.76
2025,1338,13483879,19266300.08,13916806.78,13916806.78,2165288.0
2025,1339,10298620,20182153.87,15686196.42,15625446.959999999,4240106.21
2025,1340,7712319,22450316.310000002,16334805.06,16275508.21,5718473.73
2025,1341,19091251,43816576.58,35615560.63,35615560.63,11176349.15
2025,1342,23141008,30310500.4,28122084.47,28122084.47,2067218.6700000002
2025,1343,5016869,14693014.93,10319759.22,10319759.22,7947391.42
2025,1344,3437246,5254490.37,4400262.98,4393149.98,1057188.09
2025,1345,56515187,91055994.87,68289627.03,67941231.37,11771873.02
2025,1346,22604796,42859514.04,25637098.37,25637098.37,12331566.2
2025,1347,29381458,39151503.67,34681314.35,34662918.27,3402515.1799999997
2025,1401,542413493,651576274.9,581714462.49,571239351.23,81967638.2
2025,1402,27471492,44608602.620000005,31942704.02,31717453.36,11529034.190000001
2025,1403,14645510,18069660.62,15165751.74,15165751.74,2001898.52
2025,1404,42880645,64744153.53,47758859.14,47047986.88,17230344.82
2025,1405,11914982,15977509.27,8573669.049999999,8573669.049999999,1929772.22
2025,1406,29621272,46393164.12,39086950.72,39086470.72,10926515.72
2025,1407,7430893,9353195.13,7164541.04,7115541.34,3116282.81
2025,1408,15688994,20561598.91,18419563.2,18419563.2,1963293.0
2025,1409,5685270,9079843.2,8245014.79,8213065.390000001,2876504.42
2025,1410,9875329,19665555.72,13182131.29,13181631.29,3704269.92
2025,1411,6076212,10348582.34,7188396.59,7159282.91,4756102.4799999995
2025,1412,15584805,23855669.64,19367154.44,19367154.44,4088450.5100000002
2025,1413,7332989,11929922.58,9265175.36,9260275.44,3512573.89
2025,1414,17582335,28960324.25,19410887.11,19154405.21,3420993.84
2025,1415,3385469,5754269.19,4822329.03,4822329.03,431624.01
2025,1416,7520891,14328167.64,12364344.28,12361544.28,608958.0
2025,1417,6922262,17467419.09,9254192.83,9254192.83,3677251.12
2025,1418,4566430,6726020.7299999995,4746570.45,4746570.45,640338.5
2025,1419,6342404,18790571.79,13149379.040000001,13149379.040000001,3520184.88
2025,1420,3156951,5687537.39,4828607.55,4828607.55,106106.0
2025,1421,2112069,3921353.37,2503373.08,2492106.51,1081495.77
2025,1422,4912245,6995227.16,5610620.72,5603670.72,202642.1
2025,1423,19634081,18252197.71,11047889.7,11047889.7,2286044.41
2025,1424,7460104,13211565.53,11059040.46,11059040.46,1451624.53
2025,1425,3364776,8511928.89,6003190.78,6003190.78,742011.26
2025,1427,3521310,9025227.790000001,5629127.84,5629127.84,4515676.19
2025,1428,2970433,8740313.700000001,5881390.44,5841390.44,556983.22
2025,1429,1580485,3601836.52,3099237.59,3094377.81,168041.98
2025,1430,2670322,7119070.12,4164390.2,4164390.2,394716.0
2025,1431,17808185,26589673.79,17816207.02,17584703.57,4048419.02
2025,1432,3043224,6850725.8,6228789.09,6227472.09,667312.63
2025,1434,6672735,14132178.84,10115751.459999999,10115751.459999999,2297041.44
2025,1435,23398047,43370636.18,33271588.55,33266887.04,7825076.350000001
2025,1501,394867701,528471433.81,338089620.76,336365689.68,62054494.88
2025,1502,36512707,49638599.5,31544674.34,31504704.34,6319144.79
2025,1503,11425208,24927375.18,17226826.330000002,17226826.330000002,6344885.12
2025,1504,4766356,5746934.86,4811745.58,4753792.83,621711.0
2025,1505,38512857,39469290.65,31947601.060000002,28786611.16,7120779.8100000005
2025,1506,21013185,36921814.89,24253180.36,23513303.16,14464111.64
2025,1507,57713384,93862587.94,67487323.38,67487323.38,21828175.759999998
2025,1508,33509495,38309476.13,34590739.39,34590739.39,7787519.43
2025,1509,9377931,14200899.459999999,12223269.8,12212873.28,1929151.61
2025,1510,15525459,31656717.54,22217935.59,22217935.59,6900550.92
2025,1511,22510084,34390972.64,29287156.89,29287156.89,7504199.95
2025,1512,17845790,22351114.62,19911756.37,19642282.38,3248109.0300000003
2025,1513,32684557,44425002.53,33259656.04,33224670.43,9615678.14
2025,1514,14519753,21146379.56,14353398.64,14350138.64,3470122.23
2025,1515,30351751,44578984.93,33042509.23,33042509.23,6130707.0
2025,1516,13237298,17758225.62,15195979.85,14910981.35,3269353.68
2025,1517,43354691,65768527.34,41940076.21,41940076.21,9221153.34
2025,1518,11551961,26986124.31,19519820.73,19510757.89,6539205.21
2025,1519,60412835,92961598.06,67066995.76,66814692.42,22612410.9
2025,1520,19072463,38353855.06,25484032.13,25484032.13,9648011.41
2025,1521,72907688,127126984.87,86573004.78,86573004.78,19731733.8
2025,1522,4243498,7463972.22,3661819.0,3661679.0,1190852.21
2025,1523,3611935,8928359.65,5919727.95,5854074.12,673989.0
2025,1524,1143534,3670612.72,2887318.6,2863518.6,108216.41
2025,1525,2109484,5518022.45,3738121.86,3738121.86,354885.0
2025,1526,17901985,32117854.34,23298941.830000002,23297781.03,7633705.399999999
2025,1527,8591892,14675450.1,10860562.9,10828449.06,4010275.75
2025,1528,16689087,33143978.4,25363039.99,25360297.63,6225753.62
2025,1529,14137890,18803489.04,15715634.56,15715538.56,3723505.8000000003
2025,1530,47277246,88626140.48,59274520.08,59252453.0,27631564.71
2025,1531,10000641,13785452.49,10639408.15,10639408.15,4396481.24
2025,1532,34021312,45928683.29,30650050.08,30353765.29,7526685.5600000005
2025,1533,3708771,7202133.98,6349097.11,6349097.11,642195.3
2025,1534,4858939,5437223.21,4758115.46,4758115.46,683505.0
2025,1535,4513930,6347429.09,3821660.61,3629246.93,2063129.6
2025,1536,2069459,2353482.04,1089720.7,1063013.41,330193.0
2025,1537,69485209,92551663.05,66298574.14,66298574.14,24922824.63
2025,1538,2260352,5209799.84,4041165.66,4036168.66,1635657.95
2025,1539,15637229,29669335.13,20583435.55,20568246.15,4093597.5300000003
2025,1540,8335171,15578256.08,12996043.15,12996043.15,3505195.69
2025,1541,20733562,31537735.08,24134434.13,23829083.5,5637836.55
2025,1601,527338597,675171966.12,535194279.28,535194279.28,42314345.13
2025,1602,41636374,42512695.06,28886048.91,28348564.92,11783312.98
2025,1603,84318260,115882285.82000001,82149840.22,73387013.23,16697031.090000002
2025,1604,214710265,239210470.71,171756281.64,165463663.34,25620275.49
2025,1605,52606976,59669905.2,46818633.34,43420102.06,12669954.35
2025,1606,102095889,117882166.83,94292848.63,94121876.05,22067867.34
2025,1607,26944028,33256104.28,23749945.9,23748745.9,4905443.88
2025,1608,12742922,18833414.73,13346164.04,13346164.04,4575238.45
2025,1609,53172269,62927151.75,48120247.45,48119947.45,9898889.32
2025,1610,30509098,47258954.17,33222287.92,33222287.92,10657904.379999999
2025,1611,37847402,41570152.089999996,31189544.580000002,31189544.580000002,7255278.97
2025,1701,4462105229,4558779115.16,3646678971.94,2998501245.49,301900995.02
2025,1702,162549892,183815038.05,161347458.32,157967662.06,27817185.7
2025,1703,125156376,139040389.8,112574858.03,107663691.07000001,17323430.21
2025,1704,210848444,293993917.03000003,215838004.15,214062254.26,32957325.59
2025,1705,81087820,136885217.67,86507955.74,85557329.84,20630545.03
2025,1706,305251555,468695616.65,382676350.15,381272285.75,97486008.43
2025,1707,75738586,81444289.19,71128210.17,71022950.17,9260754.75
2025,1708,25599728,28879975.32,19170685.82,19170685.82,1205961.78
2025,1709,12273894,16220387.58,13836212.459999999,13619146.57,967163.0
2025,1710,23427039,36821873.44,20011133.05,20011133.05,5424274.87
2025,1711,22952353,32742388.34,28343206.91,28247281.259999998,1913985.07
2025,1712,75624683,114966661.68,88817738.07000001,88813502.33,13116375.35
2025,1713,41958928,58296025.72,43031612.55,42963518.91,11447221.950000001
2025,1714,72976668,104397692.28,75456328.62,75456328.62,32889549.16
2025,1715,19993037,24361216.78,22021618.52,21467256.0,1764306.0
2025,1716,30497154,34728264.11,25004971.91,24964801.03,2096480.52
2025,1717,18118940,56554691.550000004,26697978.28,26679924.76,2777432.17
2025,1718,5228574,9960239.59,8253732.9399999995,8248060.95,3728130.8000000003
2025,1720,34117284,55826614.89,39750924.44,39750924.44,9621301.12
2025,1721,4804973,9155604.09,7899545.17,7894145.17,785732.67
2025,1723,40360479,52273964.89,42443490.72,41300924.11,5309080.17
2025,1724,5489809,14900883.59,9691692.290000001,8999865.51,3432621.41
2025,1725,23989895,44727141.7,35448790.62,35448790.62,4753745.17
2025,1726,2375030,2712956.16,2185365.95,2163015.96,175755.7
2025,1727,3308798,4618925.57,4144901.69,4144901.69,209400.52
2025,1728,1709066,2265982.0,1443704.47,1443704.47,40737.1
2025,1729,2033089,2320103.4,1696822.76,1669935.46,204133.95
2025,1730,18600877,32216046.19,23770030.86,23724267.86,8947055.51
2025,1731,9970320,23955286.41,17401828.57,17401828.57,13340851.98
2025,1732,14575408,20789890.47,15993713.76,15855231.47,3456949.11
2025,1733,4450231,6268440.0,5793205.9399999995,5793205.9399999995,293060.69
2025,1734,201382061,223630770.93,205930524.61,204854837.27,31636952.34
2025,1735,23429423,28413592.3,23087222.740000002,21847494.71,2969149.0
2025,1736,27820999,33797651.04,26998316.81,26710624.9,6157736.91
2025,1737,34295372,46863605.98,34828808.27,34826546.72,11152278.4
2025,1738,17035069,20201500.15,16911780.509999998,16861673.56,1611053.95
2025,1739,54149386,89537625.97,64569798.0,63987885.11,16732776.92
2025,1740,17041975,20083420.28,17980297.44,17980297.44,1173294.04
2025,1741,18860508,37895824.89,27756019.849999998,27756019.849999998,15137710.030000001
2025,1742,8296381,11191505.31,9752013.75,9752013.75,927524.51
2025,1743,26610018,27713244.0,21354769.75,21350674.75,4543372.0
2025,1744,28086254,47603042.25,34923808.31,34922600.15,6469666.01
2025,1745,35504577,43191227.7,36163239.52,36163239.52,8548630.23
2025,1746,6469029,11417053.56,9866245.290000001,9866245.290000001,3675901.9299999997
2025,1747,19678651,35590403.01,25491076.53,25491076.53,12607657.17
2025,1748,12701431,17647944.54,11970470.56,11821470.56,2167519.44
2025,1749,6115735,7985769.88,6235303.06,6203415.95,605858.0
2025,1750,20677741,35271253.83,16865736.09,16730020.59,5615277.01
2025,1751,11205757,19240429.259999998,12503378.04,12503346.04,3724421.02
2025,1752,11504028,24259490.59,11968510.72,11785919.66,6574198.87
2025,1753,16803717,23284030.99,18877489.49,18874949.24,1805474.97
2025,1754,20620860,36516726.39,29223666.99,29022525.07,5466685.109999999
2025,1755,45539716,71940328.38,51314549.06,51314549.06,19490133.14
2025,1756,22589971,23968583.14,21347457.99,21338136.99,3564458.94
2025,1801,232008855,250270319.83,213786477.81,210604720.8,27649790.740000002
2025,1802,9254374,11944236.8,8694681.55,8681472.55,2371191.27
2025,1803,172530138,195016436.94,152244442.75,150994291.39,18166428.78
2025,1805,56326418,69724619.1,56429366.61,55997466.41,12215448.2
2025,1806,13865616,15985613.64,14298061.25,14259153.25,1805241.34
2025,1807,29934292,35378646.86,29475312.19,29472642.19,6525695.859999999
2025,1808,55973118,63837386.47,50446806.28,50322625.84,11673627.51
2025,1809,13856151,22198317.080000002,18186202.919999998,18060146.92,3814032.98
2025,1810,33842719,39905236.99,30583685.330000002,30578685.330000002,3991813.9000000004
2025,1811,27133924,30995187.330000002,23955370.39,23955370.39,4624397.59
2025,1812,5034966,8653376.46,5609031.47,5609031.47,2320342.81
2025,1813,21178587,22652703.21,18913582.27,18365703.37,3361837.3
2025,1814,9376700,10154693.68,8594182.47,8594182.47,604448.72
2025,1815,7227398,9617738.48,8349439.59,8319495.59,935624.82
2025,1816,1398210,3629954.75,2405350.88,2405350.88,1052417.27
2025,1817,17905193,27317780.0,17532135.01,17532135.01,5294373.87
2025,1818,11308305,17482603.16,13950781.76,13774684.26,1316374.6
2025,1819,5740918,6240918.0,5848493.5,5848493.5,490898.42
2025,1820,10882451,13997050.24,9890078.709999999,9885415.03,2174424.5
2025,1901,151397388,165618776.74,138145277.07,123689416.51,18744251.52
2025,1902,20522359,22784033.9,18852570.73,18717286.1,2439829.05
2025,1903,5907464,9667366.91,6404687.08,6391935.88,736178.41
2025,1904,10625778,22378852.310000002,13873744.5,13873744.5,5215863.390000001
2025,1905,15638219,16238219.0,12884945.26,12728234.7,1649287.0
2025,1906,16230877,9548046.52,7347979.99,7203767.71,839443.69
2025,1907,17350884,21764762.96,15102573.83,15102573.83,5296293.66
2025,1908,26366148,37554999.27,32453497.05,30521877.11,4783964.68
2025,1909,19598959,23580220.7,21007384.75,19690682.77,2338744.09
2025,1910,23986381,33925961.78,22129312.64,22126558.78,5663126.67
2025,1911,6400067,11650048.12,5908537.94,5706904.54,1065578.52
2025,1912,5473728,6966427.79,5274115.47,5274115.47,1089340.55
2025,1913,2949515,6440519.08,4781483.35,4781483.35,1347159.33
2025,1914,6692012,7951285.13,5428808.06,5428808.06,1069726.29
2025,1915,4609612,5499562.84,3681117.79,3681117.79,703130.0
2025,200,78072726,78072726.0,61221758.02,58635984.32,0.0
2025,2301,13650067,13650067.0,10959728.83,10959728.83,0.0
2025,2302,16958008,21806407.77,16528589.06,16528589.06,0.0
2025,2303,135127372,137401654.61,132235403.96,92559872.87,0.0
2025,2312,12399542,12399542.0,7191023.31,6984562.84,0.0
2025,2313,24503031,43708459.23,40228560.56,40228560.56,0.0
2025,2314,20340000,20340000.0,16654878.21,16617673.21,0.0
2025,2315,143222722,143222722.0,126333900.63,122184294.14,0.0
2025,2316,58937684,58937684.0,58475029.57,48208303.21,0.0
2025,2317,74151198,74151198.0,55871944.81,44020862.54,0.0
2025,2320,20741864,20741864.0,11313194.8,10429833.47,0.0
2025,2322,6988097,7988097.0,7863176.59,7863176.59,0.0
2025,2323,26862225,27204809.83,23540080.630000003,23540080.630000003,0.0
2025,2324,39640000,43579030.81,40734793.17,40136122.17,0.0
2025,2326,15777670,16343625.49,15148524.06,15148524.06,0.0
2025,2327,23855603,23855603.0,18372616.11,18372616.11,0.0
2025,2328,328999,328999.0,229509.05,229509.05,0.0
2025,2331,15921252,15921252.0,12221995.870000001,12112019.17,0.0
2025,2334,33520400,59016602.49,58694754.99,54956899.34,0.0
2025,2335,30492161,30492161.0,25630695.069999997,25630695.069999997,0.0
2025,2337,18942269,18942269.0,16160029.71,16071639.94,0.0
2025,2339,865545,865545.0,402536.92,341345.96,0.0
2025,2341,10933049,10933049.0,10113352.72,10113352.72,0.0
2025,2342,1600000,1600000.0,0.0,0.0,0.0
2025,2353,3141068,3371233.01,3151472.16,3151472.16,0.0
2025,761,4979792,4979792.0,3220447.1,3203226.52,0.0
2025,781,295713306,295713306.0,254833356.34,222005090.17,0.0
