type,geometry,properties
Feature,"{""type"": ""Polygon"", ""coordinates"": [[[-65.0569, -18.676], [-65.1616, -18.6102], [-65.2292, -18.613], [-65.2152, -18.6711], [-65.1644, -18.7706], [-65.1857, -18.7998], [-65.2909, -18.8039], [-65.2677, -18.9008], [-65.3196, -18.9638], [-65.4017, -18.9038], [-65.4809, -18.9259], [-65.5324, -18.9765], [-65.5873, -18.9978], [-65.5409, -19.0854], [-65.4062, -19.1438], [-65.3929, -19.1726], [-65.2476, -19.0938], [-65.1958, -19.1517], [-65.1676, -19.1084], [-65.0754, -19.0583], [-65.0655, -18.9837], [-65.0915, -18.933], [-65.0452, -18.8562], [-65.0037, -18.8278], [-65.0569, -18.676]]]}","{""idep"": ""01"", ""nombre_dep"": ""Chuquisaca"", ""iprov"": ""01"", ""nombre_prov"": ""Oropeza"", ""imun"": ""01"", ""nombre_mun"": ""Sucre"", ""capital"": ""Sucre"", ""superficie_km2"": 1671.1, ""code"": ""010101""}"
Feature,"{""type"": ""Polygon"", ""coordinates"": [[[-65.1958, -19.1517], [-65.2476, -19.0938], [-65.3929, -19.1726], [-65.3753, -19.2362], [-65.3173, -19.3002], [-65.232, -19.32], [-65.1698, -19.3604], [-65.1483, -19.2692], [-65.1874, -19.2123], [-65.1958, -19.1517]]]}","{""idep"": ""01"", ""nombre_dep"": ""Chuquisaca"", ""iprov"": ""01"", ""nombre_prov"": ""Oropeza"", ""imun"": ""02"", ""nombre_mun"": ""Yotala"", ""capital"": ""Yotala"", ""superficie_km2"": 432.2, ""code"": ""010102""}"
Feature,"{""type"": ""Polygon"", ""coordinates"": [[[-65.3457, -18.4179], [-65.3666, -18.4354], [-65.5064, -18.3868], [-65.5454, -18.4044], [-65.5936, -18.3741], [-65.6939, -18.3519], [-65.6843, -18.4167], [-65.6233, -18.4637], [-65.6238, -18.5011], [-65.5256, -18.5286], [-65.486, -18.5908], [-65.4227, -18.6048], [-65.4006, -18.702], [-65.4292, -18.748], [-65.4343, -18.8216], [-65.4017, -18.9038], [-65.3196, -18.9638], [-65.2677, -18.9008], [-65.2909, -18.8039], [-65.1857, -18.7998], [-65.1644, -18.7706], [-65.2152, -18.6711], [-65.2292, -18.613], [-65.2458, -18.506], [-65.28, -18.5083], [-65.3098, -18.443], [-65.3457, -18.4179]]]}","{""idep"": ""01"", ""nombre_dep"": ""Chuquisaca"", ""iprov"": ""01"", ""nombre_prov"": ""Oropeza"", ""imun"": ""03"", ""nombre_mun"": ""Poroma"", ""capital"": ""Poroma"", ""superficie_km2"": 1424.6, ""code"": ""010103""}"
Feature,"{""type"": ""Polygon"", ""coordinates"": [[[-64.3103, -19.8603], [-64.4139, -19.8224], [-64.4571, -19.8414], [-64.4541, -19.9437], [-64.4977, -19.9966], [-64.6081, -20.0185], [-64.5821, -20.1443], [-64.5851, -20.2507], [-64.5717, -20.3644], [-64.5459, -20.433], [-64.4425, -20.4567], [-64.4263, -20.4805], [-64.3222, -20.4508], [-64.2914, -20.4571], [-64.2804, -20.3906], [-64.3134, -20.2778], [-64.2963, -20.2515], [-64.3148, -20.1508], [-64.2984, -20.0802], [-64.3521, -20.0049], [-64.3208, -19.9754], [-64.3103, -19.8603]]]}","{""idep"": ""01"", ""nombre_dep"": ""Chuquisaca"", ""iprov"": ""02"", ""nombre_prov"": ""Azurduy"", ""imun"": ""01"", ""nombre_mun"": ""Azurduy"", ""capital"": ""Villa Azurduy"", ""superficie_km2"": 1723.2, ""code"": ""010201""}"
Feature,"{""type"": ""Polygon"", ""coordinates"": [[[-64.4268, -19.604], [-64.4568, -19.562], [-64.4975, -19.576], [-64.6285, -19.5662], [-64.6302, -19.6276], [-64.6937, -19.6219], [-64.7263, -19.6587], [-64.7775, -19.6649], [-64.7418, -19.707], [-64.7144, -19.7796], [-64.7034, -19.8697], [-64.6081, -20.0185], [-64.4977, -19.9966], [-64.4541, -19.9437], [-64.4571, -19.8414], [-64.4139, -19.8224], [-64.3708, -19.7605], [-64.4065, -19.699], [-64.4268, -19.604]]]}","{""idep"": ""01"", ""nombre_dep"": ""Chuquisaca"", ""iprov"": ""02"", ""nombre_prov"": ""Azurduy"", ""imun"": ""02"", ""nombre_mun"": ""Tarvita"", ""capital"": ""Villa Orías"", ""superficie_km2"": 1348.3, ""code"": ""010202""}"
Feature,"{""type"": ""Polygon"", ""coordinates"": [[[-64.6196, -19.0562], [-64.7237, -18.9233], [-64.8484, -18.9998], [-64.8308, -19.0429], [-64.7694, -19.0679], [-64.719, -19.2766], [-64.6629, -19.3285], [-64.5727, -19.2872], [-64.5947, -19.2419], [-64.5941, -19.097], [-64.6196, -19.0562]]]}","{""idep"": ""01"", ""nombre_dep"": ""Chuquisaca"", ""iprov"": ""03"", ""nombre_prov"": ""Zudáñez"", ""imun"": ""01"", ""nombre_mun"": ""Zudáñez"", ""capital"": ""Villa Zudáñez"", ""superficie_km2"": 654, ""code"": ""010301""}"
Feature,"{""type"": ""Polygon"", ""coordinates"": [[[-64.8159, -18.4893], [-64.8764, -18.4892], [-64.9329, -18.5188], [-65.0462, -18.6117], [-65.0569, -18.676], [-65.0037, -18.8278], [-65.0452, -18.8562], [-64.9907, -18.875], [-64.9495, -19.0073], [-64.9176, -18.9864], [-64.8484, -18.9998], [-64.7237, -18.9233], [-64.7679, -18.7446], [-64.8307, -18.6138], [-64.7795, -18.527], [-64.8159, -18.4893]]]}","{""idep"": ""01"", ""nombre_dep"": ""Chuquisaca"", ""iprov"": ""03"", ""nombre_prov"": ""Zudáñez"", ""imun"": ""02"", ""nombre_mun"": ""Presto"", ""capital"": ""Presto"", ""superficie_km2"": 1343.3, ""code"": ""010302""}"
Feature,"{""type"": ""Polygon"", ""coordinates"": [[[-64.5033, -18.6704], [-64.5579, -18.6745], [-64.6475, -18.6019], [-64.6855, -18.5389], [-64.7795, -18.527], [-64.8307, -18.6138], [-64.7679, -18.7446], [-64.7237, -18.9233], [-64.6196, -19.0562], [-64.5626, -18.9967], [-64.4983, -19.0022], [-64.5075, -18.9252], [-64.4791, -18.8823], [-64.5073, -18.789], [-64.5033, -18.6704]]]}","{""idep"": ""01"", ""nombre_dep"": ""Chuquisaca"", ""iprov"": ""03"", ""nombre_prov"": ""Zudáñez"", ""imun"": ""03"", ""nombre_mun"": ""Mojocoya"", ""capital"": ""Villa de Mojocoya"", ""superficie_km2"": 1231.9, ""code"": ""010303""}"
Feature,"{""type"": ""Polygon"", ""coordinates"": [[[-64.6629, -19.3285], [-64.719, -19.2766], [-64.7671, -19.2959], [-64.8551, -19.2937], [-64.8543, -19.351], [-64.8793, -19.3973], [-64.8369, -19.4695], [-64.8184, -19.5013], [-64.8429, -19.5875], [-64.7775, -19.6649], [-64.7263, -19.6587], [-64.6937, -19.6219], [-64.6302, -19.6276], [-64.6285, -19.5662], [-64.6295, -19.4817], [-64.6633, -19.4028], [-64.632, -19.3552], [-64.6629, -19.3285]]]}","{""idep"": ""01"", ""nombre_dep"": ""Chuquisaca"", ""iprov"": ""03"", ""nombre_prov"": ""Zudáñez"", ""imun"": ""04"", ""nombre_mun"": ""Icla"", ""capital"": ""Icla"", ""superficie_km2"": 797.3, ""code"": ""010304""}"
Feature,"{""type"": ""Polygon"", ""coordinates"": [[[-64.0225, -19.1567], [-64.097, -19.167], [-64.1238, -19.1954], [-64.2779, -19.2037], [-64.3833, -19.1485], [-64.4108, -19.2384], [-64.4025, -19.2973], [-64.3414, -19.3396], [-64.336, -19.4442], [-64.2826, -19.4527], [-64.2576, -19.5048], [-64.1783, -19.5312], [-64.1437, -19.5866], [-64.1651, -19.6765], [-64.0799, -19.6888], [-64.079, -19.6291], [-64.0522, -19.585], [-63.9848, -19.5641], [-63.9722, -19.4711], [-63.962, -19.4444], [-63.9919, -19.3243], [-64.0099, -19.1798], [-64.0225, -19.1567]]]}","{""idep"": ""01"", ""nombre_dep"": ""Chuquisaca"", ""iprov"": ""04"", ""nombre_prov"": ""Tomina"", ""imun"": ""01"", ""nombre_mun"": ""Padilla"", ""capital"": ""Padilla"", ""superficie_km2"": 1658.4, ""code"": ""010401""}"
Feature,"{""type"": ""Polygon"", ""coordinates"": [[[-64.4791, -18.8823], [-64.5075, -18.9252], [-64.4983, -19.0022], [-64.5626, -18.9967], [-64.6196, -19.0562], [-64.5941, -19.097], [-64.5947, -19.2419], [-64.5727, -19.2872], [-64.4991, -19.4025], [-64.4522, -19.385], [-64.4453, -19.311], [-64.4025, -19.2973], [-64.4108, -19.2384], [-64.3833, -19.1485], [-64.4043, -19.0641], [-64.4655, -18.9899], [-64.4441, -18.9462], [-64.4791, -18.8823]]]}","{""idep"": ""01"", ""nombre_dep"": ""Chuquisaca"", ""iprov"": ""04"", ""nombre_prov"": ""Tomina"", ""imun"": ""02"", ""nombre_mun"": ""Tomina"", ""capital"": ""Villa de Tomina"", ""superficie_km2"": 807.9, ""code"": ""010402""}"
Feature,"{""type"": ""Polygon"", ""coordinates"": [[[-64.4522, -19.385], [-64.4991, -19.4025], [-64.5727, -19.2872], [-64.6629, -19.3285], [-64.632, -19.3552], [-64.6633, -19.4028], [-64.6295, -19.4817], [-64.6285, -19.5662], [-64.4975, -19.576], [-64.4568, -19.562], [-64.4268, -19.604], [-64.3653, -19.5558], [-64.3783, -19.5119], [-64.4399, -19.4906], [-64.4522, -19.385]]]}","{""idep"": ""01"", ""nombre_dep"": ""Chuquisaca"", ""iprov"": ""04"", ""nombre_prov"": ""Tomina"", ""imun"": ""03"", ""nombre_mun"": ""Sopachuy"", ""capital"": ""Villa de Sopachui"", ""superficie_km2"": 583.5, ""code"": ""010403""}"
Feature,"{""type"": ""Polygon"", ""coordinates"": [[[-64.4025, -19.2973], [-64.4453, -19.311], [-64.4522, -19.385], [-64.4399, -19.4906], [-64.3783, -19.5119], [-64.3653, -19.5558], [-64.2576, -19.5048], [-64.2826, -19.4527], [-64.336, -19.4442], [-64.3414, -19.3396], [-64.4025, -19.2973]]]}","{""idep"": ""01"", ""nombre_dep"": ""Chuquisaca"", ""iprov"": ""04"", ""nombre_prov"": ""Tomina"", ""imun"": ""04"", ""nombre_mun"": ""Alcalá"", ""capital"": ""Alcalá"", ""superficie_km2"": 304.1, ""code"": ""010404""}"
Feature,"{""type"": ""Polygon"", ""coordinates"": [[[-64.1651, -19.6765], [-64.1437, -19.5866], [-64.1783, -19.5312], [-64.2576, -19.5048], [-64.3653, -19.5558], [-64.4268, -19.604], [-64.4065, -19.699], [-64.3708, -19.7605], [-64.4139, -19.8224], [-64.3103, -19.8603], [-64.1606, -19.8434], [-64.1651, -19.6765]]]}","{""idep"": ""01"", ""nombre_dep"": ""Chuquisaca"", ""iprov"": ""04"", ""nombre_prov"": ""Tomina"", ""imun"": ""05"", ""nombre_mun"": ""El Villar"", ""capital"": ""El Villar"", ""superficie_km2"": 886.1, ""code"": ""010405""}"
Feature,"{""type"": ""Polygon"", ""coordinates"": [[[-63.8212, -20.3842], [-63.8448, -20.1134], [-63.839, -19.9361], [-63.8474, -19.8563], [-63.9029, -19.732], [-63.9078, -19.5721], [-63.9225, -19.4772], [-63.9722, -19.4711], [-63.9848, -19.5641], [-64.0522, -19.585], [-64.079, -19.6291], [-64.0799, -19.6888], [-64.1651, -19.6765], [-64.1606, -19.8434], [-64.3103, -19.8603], [-64.3208, -19.9754], [-64.3521, -20.0049], [-64.2984, -20.0802], [-64.3148, -20.1508], [-64.2963, -20.2515], [-64.3134, -20.2778], [-64.2804, -20.3906], [-64.2914, -20.4571], [-64.2716, -20.5127], [-64.2423, -20.5336], [-64.2134, -20.5012], [-64.2251, -20.4147], [-64.1655, -20.3797], [-64.0909, -20.3922], [-64.054, -20.3371], [-64.0346, -20.2064], [-64.0529, -20.0757], [-63.9905, -20.0795], [-63.94, -20.1083], [-63.9181, -20.1685], [-63.9246, -20.2359], [-63.9035, -20.3177], [-63.9093, -20.3696], [-63.8212, -20.3842]]]}","{""idep"": ""01"", ""nombre_dep"": ""Chuquisaca"", ""iprov"": ""05"", ""nombre_prov"": ""Hernando Siles"", ""imun"": ""01"", ""nombre_mun"": ""Monteagudo"", ""capital"": ""Monteagudo"", ""superficie_km2"": 3366.8, ""code"": ""010501""}"
Feature,"{""type"": ""Polygon"", ""coordinates"": [[[-63.8212, -20.3842], [-63.9093, -20.3696], [-63.9035, -20.3177], [-63.9246, -20.2359], [-63.9181, -20.1685], [-63.94, -20.1083], [-63.9905, -20.0795], [-64.0529, -20.0757], [-64.0346, -20.2064], [-64.054, -20.3371], [-64.0909, -20.3922], [-64.1655, -20.3797], [-64.2251, -20.4147], [-64.2134, -20.5012], [-64.2423, -20.5336], [-64.2417, -20.6659], [-64.2201, -20.7231], [-64.1787, -20.7481], [-64.1872, -20.8489], [-64.1604, -20.8874], [-64.003, -21.0054], [-63.8677, -21.0037], [-63.8809, -20.8757], [-63.8314, -20.8064], [-63.8289, -20.6402], [-63.8076, -20.5413], [-63.8052, -20.4013], [-63.8212, -20.3842]]]}","{""idep"": ""01"", ""nombre_dep"": ""Chuquisaca"", ""iprov"": ""05"", ""nombre_prov"": ""Hernando Siles"", ""imun"": ""02"", ""nombre_mun"": ""Huacareta"", ""capital"": ""San Pablo de Huacareta"", ""superficie_km2"": 2956.5, ""code"": ""010502""}"
Feature,"{""type"": ""Polygon"", ""coordinates"": [[[-65.0452, -18.8562], [-65.0915, -18.933], [-65.0655, -18.9837], [-65.0754, -19.0583], [-64.9795, -19.2151], [-64.9804, -19.2604], [-64.9309, -19.2695], [-64.9002, -19.3741], [-64.8793, -19.3973], [-64.8543, -19.351], [-64.8551, -19.2937], [-64.7671, -19.2959], [-64.719, -19.2766], [-64.7694, -19.0679], [-64.8308, -19.0429], [-64.8484, -18.9998], [-64.9176, -18.9864], [-64.9495, -19.0073], [-64.9907, -18.875], [-65.0452, -18.8562]]]}","{""idep"": ""01"", ""nombre_dep"": ""Chuquisaca"", ""iprov"": ""06"", ""nombre_prov"": ""Yamparáez"", ""imun"": ""01"", ""nombre_mun"": ""Tarabuco"", ""capital"": ""Tarabuco"", ""superficie_km2"": 1076.6, ""code"": ""010601""}"
Feature,"{""type"": ""Polygon"", ""coordinates"": [[[-64.9002, -19.3741], [-64.9309, -19.2695], [-64.9804, -19.2604], [-64.9795, -19.2151], [-65.0754, -19.0583], [-65.1676, -19.1084], [-65.1958, -19.1517], [-65.1874, -19.2123], [-65.1483, -19.2692], [-65.1698, -19.3604], [-65.0561, -19.3858], [-64.9704, -19.3468], [-64.9002, -19.3741]]]}","{""idep"": ""01"", ""nombre_dep"": ""Chuquisaca"", ""iprov"": ""06"", ""nombre_prov"": ""Yamparáez"", ""imun"": ""02"", ""nombre_mun"": ""Yamparáez"", ""capital"": ""Yamparáez"", ""superficie_km2"": 639.2, ""code"": ""010602""}"
Feature,"{""type"": ""Polygon"", ""coordinates"": [[[-64.8647, -20.4913], [-64.9336, -20.4635], [-65.0492, -20.388], [-65.0495, -20.3401], [-65.1275, -20.3099], [-65.2218, -20.3138], [-65.2713, -20.457], [-65.2686, -20.5047], [-65.3276, -20.5119], [-65.3878, -20.5576], [-65.3473, -20.6222], [-65.3715, -20.7722], [-65.3483, -20.8572], [-65.2974, -20.8591], [-65.1912, -20.9002], [-65.0841, -20.8607], [-65.0856, -20.8058], [-65.0538, -20.7811], [-65.008, -20.6923], [-64.9921, -20.6334], [-64.9338, -20.6074], [-64.8647, -20.4913]]]}","{""idep"": ""01"", ""nombre_dep"": ""Chuquisaca"", ""iprov"": ""07"", ""nombre_prov"": ""Nor Cinti"", ""imun"": ""01"", ""nombre_mun"": ""Camargo"", ""capital"": ""Camargo"", ""superficie_km2"": 2079.7, ""code"": ""010701""}"
Feature,"{""type"": ""Polygon"", ""coordinates"": [[[-64.6081, -20.0185], [-64.7034, -19.8697], [-64.7144, -19.7796], [-64.776, -19.8402], [-64.795, -19.9028], [-64.8508, -19.9811], [-64.888, -19.9665], [-64.9193, -19.8609], [-65.0527, -19.8204], [-65.0831, -19.9319], [-65.0905, -20.0093], [-65.1522, -20.0124], [-65.2223, -19.9359], [-65.3051, -20.0261], [-65.2337, -20.1305], [-65.3016, -20.1778], [-65.3137, -20.2305], [-65.2824, -20.233], [-65.2218, -20.3138], [-65.1275, -20.3099], [-65.0495, -20.3401], [-65.0492, -20.388], [-64.9336, -20.4635], [-64.8647, -20.4913], [-64.8107, -20.4906], [-64.8068, -20.4145], [-64.6884, -20.4111], [-64.664, -20.4394], [-64.644, -20.5225], [-64.5975, -20.4588], [-64.5459, -20.433], [-64.5717, -20.3644], [-64.5851, -20.2507], [-64.5821, -20.1443], [-64.6081, -20.0185]]]}","{""idep"": ""01"", ""nombre_dep"": ""Chuquisaca"", ""iprov"": ""07"", ""nombre_prov"": ""Nor Cinti"", ""imun"": ""02"", ""nombre_mun"": ""San Lucas"", ""capital"": ""San Lucas"", ""superficie_km2"": 3877.2, ""code"": ""010702""}"
Feature,"{""type"": ""Polygon"", ""coordinates"": [[[-64.2914, -20.4571], [-64.3222, -20.4508], [-64.4263, -20.4805], [-64.4425, -20.4567], [-64.5459, -20.433], [-64.5975, -20.4588], [-64.644, -20.5225], [-64.6866, -20.5764], [-64.7528, -20.5913], [-64.8179, -20.6784], [-64.8749, -20.7053], [-64.9326, -20.766], [-64.8597, -20.7963], [-64.7556, -20.7031], [-64.6381, -20.722], [-64.455, -20.6114], [-64.3739, -20.6125], [-64.2716, -20.5127], [-64.2914, -20.4571]]]}","{""idep"": ""01"", ""nombre_dep"": ""Chuquisaca"", ""iprov"": ""07"", ""nombre_prov"": ""Nor Cinti"", ""imun"": ""03"", ""nombre_mun"": ""Incahuasi"", ""capital"": ""Incahuasi"", ""superficie_km2"": 1040.6, ""code"": ""010703""}"
Feature,"{""type"": ""Polygon"", ""coordinates"": [[[-64.644, -20.5225], [-64.664, -20.4394], [-64.6884, -20.4111], [-64.8068, -20.4145], [-64.8107, -20.4906], [-64.8647, -20.4913], [-64.9338, -20.6074], [-64.9921, -20.6334], [-65.008, -20.6923], [-64.9326, -20.766], [-64.8749, -20.7053], [-64.8179, -20.6784], [-64.7528, -20.5913], [-64.6866, -20.5764], [-64.644, -20.5225]]]}","{""idep"": ""01"", ""nombre_dep"": ""Chuquisaca"", ""iprov"": ""07"", ""nombre_prov"": ""Nor Cinti"", ""imun"": ""04"", ""nombre_mun"": ""Villa Charcas"", ""capital"": ""Villa Charcas"", ""superficie_km2"": 686.8, ""code"": ""010704""}"
Feature,"{""type"": ""Polygon"", ""coordinates"": [[[-64.3292, -18.6655], [-64.3607, -18.6211], [-64.4339, -18.633], [-64.5033, -18.6704], [-64.5073, -18.789], [-64.4791, -18.8823], [-64.4441, -18.9462], [-64.4655, -18.9899], [-64.4043, -19.0641], [-64.3833, -19.1485], [-64.2779, -19.2037], [-64.1238, -19.1954], [-64.097, -19.167], [-64.0225, -19.1567], [-64.0685, -19.0053], [-64.1101, -18.9711], [-64.1959, -18.9482], [-64.2143, -18.8811], [-64.2583, -18.8374], [-64.3198, -18.7267], [-64.3292, -18.6655]]]}","{""idep"": ""01"", ""nombre_dep"": ""Chuquisaca"", ""iprov"": ""08"", ""nombre_prov"": ""Belisario Boeto"", ""imun"": ""01"", ""nombre_mun"": ""Villa Serrano"", ""capital"": ""Villa Serrano"", ""superficie_km2"": 1720.3, ""code"": ""010801""}"
Feature,"{""type"": ""Polygon"", ""coordinates"": [[[-65.0841, -20.8607], [-65.1912, -20.9002], [-65.2974, -20.8591], [-65.3483, -20.8572], [-65.3907, -20.8976], [-65.4186, -21.0958], [-65.4085, -21.1222], [-65.2389, -21.11], [-65.2001, -21.0679], [-65.1766, -20.9503], [-65.1242, -20.9644], [-65.1089, -20.877], [-65.0841, -20.8607]]]}","{""idep"": ""01"", ""nombre_dep"": ""Chuquisaca"", ""iprov"": ""09"", ""nombre_prov"": ""Sud Cinti"", ""imun"": ""01"", ""nombre_mun"": ""Villa Abecia"", ""capital"": ""Villa Abecia"", ""superficie_km2"": 659.8, ""code"": ""010901""}"
Feature,"{""type"": ""Polygon"", ""coordinates"": [[[-64.2423, -20.5336], [-64.2716, -20.5127], [-64.3739, -20.6125], [-64.455, -20.6114], [-64.6381, -20.722], [-64.7556, -20.7031], [-64.8597, -20.7963], [-64.9326, -20.766], [-65.008, -20.6923], [-65.0538, -20.7811], [-65.0856, -20.8058], [-65.0841, -20.8607], [-65.1089, -20.877], [-65.1242, -20.9644], [-65.0703, -20.9662], [-65.0405, -21.0139], [-64.9262, -21.0328], [-64.8358, -21.1048], [-64.7982, -21.0951], [-64.7793, -21.0302], [-64.7014, -20.931], [-64.606, -20.9811], [-64.5272, -21.0976], [-64.4571, -21.0831], [-64.391, -21.124], [-64.3643, -21.1428], [-64.2032, -21.1349], [-64.1796, -21.0267], [-64.1932, -20.9556], [-64.1604, -20.8874], [-64.1872, -20.8489], [-64.1787, -20.7481], [-64.2201, -20.7231], [-64.2417, -20.6659], [-64.2423, -20.5336]]]}","{""idep"": ""01"", ""nombre_dep"": ""Chuquisaca"", ""iprov"": ""09"", ""nombre_prov"": ""Sud Cinti"", ""imun"": ""02"", ""nombre_mun"": ""Culpina"", ""capital"": ""Culpina"", ""superficie_km2"": 3888.7, ""code"": ""010902""}"
Feature,"{""type"": ""Polygon"", ""coordinates"": [[[-65.2001, -21.0679], [-65.2389, -21.11], [-65.4085, -21.1222], [-65.4385, -21.1824], [-65.4304, -21.3217], [-65.4371, -21.4265], [-65.4092, -21.4355], [-65.3877, -21.5164], [-65.3117, -21.4858], [-65.2498, -21.4824], [-65.2118, -21.291], [-65.2233, -21.2584], [-65.1891, -21.1635], [-65.2001, -21.0679]]]}","{""idep"": ""01"", ""nombre_dep"": ""Chuquisaca"", ""iprov"": ""09"", ""nombre_prov"": ""Sud Cinti"", ""imun"": ""03"", ""nombre_mun"": ""Las Carreras"", ""capital"": ""Las Carreras"", ""superficie_km2"": 905.4, ""code"": ""010903""}"
Feature,"{""type"": ""Polygon"", ""coordinates"": [[[-63.7052, -19.0431], [-63.7699, -19.0319], [-63.8102, -19.0544], [-63.8844, -19.0294], [-63.9086, -19.0503], [-63.9132, -19.1528], [-63.9467, -19.1819], [-64.0099, -19.1798], [-63.9919, -19.3243], [-63.962, -19.4444], [-63.9722, -19.4711], [-63.9225, -19.4772], [-63.9078, -19.5721], [-63.9029, -19.732], [-63.8474, -19.8563], [-63.839, -19.9361], [-63.8448, -20.1134], [-63.8212, -20.3842], [-63.8052, -20.4013], [-63.8076, -20.5413], [-63.8289, -20.6402], [-63.8314, -20.8064], [-63.8809, -20.8757], [-63.8677, -21.0037], [-63.724, -21.0037], [-63.7288, -20.9315], [-63.7074, -20.8686], [-63.7228, -20.8301], [-63.7194, -20.7167], [-63.6591, -20.5381], [-63.6672, -20.4732], [-63.6942, -20.4158], [-63.7076, -20.2543], [-63.6875, -20.1891], [-63.6923, -20.1487], [-63.7251, -20.1165], [-63.7281, -19.9899], [-63.709, -19.8599], [-63.7216, -19.7537], [-63.6939, -19.6022], [-63.7136, -19.5498], [-63.7061, -19.4693], [-63.7243, -19.3938], [-63.7145, -19.2721], [-63.7445, -19.1852], [-63.7052, -19.0431]]]}","{""idep"": ""01"", ""nombre_dep"": ""Chuquisaca"", ""iprov"": ""10"", ""nombre_prov"": ""Luis Calvo"", ""imun"": ""01"", ""nombre_mun"": ""Villa Vaca Guzmán"", ""capital"": ""Villa Vaca Guzmán"", ""superficie_km2"": 3763.8, ""code"": ""011001""}"
Feature,"{""type"": ""Polygon"", ""coordinates"": [[[-63.4828, -20.4575], [-63.5791, -20.4472], [-63.6672, -20.4732], [-63.6591, -20.5381], [-63.7194, -20.7167], [-63.7228, -20.8301], [-63.7074, -20.8686], [-63.7288, -20.9315], [-63.724, -21.0037], [-63.5954, -21.0037], [-63.5326, -21.0037], [-63.5117, -20.9569], [-63.5476, -20.8201], [-63.5105, -20.6254], [-63.4059, -20.6163], [-63.4255, -20.5023], [-63.4828, -20.4575]]]}","{""idep"": ""01"", ""nombre_dep"": ""Chuquisaca"", ""iprov"": ""10"", ""nombre_prov"": ""Luis Calvo"", ""imun"": ""02"", ""nombre_mun"": ""Huacaya (Autonomía Guaraní Chaqueño de Huacaya)"", ""capital"": ""Villa de Huacaya"", ""superficie_km2"": 1277.2, ""code"": ""011002""}"
Feature,"{""type"": ""Polygon"", ""coordinates"": [[[-62.6925, -20.4422], [-63.0219, -20.4442], [-63.2491, -20.4606], [-63.3576, -20.4601], [-63.3571, -20.3925], [-63.3997, -20.3986], [-63.4067, -20.425], [-63.4828, -20.4575], [-63.4255, -20.5023], [-63.4059, -20.6163], [-63.5105, -20.6254], [-63.5476, -20.8201], [-63.5117, -20.9569], [-63.5326, -21.0037], [-63.0015, -21.0037], [-62.2613, -20.9925], [-62.2666, -20.5627], [-62.1794, -20.4426], [-62.6925, -20.4422]]]}","{""idep"": ""01"", ""nombre_dep"": ""Chuquisaca"", ""iprov"": ""10"", ""nombre_prov"": ""Luis Calvo"", ""imun"": ""03"", ""nombre_mun"": ""Macharetí"", ""capital"": ""Villa de Macharetí"", ""superficie_km2"": 7957.3, ""code"": ""011003""}"
Feature,"{""type"": ""Polygon"", ""coordinates"": [[[-67.6828, -15.7496], [-67.7325, -15.7901], [-67.8041, -15.7833], [-67.8918, -15.9523], [-67.9067, -16.0052], [-67.9455, -16.0403], [-68.122, -16.0374], [-68.2023, -16.058], [-68.2369, -16.1111], [-68.2147, -16.2173], [-68.1537, -16.2626], [-68.1399, -16.3276], [-68.1494, -16.4288], [-68.1709, -16.4907], [-68.1534, -16.541], [-68.1014, -16.5867], [-68.0698, -16.6091], [-68.0237, -16.5587], [-67.9381, -16.4539], [-67.9334, -16.362], [-67.954, -16.3312], [-67.943, -16.2272], [-67.9589, -16.132], [-67.9253, -16.0956], [-67.8617, -16.084], [-67.8333, -16.017], [-67.7788, -15.9994], [-67.6736, -16.0066], [-67.6279, -15.9162], [-67.6599, -15.8576], [-67.6537, -15.7856], [-67.6828, -15.7496]]]}","{""idep"": ""02"", ""nombre_dep"": ""La Paz"", ""iprov"": ""01"", ""nombre_prov"": ""Murillo"", ""imun"": ""01"", ""nombre_mun"": ""Nuestra Señora de La Paz"", ""capital"": ""Nuestra Señora de La Paz"", ""superficie_km2"": 2026.9, ""code"": ""020101""}"
Feature,"{""type"": ""Polygon"", ""coordinates"": [[[-67.8406, -16.5166], [-67.9381, -16.4539], [-68.0237, -16.5587], [-67.9456, -16.6147], [-67.9138, -16.6765], [-67.8419, -16.752], [-67.8281, -16.8158], [-67.7011, -16.8501], [-67.7082, -16.8209], [-67.6197, -16.7431], [-67.6966, -16.6768], [-67.8132, -16.6247], [-67.8502, -16.5782], [-67.8406, -16.5166]]]}","{""idep"": ""02"", ""nombre_dep"": ""La Paz"", ""iprov"": ""01"", ""nombre_prov"": ""Murillo"", ""imun"": ""02"", ""nombre_mun"": ""Palca"", ""capital"": ""Palca"", ""superficie_km2"": 730.6, ""code"": ""020102""}"
Feature,"{""type"": ""Polygon"", ""coordinates"": [[[-67.8281, -16.8158], [-67.8419, -16.752], [-67.9138, -16.6765], [-67.9456, -16.6147], [-68.0237, -16.5587], [-68.0698, -16.6091], [-68.1014, -16.5867], [-68.0698, -16.6827], [-68.0865, -16.7546], [-67.9971, -16.8442], [-67.9234, -16.8166], [-67.8281, -16.8158]]]}","{""idep"": ""02"", ""nombre_dep"": ""La Paz"", ""iprov"": ""01"", ""nombre_prov"": ""Murillo"", ""imun"": ""03"", ""nombre_mun"": ""Mecapaca"", ""capital"": ""Mecapaca"", ""superficie_km2"": 519.8, ""code"": ""020103""}"
Feature,"{""type"": ""Polygon"", ""coordinates"": [[[-68.1534, -16.541], [-68.1851, -16.5737], [-68.1811, -16.6332], [-68.1508, -16.6963], [-68.1526, -16.7589], [-68.0865, -16.7546], [-68.0698, -16.6827], [-68.1014, -16.5867], [-68.1534, -16.541]]]}","{""idep"": ""02"", ""nombre_dep"": ""La Paz"", ""iprov"": ""01"", ""nombre_prov"": ""Murillo"", ""imun"": ""04"", ""nombre_mun"": ""Achocalla"", ""capital"": ""Achocalla"", ""superficie_km2"": 176.9, ""code"": ""020104""}"
Feature,"{""type"": ""Polygon"", ""coordinates"": [[[-68.1534, -16.541], [-68.1709, -16.4907], [-68.1494, -16.4288], [-68.1399, -16.3276], [-68.1537, -16.2626], [-68.2434, -16.3927], [-68.3005, -16.5102], [-68.2575, -16.5591], [-68.2373, -16.6128], [-68.1811, -16.6332], [-68.1851, -16.5737], [-68.1534, -16.541]]]}","{""idep"": ""02"", ""nombre_dep"": ""La Paz"", ""iprov"": ""01"", ""nombre_prov"": ""Murillo"", ""imun"": ""05"", ""nombre_mun"": ""El Alto"", ""capital"": ""El Alto"", ""superficie_km2"": 345.3, ""code"": ""020105""}"
Feature,"{""type"": ""Polygon"", ""coordinates"": [[[-68.6944, -15.8551], [-68.7706, -15.8671], [-68.7719, -15.9477], [-68.7469, -16.0147], [-68.819, -16.0111], [-68.7796, -16.0962], [-68.8399, -16.1401], [-68.8724, -16.1337], [-68.85, -16.1762], [-68.8161, -16.2079], [-68.8068, -16.1809], [-68.7959, -16.1289], [-68.7151, -16.1209], [-68.6957, -16.1736], [-68.6927, -16.1752], [-68.6951, -16.1619], [-68.5466, -16.082], [-68.501, -16.0667], [-68.4963, -16.0141], [-68.487, -15.9681], [-68.5195, -15.9332], [-68.5981, -15.9286], [-68.6944, -15.8551]]]}","{""idep"": ""02"", ""nombre_dep"": ""La Paz"", ""iprov"": ""02"", ""nombre_prov"": ""Omasuyos"", ""imun"": ""01"", ""nombre_mun"": ""Achacachi"", ""capital"": ""Achacachi"", ""superficie_km2"": 741.1, ""code"": ""020201""}"
Feature,"{""type"": ""Polygon"", ""coordinates"": [[[-68.8221, -15.7548], [-68.9179, -15.7726], [-68.9777, -15.8019], [-68.9892, -15.8411], [-68.962, -15.8964], [-68.8877, -15.9428], [-68.8454, -15.9254], [-68.7719, -15.9477], [-68.7706, -15.8671], [-68.8065, -15.7956], [-68.8221, -15.7548]]]}","{""idep"": ""02"", ""nombre_dep"": ""La Paz"", ""iprov"": ""02"", ""nombre_prov"": ""Omasuyos"", ""imun"": ""02"", ""nombre_mun"": ""Villa Ancoraimes"", ""capital"": ""Villa Ancoraimes"", ""superficie_km2"": 332.1, ""code"": ""020202""}"
Feature,"{""type"": ""Polygon"", ""coordinates"": [[[-68.6656, -16.2176], [-68.6059, -16.2013], [-68.5737, -16.2562], [-68.5308, -16.1977], [-68.5229, -16.1157], [-68.5466, -16.082], [-68.6951, -16.1619], [-68.6927, -16.1752], [-68.6656, -16.2176]]]}","{""idep"": ""02"", ""nombre_dep"": ""La Paz"", ""iprov"": ""02"", ""nombre_prov"": ""Omasuyos"", ""imun"": ""03"", ""nombre_mun"": ""Huarina"", ""capital"": ""Huarina"", ""superficie_km2"": 180.7, ""code"": ""020203""}"
Feature,"{""type"": ""Polygon"", ""coordinates"": [[[-68.8724, -16.1337], [-68.8399, -16.1401], [-68.7796, -16.0962], [-68.819, -16.0111], [-68.843, -16.0626], [-68.8934, -16.076], [-68.8724, -16.1337]]]}","{""idep"": ""02"", ""nombre_dep"": ""La Paz"", ""iprov"": ""02"", ""nombre_prov"": ""Omasuyos"", ""imun"": ""04"", ""nombre_mun"": ""Santiago de Huata"", ""capital"": ""Santiago de Huata"", ""superficie_km2"": 92.8, ""code"": ""020204""}"
Feature,"{""type"": ""Polygon"", ""coordinates"": [[[-68.6927, -16.1752], [-68.6957, -16.1736], [-68.7224, -16.2031], [-68.6656, -16.2176], [-68.6927, -16.1752]]]}","{""idep"": ""02"", ""nombre_dep"": ""La Paz"", ""iprov"": ""02"", ""nombre_prov"": ""Omasuyos"", ""imun"": ""05"", ""nombre_mun"": ""Huatajata"", ""capital"": ""Huatajata"", ""superficie_km2"": 19.4, ""code"": ""020205""}"
Feature,"{""type"": ""Polygon"", ""coordinates"": [[[-68.6957, -16.1736], [-68.7151, -16.1209], [-68.7959, -16.1289], [-68.8068, -16.1809], [-68.7224, -16.2031], [-68.6957, -16.1736]]]}","{""idep"": ""02"", ""nombre_dep"": ""La Paz"", ""iprov"": ""02"", ""nombre_prov"": ""Omasuyos"", ""imun"": ""06"", ""nombre_mun"": ""Chua Cocani"", ""capital"": ""Chua Cocani"", ""superficie_km2"": 80.6, ""code"": ""020206""}"
Feature,"{""type"": ""Polygon"", ""coordinates"": [[[-68.3449, -17.0548], [-68.4299, -17.1005], [-68.4853, -17.0922], [-68.4457, -17.0327], [-68.4832, -17.0196], [-68.5667, -17.0429], [-68.6547, -17.0842], [-68.664, -17.1335], [-68.7477, -17.1854], [-68.6782, -17.2063], [-68.603, -17.256], [-68.5805, -17.2938], [-68.5184, -17.309], [-68.4994, -17.3559], [-68.4972, -17.3177], [-68.3925, -17.2091], [-68.2171, -17.2474], [-68.179, -17.2691], [-68.1018, -17.269], [-68.1154, -17.1766], [-68.1186, -17.1288], [-68.1645, -17.1154], [-68.2019, -17.162], [-68.2843, -17.1467], [-68.2687, -17.0956], [-68.2986, -17.1101], [-68.3449, -17.0548]]]}","{""idep"": ""02"", ""nombre_dep"": ""La Paz"", ""iprov"": ""03"", ""nombre_prov"": ""Pacajes"", ""imun"": ""01"", ""nombre_mun"": ""Corocoro"", ""capital"": ""Corocoro"", ""superficie_km2"": 1093.8, ""code"": ""020301""}"
Feature,"{""type"": ""Polygon"", ""coordinates"": [[[-68.5521, -16.8519], [-68.6162, -16.8829], [-68.6552, -16.8208], [-68.7416, -16.8299], [-68.7576, -16.9078], [-68.7665, -16.9372], [-68.7963, -16.9802], [-68.8468, -16.9925], [-68.8512, -17.0492], [-68.9059, -17.0497], [-68.9901, -17.0997], [-69.0576, -17.0797], [-69.0169, -17.1117], [-69.1881, -17.2368], [-69.1794, -17.3033], [-69.1205, -17.3072], [-69.0085, -17.3027], [-68.9153, -17.2848], [-68.8475, -17.2431], [-68.8696, -17.1911], [-68.8301, -17.1708], [-68.7477, -17.1854], [-68.664, -17.1335], [-68.6547, -17.0842], [-68.5667, -17.0429], [-68.4832, -17.0196], [-68.484, -16.9932], [-68.5715, -16.9476], [-68.5423, -16.8988], [-68.5521, -16.8519]]]}","{""idep"": ""02"", ""nombre_dep"": ""La Paz"", ""iprov"": ""03"", ""nombre_prov"": ""Pacajes"", ""imun"": ""02"", ""nombre_mun"": ""Caquiaviri"", ""capital"": ""Caquiaviri"", ""superficie_km2"": 1537.3, ""code"": ""020302""}"
Feature,"{""type"": ""Polygon"", ""coordinates"": [[[-68.7477, -17.1854], [-68.8301, -17.1708], [-68.8696, -17.1911], [-68.8475, -17.2431], [-68.9153, -17.2848], [-69.0085, -17.3027], [-69.1205, -17.3072], [-69.1188, -17.3745], [-69.141, -17.4439], [-69.0111, -17.4738], [-69.0141, -17.5748], [-68.9404, -17.6443], [-68.854, -17.5452], [-68.7974, -17.5625], [-68.7709, -17.6918], [-68.8012, -17.7151], [-68.9124, -17.7401], [-68.9558, -17.7751], [-68.9722, -17.861], [-69.0024, -17.8976], [-69.049, -17.8981], [-69.1025, -17.9345], [-69.1104, -18.0366], [-69.0795, -18.0469], [-68.9104, -17.9496], [-68.7868, -17.9306], [-68.7278, -17.8846], [-68.6394, -17.8633], [-68.5437, -17.7968], [-68.5399, -17.7173], [-68.4356, -17.6601], [-68.3945, -17.6182], [-68.4231, -17.5834], [-68.4313, -17.4999], [-68.5472, -17.4575], [-68.5394, -17.4041], [-68.4994, -17.3559], [-68.5184, -17.309], [-68.5805, -17.2938], [-68.603, -17.256], [-68.6782, -17.2063], [-68.7477, -17.1854]]]}","{""idep"": ""02"", ""nombre_dep"": ""La Paz"", ""iprov"": ""03"", ""nombre_prov"": ""Pacajes"", ""imun"": ""03"", ""nombre_mun"": ""Calacoto"", ""capital"": ""Calacoto"", ""superficie_km2"": 3876.6, ""code"": ""020303""}"
Feature,"{""type"": ""Polygon"", ""coordinates"": [[[-68.3736, -16.9179], [-68.4383, -16.8012], [-68.4678, -16.7811], [-68.5084, -16.8344], [-68.5521, -16.8519], [-68.5423, -16.8988], [-68.5715, -16.9476], [-68.484, -16.9932], [-68.4832, -17.0196], [-68.4457, -17.0327], [-68.4853, -17.0922], [-68.4299, -17.1005], [-68.3449, -17.0548], [-68.3598, -16.9735], [-68.3736, -16.9179]]]}","{""idep"": ""02"", ""nombre_dep"": ""La Paz"", ""iprov"": ""03"", ""nombre_prov"": ""Pacajes"", ""imun"": ""04"", ""nombre_mun"": ""Comanche"", ""capital"": ""Comanche"", ""superficie_km2"": 446.8, ""code"": ""020304""}"
Feature,"{""type"": ""Polygon"", ""coordinates"": [[[-69.1794, -17.3033], [-69.2491, -17.368], [-69.3158, -17.3946], [-69.334, -17.4546], [-69.3943, -17.4491], [-69.4687, -17.492], [-69.4679, -17.6049], [-69.3379, -17.7292], [-69.2999, -17.8603], [-69.3129, -17.9089], [-69.2813, -17.9692], [-69.2221, -17.9797], [-69.1104, -18.0366], [-69.1025, -17.9345], [-69.049, -17.8981], [-69.0024, -17.8976], [-68.9722, -17.861], [-68.9558, -17.7751], [-68.9124, -17.7401], [-68.8012, -17.7151], [-68.7709, -17.6918], [-68.7974, -17.5625], [-68.854, -17.5452], [-68.9404, -17.6443], [-69.0141, -17.5748], [-69.0111, -17.4738], [-69.141, -17.4439], [-69.1188, -17.3745], [-69.1205, -17.3072], [-69.1794, -17.3033]]]}","{""idep"": ""02"", ""nombre_dep"": ""La Paz"", ""iprov"": ""03"", ""nombre_prov"": ""Pacajes"", ""imun"": ""05"", ""nombre_mun"": ""Charaña"", ""capital"": ""Charaña"", ""superficie_km2"": 2905.6, ""code"": ""020305""}"
Feature,"{""type"": ""Polygon"", ""coordinates"": [[[-68.1848, -17.0592], [-68.2687, -17.0956], [-68.2843, -17.1467], [-68.2019, -17.162], [-68.1645, -17.1154], [-68.1848, -17.0592]]]}","{""idep"": ""02"", ""nombre_dep"": ""La Paz"", ""iprov"": ""03"", ""nombre_prov"": ""Pacajes"", ""imun"": ""06"", ""nombre_mun"": ""Waldo Ballivián"", ""capital"": ""Waldo Ballivian"", ""superficie_km2"": 107.9, ""code"": ""020306""}"
Feature,"{""type"": ""Polygon"", ""coordinates"": [[[-68.7576, -16.9078], [-68.7896, -16.916], [-68.7665, -16.9372], [-68.7576, -16.9078]]]}","{""idep"": ""02"", ""nombre_dep"": ""La Paz"", ""iprov"": ""03"", ""nombre_prov"": ""Pacajes"", ""imun"": ""07"", ""nombre_mun"": ""Nazacara de Pacajes"", ""capital"": ""Nazacara de Pacajes"", ""superficie_km2"": 18.3, ""code"": ""020307""}"
Feature,"{""type"": ""Polygon"", ""coordinates"": [[[-68.2171, -17.2474], [-68.3925, -17.2091], [-68.4972, -17.3177], [-68.4994, -17.3559], [-68.5394, -17.4041], [-68.5472, -17.4575], [-68.4313, -17.4999], [-68.4231, -17.5834], [-68.3945, -17.6182], [-68.3606, -17.5908], [-68.2894, -17.6152], [-68.246, -17.5125], [-68.193, -17.4786], [-68.1662, -17.4137], [-68.2171, -17.2474]]]}","{""idep"": ""02"", ""nombre_dep"": ""La Paz"", ""iprov"": ""03"", ""nombre_prov"": ""Pacajes"", ""imun"": ""08"", ""nombre_mun"": ""Santiago de Callapa"", ""capital"": ""Santiago de Callapa"", ""superficie_km2"": 1183.4, ""code"": ""020308""}"
Feature,"{""type"": ""Polygon"", ""coordinates"": [[[-69.2406, -15.4606], [-69.2905, -15.437], [-69.3269, -15.5335], [-69.2785, -15.5702], [-69.2979, -15.6134], [-69.2113, -15.6773], [-69.1841, -15.6597], [-69.2054, -15.5884], [-69.1725, -15.5631], [-69.1071, -15.6098], [-69.1034, -15.5315], [-69.0796, -15.4699], [-69.1974, -15.5162], [-69.2406, -15.4606]]]}","{""idep"": ""02"", ""nombre_dep"": ""La Paz"", ""iprov"": ""04"", ""nombre_prov"": ""Camacho"", ""imun"": ""01"", ""nombre_mun"": ""Puerto Acosta"", ""capital"": ""Puerto Acosta"", ""superficie_km2"": 349.7, ""code"": ""020401""}"
Feature,"{""type"": ""Polygon"", ""coordinates"": [[[-69.1199, -15.2594], [-69.176, -15.2615], [-69.1921, -15.2957], [-69.1405, -15.3244], [-69.0796, -15.4699], [-69.1034, -15.5315], [-69.1071, -15.6098], [-69.0936, -15.634], [-69.047, -15.6677], [-68.9909, -15.6612], [-68.9623, -15.5408], [-68.9652, -15.4702], [-68.912, -15.4096], [-68.9142, -15.3579], [-68.9699, -15.3143], [-69.0328, -15.3228], [-69.0888, -15.3017], [-69.1199, -15.2594]]]}","{""idep"": ""02"", ""nombre_dep"": ""La Paz"", ""iprov"": ""04"", ""nombre_prov"": ""Camacho"", ""imun"": ""02"", ""nombre_mun"": ""Mocomoco"", ""capital"": ""Mocomoco"", ""superficie_km2"": 648.5, ""code"": ""020402""}"
Feature,"{""type"": ""Polygon"", ""coordinates"": [[[-68.9179, -15.7726], [-68.9522, -15.738], [-68.9508, -15.6936], [-68.9034, -15.6379], [-68.9623, -15.5408], [-68.9909, -15.6612], [-69.047, -15.6677], [-69.0936, -15.634], [-69.0925, -15.6689], [-69.142, -15.7207], [-69.0742, -15.7538], [-69.0116, -15.861], [-68.962, -15.8964], [-68.9892, -15.8411], [-68.9777, -15.8019], [-68.9179, -15.7726]]]}","{""idep"": ""02"", ""nombre_dep"": ""La Paz"", ""iprov"": ""04"", ""nombre_prov"": ""Camacho"", ""imun"": ""03"", ""nombre_mun"": ""Puerto Mayor de Carabuco"", ""capital"": ""Carabuco"", ""superficie_km2"": 382.5, ""code"": ""020403""}"
Feature,"{""type"": ""Polygon"", ""coordinates"": [[[-69.0796, -15.4699], [-69.1405, -15.3244], [-69.1921, -15.2957], [-69.2475, -15.371], [-69.2406, -15.4606], [-69.1974, -15.5162], [-69.0796, -15.4699]]]}","{""idep"": ""02"", ""nombre_dep"": ""La Paz"", ""iprov"": ""04"", ""nombre_prov"": ""Camacho"", ""imun"": ""04"", ""nombre_mun"": ""Humanata"", ""capital"": ""Humanata"", ""superficie_km2"": 287.4, ""code"": ""020404""}"
Feature,"{""type"": ""Polygon"", ""coordinates"": [[[-69.1071, -15.6098], [-69.1725, -15.5631], [-69.2054, -15.5884], [-69.1841, -15.6597], [-69.142, -15.7207], [-69.0925, -15.6689], [-69.0936, -15.634], [-69.1071, -15.6098]]]}","{""idep"": ""02"", ""nombre_dep"": ""La Paz"", ""iprov"": ""04"", ""nombre_prov"": ""Camacho"", ""imun"": ""05"", ""nombre_mun"": ""Escoma"", ""capital"": ""Escoma"", ""superficie_km2"": 120.3, ""code"": ""020405""}"
Feature,"{""type"": ""Polygon"", ""coordinates"": [[[-68.7439, -15.5556], [-68.8562, -15.4642], [-68.8545, -15.4161], [-68.9142, -15.3579], [-68.912, -15.4096], [-68.9652, -15.4702], [-68.9623, -15.5408], [-68.9034, -15.6379], [-68.9508, -15.6936], [-68.9522, -15.738], [-68.9179, -15.7726], [-68.8221, -15.7548], [-68.7918, -15.7303], [-68.7512, -15.6426], [-68.7782, -15.5937], [-68.7439, -15.5556]]]}","{""idep"": ""02"", ""nombre_dep"": ""La Paz"", ""iprov"": ""05"", ""nombre_prov"": ""Muñecas"", ""imun"": ""01"", ""nombre_mun"": ""Chuma"", ""capital"": ""Chuma"", ""superficie_km2"": 613.7, ""code"": ""020501""}"
Feature,"{""type"": ""Polygon"", ""coordinates"": [[[-68.4479, -15.1943], [-68.4778, -15.1527], [-68.6727, -15.2197], [-68.7047, -15.2073], [-68.8404, -15.2639], [-68.8635, -15.3326], [-68.9142, -15.3579], [-68.8545, -15.4161], [-68.8562, -15.4642], [-68.7439, -15.5556], [-68.7003, -15.5252], [-68.7339, -15.5207], [-68.7869, -15.3836], [-68.6843, -15.3829], [-68.654, -15.3632], [-68.5796, -15.3176], [-68.5164, -15.2204], [-68.4479, -15.1943]]]}","{""idep"": ""02"", ""nombre_dep"": ""La Paz"", ""iprov"": ""05"", ""nombre_prov"": ""Muñecas"", ""imun"": ""02"", ""nombre_mun"": ""Ayata"", ""capital"": ""Ayata"", ""superficie_km2"": 743.3, ""code"": ""020502""}"
Feature,"{""type"": ""Polygon"", ""coordinates"": [[[-68.654, -15.3632], [-68.6843, -15.3829], [-68.7869, -15.3836], [-68.7339, -15.5207], [-68.7003, -15.5252], [-68.6637, -15.4834], [-68.5941, -15.4513], [-68.654, -15.3632]]]}","{""idep"": ""02"", ""nombre_dep"": ""La Paz"", ""iprov"": ""05"", ""nombre_prov"": ""Muñecas"", ""imun"": ""03"", ""nombre_mun"": ""Aucapata"", ""capital"": ""Aucapata"", ""superficie_km2"": 232.8, ""code"": ""020503""}"
Feature,"{""type"": ""Polygon"", ""coordinates"": [[[-68.2379, -15.5724], [-68.3143, -15.6343], [-68.3977, -15.556], [-68.4077, -15.5027], [-68.498, -15.4526], [-68.5685, -15.5541], [-68.61, -15.5862], [-68.5697, -15.6745], [-68.6423, -15.6515], [-68.7512, -15.6426], [-68.7918, -15.7303], [-68.8221, -15.7548], [-68.8065, -15.7956], [-68.733, -15.7792], [-68.6944, -15.8551], [-68.5981, -15.9286], [-68.5195, -15.9332], [-68.4272, -15.9442], [-68.3315, -15.8354], [-68.3205, -15.7572], [-68.2382, -15.6835], [-68.1889, -15.6566], [-68.168, -15.581], [-68.2379, -15.5724]]]}","{""idep"": ""02"", ""nombre_dep"": ""La Paz"", ""iprov"": ""06"", ""nombre_prov"": ""Larecaja"", ""imun"": ""01"", ""nombre_mun"": ""Sorata"", ""capital"": ""Sorata"", ""superficie_km2"": 1888.1, ""code"": ""020601""}"
Feature,"{""type"": ""Polygon"", ""coordinates"": [[[-67.6775, -15.7447], [-67.6953, -15.681], [-67.7543, -15.6308], [-67.8593, -15.4821], [-67.7876, -15.3832], [-67.8621, -15.2571], [-68.0346, -15.297], [-68.0605, -15.3309], [-68.0478, -15.3647], [-68.0692, -15.5112], [-68.1701, -15.487], [-68.2379, -15.5724], [-68.168, -15.581], [-68.1537, -15.5581], [-68.0677, -15.5528], [-68.008, -15.5098], [-67.9279, -15.5418], [-67.9844, -15.6132], [-68.0685, -15.6468], [-68.1889, -15.6566], [-68.2382, -15.6835], [-68.3205, -15.7572], [-68.3315, -15.8354], [-68.4272, -15.9442], [-68.5195, -15.9332], [-68.487, -15.9681], [-68.4963, -16.0141], [-68.4203, -16.0082], [-68.3606, -16.0266], [-68.2515, -16.0841], [-68.2369, -16.1111], [-68.2023, -16.058], [-68.122, -16.0374], [-67.9455, -16.0403], [-67.9067, -16.0052], [-67.8918, -15.9523], [-67.8041, -15.7833], [-67.7325, -15.7901], [-67.6828, -15.7496], [-67.6775, -15.7447]]]}","{""idep"": ""02"", ""nombre_dep"": ""La Paz"", ""iprov"": ""06"", ""nombre_prov"": ""Larecaja"", ""imun"": ""02"", ""nombre_mun"": ""Guanay"", ""capital"": ""Guanay"", ""superficie_km2"": 3585.8, ""code"": ""020602""}"
Feature,"{""type"": ""Polygon"", ""coordinates"": [[[-68.4067, -15.2318], [-68.4479, -15.1943], [-68.5164, -15.2204], [-68.5796, -15.3176], [-68.654, -15.3632], [-68.5941, -15.4513], [-68.6637, -15.4834], [-68.7003, -15.5252], [-68.6423, -15.6515], [-68.5697, -15.6745], [-68.61, -15.5862], [-68.5685, -15.5541], [-68.498, -15.4526], [-68.4536, -15.4134], [-68.409, -15.3235], [-68.2783, -15.2973], [-68.3128, -15.2427], [-68.4067, -15.2318]]]}","{""idep"": ""02"", ""nombre_dep"": ""La Paz"", ""iprov"": ""06"", ""nombre_prov"": ""Larecaja"", ""imun"": ""03"", ""nombre_mun"": ""Tacacoma"", ""capital"": ""Tacacoma"", ""superficie_km2"": 794, ""code"": ""020603""}"
Feature,"{""type"": ""Polygon"", ""coordinates"": [[[-68.6423, -15.6515], [-68.7003, -15.5252], [-68.7439, -15.5556], [-68.7782, -15.5937], [-68.7512, -15.6426], [-68.6423, -15.6515]]]}","{""idep"": ""02"", ""nombre_dep"": ""La Paz"", ""iprov"": ""06"", ""nombre_prov"": ""Larecaja"", ""imun"": ""04"", ""nombre_mun"": ""Quiabaya"", ""capital"": ""Quiabaya"", ""superficie_km2"": 117.6, ""code"": ""020604""}"
Feature,"{""type"": ""Polygon"", ""coordinates"": [[[-68.6944, -15.8551], [-68.733, -15.7792], [-68.8065, -15.7956], [-68.7706, -15.8671], [-68.6944, -15.8551]]]}","{""idep"": ""02"", ""nombre_dep"": ""La Paz"", ""iprov"": ""06"", ""nombre_prov"": ""Larecaja"", ""imun"": ""05"", ""nombre_mun"": ""Combaya"", ""capital"": ""Combaya"", ""superficie_km2"": 89.9, ""code"": ""020605""}"
Feature,"{""type"": ""Polygon"", ""coordinates"": [[[-68.1889, -15.6566], [-68.0685, -15.6468], [-67.9844, -15.6132], [-67.9279, -15.5418], [-68.008, -15.5098], [-68.0677, -15.5528], [-68.1537, -15.5581], [-68.168, -15.581], [-68.1889, -15.6566]]]}","{""idep"": ""02"", ""nombre_dep"": ""La Paz"", ""iprov"": ""06"", ""nombre_prov"": ""Larecaja"", ""imun"": ""06"", ""nombre_mun"": ""Tipuani"", ""capital"": ""Tipuani"", ""superficie_km2"": 246.5, ""code"": ""020606""}"
Feature,"{""type"": ""Polygon"", ""coordinates"": [[[-68.0605, -15.3309], [-68.0876, -15.2654], [-68.171, -15.2069], [-68.1923, -15.1501], [-68.2881, -15.1312], [-68.3371, -15.155], [-68.3904, -15.1873], [-68.4067, -15.2318], [-68.3128, -15.2427], [-68.2783, -15.2973], [-68.409, -15.3235], [-68.4536, -15.4134], [-68.498, -15.4526], [-68.4077, -15.5027], [-68.3977, -15.556], [-68.3143, -15.6343], [-68.2379, -15.5724], [-68.1701, -15.487], [-68.0692, -15.5112], [-68.0478, -15.3647], [-68.0605, -15.3309]]]}","{""idep"": ""02"", ""nombre_dep"": ""La Paz"", ""iprov"": ""06"", ""nombre_prov"": ""Larecaja"", ""imun"": ""07"", ""nombre_mun"": ""Mapiri"", ""capital"": ""Mapiri"", ""superficie_km2"": 1489.4, ""code"": ""020607""}"
Feature,"{""type"": ""Polygon"", ""coordinates"": [[[-67.664, -15.1237], [-67.6873, -15.243], [-67.7365, -15.2201], [-67.82, -15.2233], [-67.8621, -15.2571], [-67.7876, -15.3832], [-67.8593, -15.4821], [-67.7543, -15.6308], [-67.6953, -15.681], [-67.6775, -15.7447], [-67.6134, -15.6324], [-67.6417, -15.6079], [-67.6047, -15.561], [-67.6077, -15.5161], [-67.5743, -15.4592], [-67.5734, -15.3728], [-67.5289, -15.331], [-67.4972, -15.3484], [-67.4742, -15.2783], [-67.5459, -15.2469], [-67.5439, -15.21], [-67.6079, -15.1878], [-67.664, -15.1237]]]}","{""idep"": ""02"", ""nombre_dep"": ""La Paz"", ""iprov"": ""06"", ""nombre_prov"": ""Larecaja"", ""imun"": ""08"", ""nombre_mun"": ""Teoponte"", ""capital"": ""Teoponte"", ""superficie_km2"": 1368.9, ""code"": ""020608""}"
Feature,"{""type"": ""Polygon"", ""coordinates"": [[[-68.0739, -14.2223], [-68.1583, -14.1759], [-68.2379, -14.108], [-68.2871, -14.0974], [-68.3522, -14.1181], [-68.4205, -14.1837], [-68.8999, -13.9752], [-68.9637, -13.9509], [-68.9366, -14.0265], [-68.8825, -14.0594], [-68.8467, -14.2374], [-68.9852, -14.2374], [-68.9846, -14.335], [-69.0617, -14.4616], [-69.1152, -14.498], [-69.0906, -14.5348], [-68.9974, -14.5337], [-68.9244, -14.5938], [-68.9457, -14.6563], [-68.8458, -14.6512], [-68.7338, -14.6066], [-68.6988, -14.6387], [-68.7645, -14.6832], [-68.822, -14.7743], [-68.775, -14.796], [-68.6994, -14.8072], [-68.6382, -14.854], [-68.5129, -14.9742], [-68.512, -15.0011], [-68.422, -15.0884], [-68.3656, -15.1135], [-68.3371, -15.155], [-68.2881, -15.1312], [-68.1923, -15.1501], [-68.171, -15.2069], [-68.0876, -15.2654], [-68.0605, -15.3309], [-68.0346, -15.297], [-67.8621, -15.2571], [-67.82, -15.2233], [-67.7365, -15.2201], [-67.6873, -15.243], [-67.664, -15.1237], [-67.5372, -15.0649], [-67.4907, -15.0207], [-67.4703, -14.9332], [-67.4285, -14.9222], [-67.4041, -14.7949], [-67.4249, -14.7396], [-67.5291, -14.6378], [-67.5376, -14.5931], [-67.6642, -14.5749], [-67.7455, -14.5463], [-67.8381, -14.4925], [-67.9034, -14.4323], [-67.9155, -14.3797], [-68.0094, -14.3151], [-68.0739, -14.2223]]]}","{""idep"": ""02"", ""nombre_dep"": ""La Paz"", ""iprov"": ""07"", ""nombre_prov"": ""Franz Tamayo"", ""imun"": ""01"", ""nombre_mun"": ""Apolo"", ""capital"": ""Apolo"", ""superficie_km2"": 14142.7, ""code"": ""020701""}"
Feature,"{""type"": ""Polygon"", ""coordinates"": [[[-68.822, -14.7743], [-68.7645, -14.6832], [-68.6988, -14.6387], [-68.7338, -14.6066], [-68.8458, -14.6512], [-68.9457, -14.6563], [-68.9244, -14.5938], [-68.9974, -14.5337], [-69.0906, -14.5348], [-69.1152, -14.498], [-69.1493, -14.5127], [-69.1492, -14.5763], [-69.2215, -14.5813], [-69.258, -14.6855], [-69.2262, -14.7366], [-69.3523, -14.801], [-69.3435, -14.8828], [-69.3644, -14.9298], [-69.2855, -15.0969], [-69.212, -15.1441], [-69.1764, -15.1067], [-69.1715, -15.0413], [-69.1403, -15.0129], [-69.0054, -15.0104], [-68.9042, -14.8639], [-68.8993, -14.8247], [-68.822, -14.7743]]]}","{""idep"": ""02"", ""nombre_dep"": ""La Paz"", ""iprov"": ""07"", ""nombre_prov"": ""Franz Tamayo"", ""imun"": ""02"", ""nombre_mun"": ""Pelechuco"", ""capital"": ""Pelechuco"", ""superficie_km2"": 2433, ""code"": ""020702""}"
Feature,"{""type"": ""Polygon"", ""coordinates"": [[[-68.2575, -16.5591], [-68.384, -16.6226], [-68.4375, -16.686], [-68.4837, -16.77], [-68.4678, -16.7811], [-68.4383, -16.8012], [-68.3736, -16.9179], [-68.2912, -16.8803], [-68.2195, -16.8187], [-68.1526, -16.7589], [-68.1508, -16.6963], [-68.1811, -16.6332], [-68.2373, -16.6128], [-68.2575, -16.5591]]]}","{""idep"": ""02"", ""nombre_dep"": ""La Paz"", ""iprov"": ""08"", ""nombre_prov"": ""Ingavi"", ""imun"": ""01"", ""nombre_mun"": ""Viacha"", ""capital"": ""Viacha"", ""superficie_km2"": 842.6, ""code"": ""020801""}"
Feature,"{""type"": ""Polygon"", ""coordinates"": [[[-68.8227, -16.5294], [-68.8455, -16.5858], [-68.9227, -16.5957], [-68.9339, -16.6582], [-68.7349, -16.6551], [-68.7393, -16.5545], [-68.7983, -16.5386], [-68.8227, -16.5294]]]}","{""idep"": ""02"", ""nombre_dep"": ""La Paz"", ""iprov"": ""08"", ""nombre_prov"": ""Ingavi"", ""imun"": ""02"", ""nombre_mun"": ""Puerto Mayor de Guaqui"", ""capital"": ""Guaqui"", ""superficie_km2"": 189.6, ""code"": ""020802""}"
Feature,"{""type"": ""Polygon"", ""coordinates"": [[[-68.7284, -16.4219], [-68.7888, -16.4263], [-68.7983, -16.5386], [-68.7393, -16.5545], [-68.7349, -16.6551], [-68.5987, -16.6542], [-68.5884, -16.5494], [-68.6129, -16.5171], [-68.6991, -16.519], [-68.7284, -16.4219]]]}","{""idep"": ""02"", ""nombre_dep"": ""La Paz"", ""iprov"": ""08"", ""nombre_prov"": ""Ingavi"", ""imun"": ""03"", ""nombre_mun"": ""Tiahuanacu"", ""capital"": ""Tiahuanacu"", ""superficie_km2"": 349.9, ""code"": ""020803""}"
Feature,"{""type"": ""Polygon"", ""coordinates"": [[[-68.9227, -16.5957], [-69.0273, -16.5533], [-69.0328, -16.6079], [-68.9989, -16.6515], [-68.9754, -16.6762], [-68.9339, -16.6582], [-68.9227, -16.5957]]]}","{""idep"": ""02"", ""nombre_dep"": ""La Paz"", ""iprov"": ""08"", ""nombre_prov"": ""Ingavi"", ""imun"": ""04"", ""nombre_mun"": ""Desaguadero"", ""capital"": ""Desaguadero"", ""superficie_km2"": 103.2, ""code"": ""020804""}"
Feature,"{""type"": ""Polygon"", ""coordinates"": [[[-68.9754, -16.6762], [-68.9989, -16.6515], [-69.0438, -16.6885], [-69.1698, -16.7273], [-69.1877, -16.7966], [-69.3044, -16.9166], [-69.3203, -16.9609], [-69.1707, -17.0117], [-69.0576, -17.0797], [-68.9901, -17.0997], [-68.9059, -17.0497], [-68.8512, -17.0492], [-68.8468, -16.9925], [-68.7963, -16.9802], [-68.7665, -16.9372], [-68.7896, -16.916], [-68.8189, -16.8563], [-68.9366, -16.8127], [-68.9727, -16.7725], [-68.9754, -16.6762]]]}","{""idep"": ""02"", ""nombre_dep"": ""La Paz"", ""iprov"": ""08"", ""nombre_prov"": ""Ingavi"", ""imun"": ""05"", ""nombre_mun"": ""La (Marka) San Andrés de Machaca"", ""capital"": ""La (Marka) San Andrés de Machaca"", ""superficie_km2"": 1523.7, ""code"": ""020805""}"
Feature,"{""type"": ""Polygon"", ""coordinates"": [[[-68.7349, -16.6551], [-68.9339, -16.6582], [-68.9754, -16.6762], [-68.9727, -16.7725], [-68.9366, -16.8127], [-68.8189, -16.8563], [-68.7896, -16.916], [-68.7576, -16.9078], [-68.7416, -16.8299], [-68.6552, -16.8208], [-68.6162, -16.8829], [-68.5521, -16.8519], [-68.5084, -16.8344], [-68.4678, -16.7811], [-68.4837, -16.77], [-68.5987, -16.6542], [-68.7349, -16.6551]]]}","{""idep"": ""02"", ""nombre_dep"": ""La Paz"", ""iprov"": ""08"", ""nombre_prov"": ""Ingavi"", ""imun"": ""06"", ""nombre_mun"": ""Jesús de Machaka"", ""capital"": ""Jesús de Machaka"", ""superficie_km2"": 985, ""code"": ""020806""}"
Feature,"{""type"": ""Polygon"", ""coordinates"": [[[-68.7888, -16.4263], [-68.9466, -16.4374], [-68.826, -16.4881], [-68.8227, -16.5294], [-68.7983, -16.5386], [-68.7888, -16.4263]]]}","{""idep"": ""02"", ""nombre_dep"": ""La Paz"", ""iprov"": ""08"", ""nombre_prov"": ""Ingavi"", ""imun"": ""07"", ""nombre_mun"": ""Taraco"", ""capital"": ""Taraco"", ""superficie_km2"": 113.8, ""code"": ""020807""}"
Feature,"{""type"": ""Polygon"", ""coordinates"": [[[-67.5447, -17.0062], [-67.649, -17.002], [-67.6809, -16.9488], [-67.6806, -16.9993], [-67.736, -17.0235], [-67.726, -17.1087], [-67.7927, -17.1572], [-67.765, -17.1854], [-67.6595, -17.1881], [-67.6269, -17.1152], [-67.5715, -17.1842], [-67.5146, -17.1713], [-67.5074, -17.067], [-67.5447, -17.0062]]]}","{""idep"": ""02"", ""nombre_dep"": ""La Paz"", ""iprov"": ""09"", ""nombre_prov"": ""Loayza"", ""imun"": ""01"", ""nombre_mun"": ""Luribay"", ""capital"": ""Luribay"", ""superficie_km2"": 447.6, ""code"": ""020901""}"
Feature,"{""type"": ""Polygon"", ""coordinates"": [[[-67.8281, -16.8158], [-67.9234, -16.8166], [-67.9971, -16.8442], [-68.0384, -16.8832], [-68.0105, -16.9322], [-67.9031, -17.0161], [-67.8368, -17.0347], [-67.8727, -17.0754], [-67.7927, -17.1572], [-67.726, -17.1087], [-67.736, -17.0235], [-67.6806, -16.9993], [-67.6809, -16.9488], [-67.7011, -16.8501], [-67.8281, -16.8158]]]}","{""idep"": ""02"", ""nombre_dep"": ""La Paz"", ""iprov"": ""09"", ""nombre_prov"": ""Loayza"", ""imun"": ""02"", ""nombre_mun"": ""Sapahaqui"", ""capital"": ""Sapahaqui"", ""superficie_km2"": 809.7, ""code"": ""020902""}"
Feature,"{""type"": ""Polygon"", ""coordinates"": [[[-67.3516, -17.1312], [-67.4251, -17.0655], [-67.5074, -17.067], [-67.5146, -17.1713], [-67.4533, -17.2357], [-67.4824, -17.2806], [-67.3906, -17.4009], [-67.3745, -17.4618], [-67.3417, -17.4504], [-67.2937, -17.3755], [-67.3124, -17.2499], [-67.3516, -17.1312]]]}","{""idep"": ""02"", ""nombre_dep"": ""La Paz"", ""iprov"": ""09"", ""nombre_prov"": ""Loayza"", ""imun"": ""03"", ""nombre_mun"": ""Yaco"", ""capital"": ""Yaco"", ""superficie_km2"": 591.1, ""code"": ""020903""}"
Feature,"{""type"": ""Polygon"", ""coordinates"": [[[-67.4323, -16.8981], [-67.4956, -16.9045], [-67.503, -16.9639], [-67.5447, -17.0062], [-67.5074, -17.067], [-67.4251, -17.0655], [-67.3516, -17.1312], [-67.3023, -17.0874], [-67.3405, -17.0098], [-67.4323, -16.8981]]]}","{""idep"": ""02"", ""nombre_dep"": ""La Paz"", ""iprov"": ""09"", ""nombre_prov"": ""Loayza"", ""imun"": ""04"", ""nombre_mun"": ""Malla"", ""capital"": ""Malla"", ""superficie_km2"": 348, ""code"": ""020904""}"
Feature,"{""type"": ""Polygon"", ""coordinates"": [[[-67.4323, -16.8981], [-67.5, -16.8337], [-67.519, -16.7732], [-67.4585, -16.7295], [-67.4978, -16.6207], [-67.52, -16.6625], [-67.6197, -16.7431], [-67.7082, -16.8209], [-67.7011, -16.8501], [-67.6809, -16.9488], [-67.649, -17.002], [-67.5447, -17.0062], [-67.503, -16.9639], [-67.4956, -16.9045], [-67.4323, -16.8981]]]}","{""idep"": ""02"", ""nombre_dep"": ""La Paz"", ""iprov"": ""09"", ""nombre_prov"": ""Loayza"", ""imun"": ""05"", ""nombre_mun"": ""Cairoma"", ""capital"": ""Cairoma"", ""superficie_km2"": 680.4, ""code"": ""020905""}"
Feature,"{""type"": ""Polygon"", ""coordinates"": [[[-66.8159, -16.8297], [-66.7412, -16.7552], [-66.758, -16.7022], [-66.7321, -16.5901], [-66.7888, -16.4845], [-66.801, -16.2943], [-66.8533, -16.2451], [-67.1579, -16.3808], [-67.2543, -16.4217], [-67.2306, -16.5367], [-67.1447, -16.6303], [-67.0822, -16.6808], [-67.077, -16.7491], [-67.1136, -16.7955], [-67.1119, -16.8509], [-67.1865, -16.8725], [-67.1452, -16.9488], [-67.1657, -17.028], [-67.0563, -17.0937], [-67.0379, -17.1533], [-67.0691, -17.1801], [-67.0469, -17.2483], [-66.9964, -17.242], [-66.923, -17.306], [-66.878, -17.2979], [-66.8839, -17.1566], [-66.9797, -17.0482], [-67.0056, -16.9521], [-66.9221, -16.8352], [-66.8159, -16.8297]]]}","{""idep"": ""02"", ""nombre_dep"": ""La Paz"", ""iprov"": ""10"", ""nombre_prov"": ""Inquisivi"", ""imun"": ""01"", ""nombre_mun"": ""Inquisivi"", ""capital"": ""Inquisivi"", ""superficie_km2"": 3264.3, ""code"": ""021001""}"
Feature,"{""type"": ""Polygon"", ""coordinates"": [[[-67.3002, -16.7716], [-67.3062, -16.6991], [-67.3963, -16.6504], [-67.4158, -16.5788], [-67.4978, -16.6207], [-67.4585, -16.7295], [-67.519, -16.7732], [-67.5, -16.8337], [-67.4323, -16.8981], [-67.3405, -17.0098], [-67.3023, -17.0874], [-67.2275, -17.0317], [-67.1657, -17.028], [-67.1452, -16.9488], [-67.1865, -16.8725], [-67.2431, -16.8355], [-67.2961, -16.8261], [-67.3002, -16.7716]]]}","{""idep"": ""02"", ""nombre_dep"": ""La Paz"", ""iprov"": ""10"", ""nombre_prov"": ""Inquisivi"", ""imun"": ""02"", ""nombre_mun"": ""Quime"", ""capital"": ""Quime"", ""superficie_km2"": 989.7, ""code"": ""021002""}"
Feature,"{""type"": ""Polygon"", ""coordinates"": [[[-67.2543, -16.4217], [-67.2881, -16.4807], [-67.3829, -16.5304], [-67.4158, -16.5788], [-67.3963, -16.6504], [-67.3062, -16.6991], [-67.3002, -16.7716], [-67.2375, -16.7482], [-67.1136, -16.7955], [-67.077, -16.7491], [-67.0822, -16.6808], [-67.1447, -16.6303], [-67.2306, -16.5367], [-67.2543, -16.4217]]]}","{""idep"": ""02"", ""nombre_dep"": ""La Paz"", ""iprov"": ""10"", ""nombre_prov"": ""Inquisivi"", ""imun"": ""03"", ""nombre_mun"": ""Cajuata"", ""capital"": ""Cajuata"", ""superficie_km2"": 706.7, ""code"": ""021003""}"
Feature,"{""type"": ""Polygon"", ""coordinates"": [[[-66.878, -17.2979], [-66.923, -17.306], [-66.9964, -17.242], [-67.0469, -17.2483], [-67.1245, -17.2825], [-67.1661, -17.3481], [-67.1982, -17.3464], [-67.1903, -17.4167], [-67.1245, -17.4654], [-67.059, -17.476], [-67.0213, -17.539], [-67.051, -17.5877], [-67.0068, -17.6319], [-66.8999, -17.5905], [-66.8777, -17.5416], [-66.8249, -17.5256], [-66.8357, -17.4511], [-66.877, -17.4161], [-66.8464, -17.3843], [-66.8426, -17.3175], [-66.878, -17.2979]]]}","{""idep"": ""02"", ""nombre_dep"": ""La Paz"", ""iprov"": ""10"", ""nombre_prov"": ""Inquisivi"", ""imun"": ""04"", ""nombre_mun"": ""Colquiri"", ""capital"": ""Colquiri"", ""superficie_km2"": 1004.1, ""code"": ""021004""}"
Feature,"{""type"": ""Polygon"", ""coordinates"": [[[-67.1657, -17.028], [-67.2275, -17.0317], [-67.3023, -17.0874], [-67.3516, -17.1312], [-67.3124, -17.2499], [-67.2937, -17.3755], [-67.2532, -17.3245], [-67.1982, -17.3464], [-67.1661, -17.3481], [-67.1245, -17.2825], [-67.0469, -17.2483], [-67.0691, -17.1801], [-67.0379, -17.1533], [-67.0563, -17.0937], [-67.1657, -17.028]]]}","{""idep"": ""02"", ""nombre_dep"": ""La Paz"", ""iprov"": ""10"", ""nombre_prov"": ""Inquisivi"", ""imun"": ""05"", ""nombre_mun"": ""Ichoca"", ""capital"": ""Ichoca"", ""superficie_km2"": 833.6, ""code"": ""021005""}"
Feature,"{""type"": ""Polygon"", ""coordinates"": [[[-67.1136, -16.7955], [-67.2375, -16.7482], [-67.3002, -16.7716], [-67.2961, -16.8261], [-67.2431, -16.8355], [-67.1865, -16.8725], [-67.1119, -16.8509], [-67.1136, -16.7955]]]}","{""idep"": ""02"", ""nombre_dep"": ""La Paz"", ""iprov"": ""10"", ""nombre_prov"": ""Inquisivi"", ""imun"": ""06"", ""nombre_mun"": ""Villa Libertad Licoma"", ""capital"": ""Villa Libertad Licoma"", ""superficie_km2"": 195.5, ""code"": ""021006""}"
Feature,"{""type"": ""Polygon"", ""coordinates"": [[[-67.5503, -16.2768], [-67.6129, -16.3872], [-67.6158, -16.507], [-67.5495, -16.5031], [-67.4982, -16.4473], [-67.4318, -16.3204], [-67.5503, -16.2768]]]}","{""idep"": ""02"", ""nombre_dep"": ""La Paz"", ""iprov"": ""11"", ""nombre_prov"": ""Sur Yungas"", ""imun"": ""01"", ""nombre_mun"": ""Chulumani"", ""capital"": ""Villa de la Libertad"", ""superficie_km2"": 299.6, ""code"": ""021101""}"
Feature,"{""type"": ""Polygon"", ""coordinates"": [[[-67.1579, -16.3808], [-67.2688, -16.2976], [-67.3201, -16.3109], [-67.3877, -16.2902], [-67.4318, -16.3204], [-67.4982, -16.4473], [-67.5495, -16.5031], [-67.6158, -16.507], [-67.6614, -16.495], [-67.7391, -16.5164], [-67.8406, -16.5166], [-67.8502, -16.5782], [-67.8132, -16.6247], [-67.6966, -16.6768], [-67.6197, -16.7431], [-67.52, -16.6625], [-67.4978, -16.6207], [-67.4158, -16.5788], [-67.3829, -16.5304], [-67.2881, -16.4807], [-67.2543, -16.4217], [-67.1579, -16.3808]]]}","{""idep"": ""02"", ""nombre_dep"": ""La Paz"", ""iprov"": ""11"", ""nombre_prov"": ""Sur Yungas"", ""imun"": ""02"", ""nombre_mun"": ""Irupana"", ""capital"": ""Villa de Lanza"", ""superficie_km2"": 1348.7, ""code"": ""021102""}"
Feature,"{""type"": ""Polygon"", ""coordinates"": [[[-67.813, -16.3505], [-67.84, -16.2988], [-67.954, -16.3312], [-67.9334, -16.362], [-67.9381, -16.4539], [-67.8406, -16.5166], [-67.7391, -16.5164], [-67.6614, -16.495], [-67.6158, -16.507], [-67.6129, -16.3872], [-67.7159, -16.3983], [-67.769, -16.3562], [-67.813, -16.3505]]]}","{""idep"": ""02"", ""nombre_dep"": ""La Paz"", ""iprov"": ""11"", ""nombre_prov"": ""Sur Yungas"", ""imun"": ""03"", ""nombre_mun"": ""Yanacachi"", ""capital"": ""Yanacachi"", ""superficie_km2"": 576, ""code"": ""021103""}"
Feature,"{""type"": ""Polygon"", ""coordinates"": [[[-67.2883, -15.0299], [-67.3494, -15.0381], [-67.4136, -14.9929], [-67.4285, -14.9222], [-67.4703, -14.9332], [-67.4907, -15.0207], [-67.5372, -15.0649], [-67.664, -15.1237], [-67.6079, -15.1878], [-67.5439, -15.21], [-67.5459, -15.2469], [-67.4742, -15.2783], [-67.4972, -15.3484], [-67.5237, -15.3918], [-67.3863, -15.5519], [-67.2245, -15.6044], [-67.1454, -15.6485], [-67.1342, -15.6898], [-67.1653, -15.754], [-67.0833, -15.8378], [-67.0337, -15.9101], [-66.9794, -15.936], [-66.9082, -15.8472], [-66.8558, -15.7842], [-66.7954, -15.7851], [-66.8735, -15.694], [-66.8992, -15.6152], [-66.9746, -15.4995], [-67.1168, -15.388], [-67.0823, -15.3122], [-67.132, -15.2631], [-67.1381, -15.2189], [-67.238, -15.0624], [-67.2883, -15.0299]]]}","{""idep"": ""02"", ""nombre_dep"": ""La Paz"", ""iprov"": ""11"", ""nombre_prov"": ""Sur Yungas"", ""imun"": ""04"", ""nombre_mun"": ""Palos Blancos"", ""capital"": ""Palos Blancos"", ""superficie_km2"": 3708.2, ""code"": ""021104""}"
Feature,"{""type"": ""Polygon"", ""coordinates"": [[[-66.9082, -15.8472], [-66.9794, -15.936], [-67.0337, -15.9101], [-67.0833, -15.8378], [-67.1653, -15.754], [-67.2469, -15.8238], [-67.3405, -16.0105], [-67.3679, -16.0821], [-67.438, -16.1419], [-67.5503, -16.2768], [-67.4318, -16.3204], [-67.3877, -16.2902], [-67.3201, -16.3109], [-67.2688, -16.2976], [-67.1579, -16.3808], [-66.8533, -16.2451], [-66.8438, -16.1964], [-66.9205, -16.0914], [-66.9205, -15.9976], [-66.8688, -15.9354], [-66.9082, -15.8472]]]}","{""idep"": ""02"", ""nombre_dep"": ""La Paz"", ""iprov"": ""11"", ""nombre_prov"": ""Sur Yungas"", ""imun"": ""05"", ""nombre_mun"": ""La Asunta"", ""capital"": ""La Asunta"", ""superficie_km2"": 2810.8, ""code"": ""021105""}"
Feature,"{""type"": ""Polygon"", ""coordinates"": [[[-68.1537, -16.2626], [-68.2147, -16.2173], [-68.2369, -16.1111], [-68.2647, -16.1439], [-68.3361, -16.1687], [-68.3555, -16.2168], [-68.4539, -16.295], [-68.4151, -16.3372], [-68.4519, -16.3716], [-68.5743, -16.3489], [-68.6538, -16.3442], [-68.6877, -16.3723], [-68.7284, -16.4219], [-68.6991, -16.519], [-68.6129, -16.5171], [-68.5467, -16.4784], [-68.5078, -16.5151], [-68.4342, -16.4674], [-68.3731, -16.4913], [-68.3167, -16.4596], [-68.3005, -16.5102], [-68.2434, -16.3927], [-68.1537, -16.2626]]]}","{""idep"": ""02"", ""nombre_dep"": ""La Paz"", ""iprov"": ""12"", ""nombre_prov"": ""Los Andes"", ""imun"": ""01"", ""nombre_mun"": ""Pucarani"", ""capital"": ""Pucarani"", ""superficie_km2"": 1247.7, ""code"": ""021201""}"
Feature,"{""type"": ""Polygon"", ""coordinates"": [[[-68.3005, -16.5102], [-68.3167, -16.4596], [-68.3731, -16.4913], [-68.4342, -16.4674], [-68.5078, -16.5151], [-68.5467, -16.4784], [-68.6129, -16.5171], [-68.5884, -16.5494], [-68.5987, -16.6542], [-68.4837, -16.77], [-68.4375, -16.686], [-68.384, -16.6226], [-68.2575, -16.5591], [-68.3005, -16.5102]]]}","{""idep"": ""02"", ""nombre_dep"": ""La Paz"", ""iprov"": ""12"", ""nombre_prov"": ""Los Andes"", ""imun"": ""02"", ""nombre_mun"": ""Laja"", ""capital"": ""Laja"", ""superficie_km2"": 685.4, ""code"": ""021202""}"
Feature,"{""type"": ""Polygon"", ""coordinates"": [[[-68.2369, -16.1111], [-68.2515, -16.0841], [-68.3606, -16.0266], [-68.4203, -16.0082], [-68.4963, -16.0141], [-68.501, -16.0667], [-68.5466, -16.082], [-68.5229, -16.1157], [-68.5308, -16.1977], [-68.5737, -16.2562], [-68.5671, -16.2677], [-68.5743, -16.3489], [-68.4519, -16.3716], [-68.4151, -16.3372], [-68.4539, -16.295], [-68.3555, -16.2168], [-68.3361, -16.1687], [-68.2647, -16.1439], [-68.2369, -16.1111]]]}","{""idep"": ""02"", ""nombre_dep"": ""La Paz"", ""iprov"": ""12"", ""nombre_prov"": ""Los Andes"", ""imun"": ""03"", ""nombre_mun"": ""Batallas"", ""capital"": ""Batallas"", ""superficie_km2"": 785.9, ""code"": ""021203""}"
Feature,"{""type"": ""Polygon"", ""coordinates"": [[[-68.5743, -16.3489], [-68.5671, -16.2677], [-68.6148, -16.3366], [-68.6911, -16.3251], [-68.6877, -16.3723], [-68.6538, -16.3442], [-68.5743, -16.3489]]]}","{""idep"": ""02"", ""nombre_dep"": ""La Paz"", ""iprov"": ""12"", ""nombre_prov"": ""Los Andes"", ""imun"": ""04"", ""nombre_mun"": ""Puerto Pérez"", ""capital"": ""Puerto Pérez"", ""superficie_km2"": 65.1, ""code"": ""021204""}"
Feature,"{""type"": ""Polygon"", ""coordinates"": [[[-67.5146, -17.1713], [-67.5715, -17.1842], [-67.6269, -17.1152], [-67.6595, -17.1881], [-67.765, -17.1854], [-67.8499, -17.3303], [-67.9123, -17.3245], [-67.7961, -17.4629], [-67.801, -17.5132], [-67.7678, -17.5518], [-67.616, -17.5473], [-67.5489, -17.5864], [-67.5034, -17.5173], [-67.4723, -17.5079], [-67.4297, -17.5605], [-67.3938, -17.5606], [-67.3745, -17.4618], [-67.3906, -17.4009], [-67.4824, -17.2806], [-67.4533, -17.2357], [-67.5146, -17.1713]]]}","{""idep"": ""02"", ""nombre_dep"": ""La Paz"", ""iprov"": ""13"", ""nombre_prov"": ""Aroma"", ""imun"": ""01"", ""nombre_mun"": ""Sicasica"", ""capital"": ""Villa Aroma"", ""superficie_km2"": 1725.6, ""code"": ""021301""}"
Feature,"{""type"": ""Polygon"", ""coordinates"": [[[-68.1018, -17.269], [-68.179, -17.2691], [-68.2171, -17.2474], [-68.1662, -17.4137], [-68.0956, -17.4869], [-68.0157, -17.4732], [-67.9783, -17.5055], [-67.8757, -17.555], [-67.7972, -17.5501], [-67.7678, -17.5518], [-67.801, -17.5132], [-67.7961, -17.4629], [-67.9123, -17.3245], [-67.9912, -17.2749], [-68.1018, -17.269]]]}","{""idep"": ""02"", ""nombre_dep"": ""La Paz"", ""iprov"": ""13"", ""nombre_prov"": ""Aroma"", ""imun"": ""02"", ""nombre_mun"": ""Umala"", ""capital"": ""Umala"", ""superficie_km2"": 864.4, ""code"": ""021302""}"
Feature,"{""type"": ""Polygon"", ""coordinates"": [[[-67.8727, -17.0754], [-67.8368, -17.0347], [-67.9031, -17.0161], [-68.0105, -16.9322], [-68.0275, -16.9746], [-68.1386, -17.0307], [-68.1848, -17.0592], [-68.1645, -17.1154], [-68.1186, -17.1288], [-68.1154, -17.1766], [-68.0089, -17.2021], [-67.9529, -17.1815], [-67.9701, -17.1197], [-67.8727, -17.0754]]]}","{""idep"": ""02"", ""nombre_dep"": ""La Paz"", ""iprov"": ""13"", ""nombre_prov"": ""Aroma"", ""imun"": ""03"", ""nombre_mun"": ""Ayo Ayo"", ""capital"": ""Ayo Ayo"", ""superficie_km2"": 554.5, ""code"": ""021303""}"
Feature,"{""type"": ""Polygon"", ""coordinates"": [[[-67.9971, -16.8442], [-68.0865, -16.7546], [-68.1526, -16.7589], [-68.2195, -16.8187], [-68.1932, -16.8394], [-68.2036, -16.9501], [-68.1829, -17.0064], [-68.1386, -17.0307], [-68.0275, -16.9746], [-68.0105, -16.9322], [-68.0384, -16.8832], [-67.9971, -16.8442]]]}","{""idep"": ""02"", ""nombre_dep"": ""La Paz"", ""iprov"": ""13"", ""nombre_prov"": ""Aroma"", ""imun"": ""04"", ""nombre_mun"": ""Calamarca"", ""capital"": ""Calamarca"", ""superficie_km2"": 477, ""code"": ""021304""}"
Feature,"{""type"": ""Polygon"", ""coordinates"": [[[-67.7927, -17.1572], [-67.8727, -17.0754], [-67.9701, -17.1197], [-67.9529, -17.1815], [-68.0089, -17.2021], [-68.1154, -17.1766], [-68.1018, -17.269], [-67.9912, -17.2749], [-67.9123, -17.3245], [-67.8499, -17.3303], [-67.765, -17.1854], [-67.7927, -17.1572]]]}","{""idep"": ""02"", ""nombre_dep"": ""La Paz"", ""iprov"": ""13"", ""nombre_prov"": ""Aroma"", ""imun"": ""05"", ""nombre_mun"": ""Patacamaya"", ""capital"": ""Patacamaya"", ""superficie_km2"": 552.7, ""code"": ""021305""}"
Feature,"{""type"": ""Polygon"", ""coordinates"": [[[-68.1386, -17.0307], [-68.1829, -17.0064], [-68.2036, -16.9501], [-68.1932, -16.8394], [-68.2363, -16.8609], [-68.2784, -16.924], [-68.3598, -16.9735], [-68.3449, -17.0548], [-68.2986, -17.1101], [-68.2687, -17.0956], [-68.1848, -17.0592], [-68.1386, -17.0307]]]}","{""idep"": ""02"", ""nombre_dep"": ""La Paz"", ""iprov"": ""13"", ""nombre_prov"": ""Aroma"", ""imun"": ""06"", ""nombre_mun"": ""Colquencha"", ""capital"": ""Colquencha"", ""superficie_km2"": 338.7, ""code"": ""021306""}"
Feature,"{""type"": ""Polygon"", ""coordinates"": [[[-68.1932, -16.8394], [-68.2195, -16.8187], [-68.2912, -16.8803], [-68.3736, -16.9179], [-68.3598, -16.9735], [-68.2784, -16.924], [-68.2363, -16.8609], [-68.1932, -16.8394]]]}","{""idep"": ""02"", ""nombre_dep"": ""La Paz"", ""iprov"": ""13"", ""nombre_prov"": ""Aroma"", ""imun"": ""07"", ""nombre_mun"": ""Collana"", ""capital"": ""Collana"", ""superficie_km2"": 105.5, ""code"": ""021307""}"
Feature,"{""type"": ""Polygon"", ""coordinates"": [[[-67.6736, -16.0066], [-67.7788, -15.9994], [-67.8333, -16.017], [-67.8617, -16.084], [-67.9253, -16.0956], [-67.9589, -16.132], [-67.943, -16.2272], [-67.954, -16.3312], [-67.84, -16.2988], [-67.813, -16.3505], [-67.7803, -16.3177], [-67.7059, -16.2982], [-67.5661, -16.1286], [-67.549, -16.0457], [-67.6194, -16.0601], [-67.6736, -16.0066]]]}","{""idep"": ""02"", ""nombre_dep"": ""La Paz"", ""iprov"": ""14"", ""nombre_prov"": ""Nor Yungas"", ""imun"": ""01"", ""nombre_mun"": ""Coroico"", ""capital"": ""Coroico"", ""superficie_km2"": 1083.6, ""code"": ""021401""}"
Feature,"{""type"": ""Polygon"", ""coordinates"": [[[-67.5503, -16.2768], [-67.438, -16.1419], [-67.3679, -16.0821], [-67.3405, -16.0105], [-67.549, -16.0457], [-67.5661, -16.1286], [-67.7059, -16.2982], [-67.7803, -16.3177], [-67.813, -16.3505], [-67.769, -16.3562], [-67.7159, -16.3983], [-67.6129, -16.3872], [-67.5503, -16.2768]]]}","{""idep"": ""02"", ""nombre_dep"": ""La Paz"", ""iprov"": ""14"", ""nombre_prov"": ""Nor Yungas"", ""imun"": ""02"", ""nombre_mun"": ""Coripata"", ""capital"": ""Coripata"", ""superficie_km2"": 687.5, ""code"": ""021402""}"
Feature,"{""type"": ""Polygon"", ""coordinates"": [[[-67.0003, -12.4699], [-67.9963, -11.8497], [-67.9776, -11.9359], [-68.0983, -12.0348], [-68.2334, -12.0108], [-68.2253, -12.1383], [-68.2443, -12.1874], [-68.3015, -12.2281], [-68.3687, -12.226], [-68.4117, -12.2641], [-68.4046, -12.3636], [-68.4609, -12.4203], [-68.5712, -12.3897], [-68.5626, -12.4591], [-68.6522, -12.4977], [-68.7417, -12.6341], [-68.7132, -12.6824], [-68.793, -12.7605], [-68.8646, -12.8674], [-68.8729, -13.0039], [-68.855, -13.0643], [-68.8727, -13.1346], [-68.8522, -13.2107], [-68.8623, -13.3064], [-68.9171, -13.5162], [-68.9485, -13.5719], [-69.0635, -13.6585], [-69.0261, -13.739], [-68.9786, -13.7574], [-68.995, -13.8448], [-68.9637, -13.9509], [-68.8999, -13.9752], [-68.4205, -14.1837], [-68.3522, -14.1181], [-68.2871, -14.0974], [-68.2379, -14.108], [-68.1583, -14.1759], [-68.0739, -14.2223], [-68.0574, -14.1255], [-67.955, -14.0625], [-67.904, -14.0447], [-67.8776, -14.0033], [-67.8078, -13.9492], [-67.6352, -14.0263], [-67.5361, -13.9726], [-67.4861, -13.9198], [-67.4739, -13.8644], [-67.5221, -13.7793], [-67.4902, -13.769], [-67.419, -13.6995], [-67.4322, -13.6561], [-67.3633, -13.609], [-67.3579, -13.5653], [-67.3959, -13.4377], [-67.3485, -13.3405], [-67.2664, -13.2928], [-67.2667, -13.2096], [-67.2207, -13.1662], [-67.1662, -13.1674], [-67.1591, -13.1029], [-67.0434, -13.0131], [-66.9739, -12.8186], [-66.9806, -12.7406], [-66.9468, -12.5994], [-66.973, -12.5716], [-66.9205, -12.5284], [-66.9673, -12.4903], [-67.0003, -12.4699]]]}","{""idep"": ""02"", ""nombre_dep"": ""La Paz"", ""iprov"": ""15"", ""nombre_prov"": ""Abel Iturralde"", ""imun"": ""01"", ""nombre_mun"": ""Ixiamas"", ""capital"": ""Ixiamas"", ""superficie_km2"": 36968.2, ""code"": ""021501""}"
Feature,"{""type"": ""Polygon"", ""coordinates"": [[[-67.5361, -13.9726], [-67.6352, -14.0263], [-67.8078, -13.9492], [-67.8776, -14.0033], [-67.904, -14.0447], [-67.955, -14.0625], [-68.0574, -14.1255], [-68.0739, -14.2223], [-68.0094, -14.3151], [-67.9155, -14.3797], [-67.9034, -14.4323], [-67.8381, -14.4925], [-67.7455, -14.5463], [-67.6642, -14.5749], [-67.5376, -14.5931], [-67.4967, -14.5223], [-67.5345, -14.4477], [-67.5546, -14.3668], [-67.5403, -14.3433], [-67.5103, -14.2907], [-67.5126, -14.2196], [-67.5346, -14.1659], [-67.4984, -14.0601], [-67.5361, -13.9726]]]}","{""idep"": ""02"", ""nombre_dep"": ""La Paz"", ""iprov"": ""15"", ""nombre_prov"": ""Abel Iturralde"", ""imun"": ""02"", ""nombre_mun"": ""San Buenaventura"", ""capital"": ""San Buenaventura"", ""superficie_km2"": 2949.5, ""code"": ""021502""}"
Feature,"{""type"": ""Polygon"", ""coordinates"": [[[-68.3371, -15.155], [-68.3656, -15.1135], [-68.422, -15.0884], [-68.512, -15.0011], [-68.5129, -14.9742], [-68.6382, -14.854], [-68.6994, -14.8072], [-68.775, -14.796], [-68.816, -14.9063], [-68.8524, -14.9344], [-68.9217, -15.0413], [-68.9418, -15.1028], [-68.9953, -15.1418], [-69.0657, -15.1312], [-69.0821, -15.0867], [-69.1764, -15.1067], [-69.212, -15.1441], [-69.1333, -15.2224], [-69.1199, -15.2594], [-69.0888, -15.3017], [-69.0328, -15.3228], [-68.9699, -15.3143], [-68.9142, -15.3579], [-68.8635, -15.3326], [-68.8404, -15.2639], [-68.7047, -15.2073], [-68.6727, -15.2197], [-68.4778, -15.1527], [-68.4479, -15.1943], [-68.4067, -15.2318], [-68.3904, -15.1873], [-68.3371, -15.155]]]}","{""idep"": ""02"", ""nombre_dep"": ""La Paz"", ""iprov"": ""16"", ""nombre_prov"": ""Bautista Saavedra"", ""imun"": ""01"", ""nombre_mun"": ""Charazani"", ""capital"": ""Villa General Juan José Pérez"", ""superficie_km2"": 2458.8, ""code"": ""021601""}"
Feature,"{""type"": ""Polygon"", ""coordinates"": [[[-68.775, -14.796], [-68.822, -14.7743], [-68.8993, -14.8247], [-68.9042, -14.8639], [-69.0054, -15.0104], [-69.1403, -15.0129], [-69.1715, -15.0413], [-69.1764, -15.1067], [-69.0821, -15.0867], [-69.0657, -15.1312], [-68.9953, -15.1418], [-68.9418, -15.1028], [-68.9217, -15.0413], [-68.8524, -14.9344], [-68.816, -14.9063], [-68.775, -14.796]]]}","{""idep"": ""02"", ""nombre_dep"": ""La Paz"", ""iprov"": ""16"", ""nombre_prov"": ""Bautista Saavedra"", ""imun"": ""02"", ""nombre_mun"": ""Curva"", ""capital"": ""Curva"", ""superficie_km2"": 580.9, ""code"": ""021602""}"
Feature,"{""type"": ""Polygon"", ""coordinates"": [[[-68.9759, -16.1925], [-68.9687, -16.1549], [-69.0122, -16.1127], [-69.077, -16.0892], [-69.0751, -16.1495], [-69.102, -16.1797], [-69.0276, -16.2098], [-68.9759, -16.1925]]]}","{""idep"": ""02"", ""nombre_dep"": ""La Paz"", ""iprov"": ""17"", ""nombre_prov"": ""Manco Kapac"", ""imun"": ""01"", ""nombre_mun"": ""Copacabana"", ""capital"": ""Copacabana"", ""superficie_km2"": 176.3, ""code"": ""021701""}"
Feature,"{""type"": ""Polygon"", ""coordinates"": [[[-68.9335, -16.1977], [-68.8891, -16.2339], [-68.8838, -16.265], [-68.8356, -16.2624], [-68.8306, -16.237], [-68.9249, -16.1864], [-68.9335, -16.1977]]]}","{""idep"": ""02"", ""nombre_dep"": ""La Paz"", ""iprov"": ""17"", ""nombre_prov"": ""Manco Kapac"", ""imun"": ""02"", ""nombre_mun"": ""San Pedro de Tiquina"", ""capital"": ""San Pedro de Tiquina"", ""superficie_km2"": 61.8, ""code"": ""021702""}"
Feature,"{""type"": ""Polygon"", ""coordinates"": [[[-68.9249, -16.1864], [-68.9687, -16.1549], [-68.9759, -16.1925], [-68.9335, -16.1977], [-68.9249, -16.1864]]]}","{""idep"": ""02"", ""nombre_dep"": ""La Paz"", ""iprov"": ""17"", ""nombre_prov"": ""Manco Kapac"", ""imun"": ""03"", ""nombre_mun"": ""Tito Yupanqui"", ""capital"": ""Tito Yupanqui"", ""superficie_km2"": 12.8, ""code"": ""021703""}"
Feature,"{""type"": ""Polygon"", ""coordinates"": [[[-67.7972, -17.5501], [-67.8757, -17.555], [-67.9783, -17.5055], [-68.0157, -17.4732], [-68.0924, -17.5498], [-68.1002, -17.5859], [-68.1905, -17.6546], [-68.0853, -17.7152], [-68.0003, -17.7411], [-67.8835, -17.8052], [-67.8286, -17.7149], [-67.8381, -17.6412], [-67.7608, -17.6014], [-67.7972, -17.5501]]]}","{""idep"": ""02"", ""nombre_dep"": ""La Paz"", ""iprov"": ""18"", ""nombre_prov"": ""Gualberto Villarroel"", ""imun"": ""01"", ""nombre_mun"": ""San Pedro de Curahuara"", ""capital"": ""San Pedro de Curahuara"", ""superficie_km2"": 784.8, ""code"": ""021801""}"
Feature,"{""type"": ""Polygon"", ""coordinates"": [[[-67.5489, -17.5864], [-67.616, -17.5473], [-67.7678, -17.5518], [-67.7972, -17.5501], [-67.7608, -17.6014], [-67.8381, -17.6412], [-67.8286, -17.7149], [-67.8835, -17.8052], [-67.7905, -17.8806], [-67.7315, -17.8593], [-67.677, -17.7639], [-67.5858, -17.7682], [-67.5863, -17.7119], [-67.5161, -17.6717], [-67.5489, -17.5864]]]}","{""idep"": ""02"", ""nombre_dep"": ""La Paz"", ""iprov"": ""18"", ""nombre_prov"": ""Gualberto Villarroel"", ""imun"": ""02"", ""nombre_mun"": ""Papel Pampa"", ""capital"": ""Papel Pampa"", ""superficie_km2"": 854.4, ""code"": ""021802""}"
Feature,"{""type"": ""Polygon"", ""coordinates"": [[[-68.0157, -17.4732], [-68.0956, -17.4869], [-68.1662, -17.4137], [-68.193, -17.4786], [-68.246, -17.5125], [-68.2894, -17.6152], [-68.2088, -17.6692], [-68.1905, -17.6546], [-68.1002, -17.5859], [-68.0924, -17.5498], [-68.0157, -17.4732]]]}","{""idep"": ""02"", ""nombre_dep"": ""La Paz"", ""iprov"": ""18"", ""nombre_prov"": ""Gualberto Villarroel"", ""imun"": ""03"", ""nombre_mun"": ""Chacarilla"", ""capital"": ""Chacarilla"", ""superficie_km2"": 360.7, ""code"": ""021803""}"
Feature,"{""type"": ""Polygon"", ""coordinates"": [[[-69.3203, -16.9609], [-69.3946, -17.0222], [-69.374, -17.0724], [-69.4325, -17.1103], [-69.3618, -17.1589], [-69.4226, -17.235], [-69.4285, -17.2721], [-69.3699, -17.3358], [-69.3724, -17.3618], [-69.4381, -17.4173], [-69.4679, -17.4153], [-69.4687, -17.492], [-69.3943, -17.4491], [-69.334, -17.4546], [-69.3158, -17.3946], [-69.2491, -17.368], [-69.1794, -17.3033], [-69.1881, -17.2368], [-69.0169, -17.1117], [-69.0576, -17.0797], [-69.1707, -17.0117], [-69.3203, -16.9609]]]}","{""idep"": ""02"", ""nombre_dep"": ""La Paz"", ""iprov"": ""19"", ""nombre_prov"": ""General José Manuel Pando"", ""imun"": ""01"", ""nombre_mun"": ""Santiago de Machaca"", ""capital"": ""Santiago de Machaca"", ""superficie_km2"": 1293.4, ""code"": ""021901""}"
Feature,"{""type"": ""Polygon"", ""coordinates"": [[[-69.4325, -17.1103], [-69.4511, -17.094], [-69.558, -17.1656], [-69.6168, -17.2617], [-69.4692, -17.3735], [-69.4679, -17.4153], [-69.4381, -17.4173], [-69.3724, -17.3618], [-69.3699, -17.3358], [-69.4285, -17.2721], [-69.4226, -17.235], [-69.3618, -17.1589], [-69.4325, -17.1103]]]}","{""idep"": ""02"", ""nombre_dep"": ""La Paz"", ""iprov"": ""19"", ""nombre_prov"": ""General José Manuel Pando"", ""imun"": ""02"", ""nombre_mun"": ""Catacora"", ""capital"": ""Catacora"", ""superficie_km2"": 520.4, ""code"": ""021902""}"
Feature,"{""type"": ""Polygon"", ""coordinates"": [[[-67.2469, -15.8238], [-67.2834, -15.805], [-67.263, -15.7536], [-67.3446, -15.7385], [-67.5507, -15.6313], [-67.6047, -15.561], [-67.6417, -15.6079], [-67.6134, -15.6324], [-67.6775, -15.7447], [-67.6828, -15.7496], [-67.6537, -15.7856], [-67.6599, -15.8576], [-67.6279, -15.9162], [-67.6736, -16.0066], [-67.6194, -16.0601], [-67.549, -16.0457], [-67.3405, -16.0105], [-67.2469, -15.8238]]]}","{""idep"": ""02"", ""nombre_dep"": ""La Paz"", ""iprov"": ""20"", ""nombre_prov"": ""Caranavi"", ""imun"": ""01"", ""nombre_mun"": ""Caranavi"", ""capital"": ""Caranavi"", ""superficie_km2"": 1542.2, ""code"": ""022001""}"
Feature,"{""type"": ""Polygon"", ""coordinates"": [[[-67.4972, -15.3484], [-67.5289, -15.331], [-67.5734, -15.3728], [-67.5743, -15.4592], [-67.6077, -15.5161], [-67.6047, -15.561], [-67.5507, -15.6313], [-67.3446, -15.7385], [-67.263, -15.7536], [-67.2834, -15.805], [-67.2469, -15.8238], [-67.1653, -15.754], [-67.1342, -15.6898], [-67.1454, -15.6485], [-67.2245, -15.6044], [-67.3863, -15.5519], [-67.5237, -15.3918], [-67.4972, -15.3484]]]}","{""idep"": ""02"", ""nombre_dep"": ""La Paz"", ""iprov"": ""20"", ""nombre_prov"": ""Caranavi"", ""imun"": ""02"", ""nombre_mun"": ""Alto Beni"", ""capital"": ""Alto Beni"", ""superficie_km2"": 1037.7, ""code"": ""022002""}"
Feature,"{""type"": ""Polygon"", ""coordinates"": [[[-66.0701, -17.4689], [-66.1318, -17.3843], [-66.1164, -17.3264], [-66.1562, -17.2781], [-66.207, -17.3704], [-66.2429, -17.4255], [-66.2784, -17.4634], [-66.2737, -17.4726], [-66.2402, -17.5045], [-66.1623, -17.5258], [-66.1282, -17.5122], [-66.0701, -17.4689]]]}","{""idep"": ""03"", ""nombre_dep"": ""Cochabamba"", ""iprov"": ""01"", ""nombre_prov"": ""Cercado"", ""imun"": ""01"", ""nombre_mun"": ""Cochabamba"", ""capital"": ""Cochabamba"", ""superficie_km2"": 285.4, ""code"": ""030101""}"
Feature,"{""type"": ""Polygon"", ""coordinates"": [[[-65.196, -17.9363], [-65.2164, -17.9238], [-65.2195, -17.9248], [-65.2605, -18.0182], [-65.2222, -18.0803], [-65.2995, -18.1365], [-65.2995, -18.1388], [-65.2799, -18.1859], [-65.3371, -18.2731], [-65.3098, -18.3353], [-65.3536, -18.406], [-65.3457, -18.4179], [-65.3098, -18.443], [-65.28, -18.5083], [-65.2458, -18.506], [-65.2292, -18.613], [-65.1616, -18.6102], [-65.0569, -18.676], [-65.0462, -18.6117], [-64.9329, -18.5188], [-64.8764, -18.4892], [-64.8159, -18.4893], [-64.8293, -18.4152], [-64.8678, -18.3837], [-64.8425, -18.2862], [-64.8694, -18.2878], [-64.9021, -18.2118], [-64.9603, -18.1402], [-65.0348, -18.1265], [-65.0285, -18.035], [-65.1339, -17.996], [-65.196, -17.9363]]]}","{""idep"": ""03"", ""nombre_dep"": ""Cochabamba"", ""iprov"": ""02"", ""nombre_prov"": ""Campero"", ""imun"": ""01"", ""nombre_mun"": ""Aiquile"", ""capital"": ""Aiquile"", ""superficie_km2"": 2662.3, ""code"": ""030201""}"
Feature,"{""type"": ""Polygon"", ""coordinates"": [[[-64.6998, -18.0897], [-64.7427, -18.085], [-64.8163, -18.1165], [-64.7935, -18.2329], [-64.8425, -18.2862], [-64.8678, -18.3837], [-64.8293, -18.4152], [-64.8159, -18.4893], [-64.7795, -18.527], [-64.6855, -18.5389], [-64.6475, -18.6019], [-64.5579, -18.6745], [-64.5033, -18.6704], [-64.4339, -18.633], [-64.3607, -18.6211], [-64.3292, -18.6655], [-64.2888, -18.6109], [-64.2848, -18.554], [-64.3028, -18.5005], [-64.4105, -18.4427], [-64.4329, -18.4038], [-64.4337, -18.3363], [-64.465, -18.3214], [-64.4942, -18.2345], [-64.523, -18.1694], [-64.6112, -18.0962], [-64.6998, -18.0897]]]}","{""idep"": ""03"", ""nombre_dep"": ""Cochabamba"", ""iprov"": ""02"", ""nombre_prov"": ""Campero"", ""imun"": ""02"", ""nombre_mun"": ""Pasorapa"", ""capital"": ""Pasorapa"", ""superficie_km2"": 2364.8, ""code"": ""030202""}"
Feature,"{""type"": ""Polygon"", ""coordinates"": [[[-64.7663, -17.9849], [-64.8862, -17.9826], [-64.9323, -17.8951], [-64.9759, -17.8734], [-65.0207, -17.9324], [-65.0058, -17.9773], [-65.0285, -18.035], [-65.0348, -18.1265], [-64.9603, -18.1402], [-64.9021, -18.2118], [-64.8694, -18.2878], [-64.8425, -18.2862], [-64.7935, -18.2329], [-64.8163, -18.1165], [-64.7427, -18.085], [-64.6998, -18.0897], [-64.7663, -17.9849]]]}","{""idep"": ""03"", ""nombre_dep"": ""Cochabamba"", ""iprov"": ""02"", ""nombre_prov"": ""Campero"", ""imun"": ""03"", ""nombre_mun"": ""Omereque"", ""capital"": ""Omereque"", ""superficie_km2"": 761.9, ""code"": ""030203""}"
Feature,"{""type"": ""Polygon"", ""coordinates"": [[[-66.7177, -17.0396], [-66.7721, -16.9611], [-66.8226, -16.8576], [-66.8159, -16.8297], [-66.9221, -16.8352], [-67.0056, -16.9521], [-66.9797, -17.0482], [-66.8839, -17.1566], [-66.878, -17.2979], [-66.8426, -17.3175], [-66.8464, -17.3843], [-66.7946, -17.4306], [-66.7331, -17.4485], [-66.6813, -17.4057], [-66.6249, -17.4273], [-66.5655, -17.3674], [-66.6819, -17.2438], [-66.732, -17.2096], [-66.6765, -17.1693], [-66.6765, -17.1309], [-66.7177, -17.0396]]]}","{""idep"": ""03"", ""nombre_dep"": ""Cochabamba"", ""iprov"": ""03"", ""nombre_prov"": ""Ayopaya"", ""imun"": ""01"", ""nombre_mun"": ""Ayopaya"", ""capital"": ""Villa de Independencia"", ""superficie_km2"": 1487.9, ""code"": ""030301""}"
Feature,"{""type"": ""Polygon"", ""coordinates"": [[[-66.4323, -17.0949], [-66.4943, -17.125], [-66.5174, -17.0913], [-66.645, -17.051], [-66.7177, -17.0396], [-66.6765, -17.1309], [-66.6765, -17.1693], [-66.732, -17.2096], [-66.6819, -17.2438], [-66.5655, -17.3674], [-66.5388, -17.3873], [-66.5009, -17.3603], [-66.4592, -17.2838], [-66.4123, -17.2572], [-66.4589, -17.1816], [-66.4323, -17.0949]]]}","{""idep"": ""03"", ""nombre_dep"": ""Cochabamba"", ""iprov"": ""03"", ""nombre_prov"": ""Ayopaya"", ""imun"": ""02"", ""nombre_mun"": ""Morochata"", ""capital"": ""Morochata"", ""superficie_km2"": 732.2, ""code"": ""030302""}"
Feature,"{""type"": ""Polygon"", ""coordinates"": [[[-66.7954, -15.7851], [-66.8558, -15.7842], [-66.9082, -15.8472], [-66.8688, -15.9354], [-66.9205, -15.9976], [-66.9205, -16.0914], [-66.8438, -16.1964], [-66.8533, -16.2451], [-66.801, -16.2943], [-66.7888, -16.4845], [-66.7321, -16.5901], [-66.758, -16.7022], [-66.7412, -16.7552], [-66.8159, -16.8297], [-66.8226, -16.8576], [-66.7721, -16.9611], [-66.7177, -17.0396], [-66.645, -17.051], [-66.5174, -17.0913], [-66.4943, -17.125], [-66.4323, -17.0949], [-66.3799, -17.0462], [-66.3418, -17.0766], [-66.3036, -17.045], [-66.2946, -16.9856], [-66.2281, -16.9426], [-66.2368, -16.896], [-66.3115, -16.8327], [-66.271, -16.7605], [-66.1859, -16.7748], [-66.1688, -16.7468], [-66.1883, -16.6047], [-66.1418, -16.5587], [-66.1803, -16.5179], [-66.3232, -16.4069], [-66.3079, -16.2875], [-66.3393, -16.1172], [-66.4769, -16.0044], [-66.6156, -15.9517], [-66.6388, -15.916], [-66.7071, -15.8939], [-66.8075, -15.828], [-66.7948, -15.786], [-66.7954, -15.7851]]]}","{""idep"": ""03"", ""nombre_dep"": ""Cochabamba"", ""iprov"": ""03"", ""nombre_prov"": ""Ayopaya"", ""imun"": ""03"", ""nombre_mun"": ""Cocapata"", ""capital"": ""Cocapata"", ""superficie_km2"": 7067, ""code"": ""030303""}"
Feature,"{""type"": ""Polygon"", ""coordinates"": [[[-65.958, -17.6077], [-66.0772, -17.5947], [-66.1301, -17.6146], [-66.1572, -17.6728], [-66.122, -17.7933], [-66.097, -17.8072], [-66.0654, -17.825], [-66.0273, -17.7708], [-66.0218, -17.6999], [-65.9491, -17.6744], [-65.9745, -17.6278], [-65.958, -17.6077]]]}","{""idep"": ""03"", ""nombre_dep"": ""Cochabamba"", ""iprov"": ""04"", ""nombre_prov"": ""Esteban Arze"", ""imun"": ""01"", ""nombre_mun"": ""Tarata"", ""capital"": ""Tarata"", ""superficie_km2"": 336.3, ""code"": ""030401""}"
Feature,"{""type"": ""Polygon"", ""coordinates"": [[[-65.8939, -17.6844], [-65.9491, -17.6744], [-66.0218, -17.6999], [-66.0273, -17.7708], [-66.0654, -17.825], [-65.9914, -17.923], [-65.9229, -17.994], [-65.8452, -17.9742], [-65.8, -18.0097], [-65.7732, -17.9618], [-65.813, -17.931], [-65.7891, -17.8596], [-65.802, -17.8242], [-65.8805, -17.7579], [-65.8681, -17.7155], [-65.8939, -17.6844]]]}","{""idep"": ""03"", ""nombre_dep"": ""Cochabamba"", ""iprov"": ""04"", ""nombre_prov"": ""Esteban Arze"", ""imun"": ""02"", ""nombre_mun"": ""Anzaldo"", ""capital"": ""Villa de Anzaldo"", ""superficie_km2"": 665, ""code"": ""030402""}"
Feature,"{""type"": ""Polygon"", ""coordinates"": [[[-66.0424, -17.5002], [-66.0701, -17.4689], [-66.1282, -17.5122], [-66.1301, -17.6146], [-66.0772, -17.5947], [-65.958, -17.6077], [-65.9872, -17.5651], [-66.0628, -17.558], [-66.0424, -17.5002]]]}","{""idep"": ""03"", ""nombre_dep"": ""Cochabamba"", ""iprov"": ""04"", ""nombre_prov"": ""Esteban Arze"", ""imun"": ""03"", ""nombre_mun"": ""Arbieto"", ""capital"": ""Arbieto"", ""superficie_km2"": 146.7, ""code"": ""030403""}"
Feature,"{""type"": ""Polygon"", ""coordinates"": [[[-65.7164, -17.7353], [-65.7742, -17.734], [-65.8226, -17.6917], [-65.8681, -17.7155], [-65.8805, -17.7579], [-65.802, -17.8242], [-65.7891, -17.8596], [-65.7094, -17.8392], [-65.7164, -17.7353]]]}","{""idep"": ""03"", ""nombre_dep"": ""Cochabamba"", ""iprov"": ""04"", ""nombre_prov"": ""Esteban Arze"", ""imun"": ""04"", ""nombre_mun"": ""Sacabamba"", ""capital"": ""Sacabamba"", ""superficie_km2"": 194.9, ""code"": ""030404""}"
Feature,"{""type"": ""Polygon"", ""coordinates"": [[[-65.6964, -17.52], [-65.763, -17.5179], [-65.8041, -17.5476], [-65.813, -17.5968], [-65.7934, -17.6109], [-65.7448, -17.6455], [-65.7342, -17.6732], [-65.6614, -17.6517], [-65.6726, -17.5387], [-65.6964, -17.52]]]}","{""idep"": ""03"", ""nombre_dep"": ""Cochabamba"", ""iprov"": ""05"", ""nombre_prov"": ""Arani"", ""imun"": ""01"", ""nombre_mun"": ""Arani"", ""capital"": ""Arani"", ""superficie_km2"": 204.5, ""code"": ""030501""}"
Feature,"{""type"": ""Polygon"", ""coordinates"": [[[-65.4991, -17.501], [-65.6443, -17.4989], [-65.6964, -17.52], [-65.6726, -17.5387], [-65.6614, -17.6517], [-65.5521, -17.7084], [-65.5119, -17.6935], [-65.4901, -17.643], [-65.5447, -17.5595], [-65.4991, -17.501]]]}","{""idep"": ""03"", ""nombre_dep"": ""Cochabamba"", ""iprov"": ""05"", ""nombre_prov"": ""Arani"", ""imun"": ""02"", ""nombre_mun"": ""Vacas"", ""capital"": ""Vacas"", ""superficie_km2"": 346.3, ""code"": ""030502""}"
Feature,"{""type"": ""Polygon"", ""coordinates"": [[[-66.3998, -17.679], [-66.4574, -17.6582], [-66.5864, -17.733], [-66.5505, -17.7763], [-66.5057, -17.7849], [-66.4501, -17.8554], [-66.4632, -17.9102], [-66.4314, -17.9734], [-66.372, -17.9566], [-66.2723, -17.9559], [-66.2517, -17.9343], [-66.2952, -17.8667], [-66.3308, -17.8716], [-66.3885, -17.7898], [-66.3907, -17.6986], [-66.3998, -17.679]]]}","{""idep"": ""03"", ""nombre_dep"": ""Cochabamba"", ""iprov"": ""06"", ""nombre_prov"": ""Arque"", ""imun"": ""01"", ""nombre_mun"": ""Arque"", ""capital"": ""Villa de Arque"", ""superficie_km2"": 515.5, ""code"": ""030601""}"
Feature,"{""type"": ""Polygon"", ""coordinates"": [[[-66.5864, -17.733], [-66.6698, -17.7388], [-66.7079, -17.6916], [-66.7556, -17.7082], [-66.772, -17.7818], [-66.7227, -17.8476], [-66.7151, -17.9001], [-66.7428, -17.9454], [-66.7143, -17.9516], [-66.5597, -17.8969], [-66.4965, -17.9294], [-66.4632, -17.9102], [-66.4501, -17.8554], [-66.5057, -17.7849], [-66.5505, -17.7763], [-66.5864, -17.733]]]}","{""idep"": ""03"", ""nombre_dep"": ""Cochabamba"", ""iprov"": ""06"", ""nombre_prov"": ""Arque"", ""imun"": ""02"", ""nombre_mun"": ""Tacopaya"", ""capital"": ""Tacopaya"", ""superficie_km2"": 583.2, ""code"": ""030602""}"
Feature,"{""type"": ""Polygon"", ""coordinates"": [[[-66.1572, -17.6728], [-66.2149, -17.6853], [-66.2879, -17.6006], [-66.346, -17.6518], [-66.3346, -17.735], [-66.287, -17.8055], [-66.2952, -17.8667], [-66.2517, -17.9343], [-66.226, -17.9526], [-66.1165, -17.8583], [-66.097, -17.8072], [-66.122, -17.7933], [-66.1572, -17.6728]]]}","{""idep"": ""03"", ""nombre_dep"": ""Cochabamba"", ""iprov"": ""07"", ""nombre_prov"": ""Capinota"", ""imun"": ""01"", ""nombre_mun"": ""Capinota"", ""capital"": ""Capinota"", ""superficie_km2"": 564.7, ""code"": ""030701""}"
Feature,"{""type"": ""Polygon"", ""coordinates"": [[[-66.1282, -17.5122], [-66.1623, -17.5258], [-66.2402, -17.5045], [-66.2737, -17.4726], [-66.3214, -17.4791], [-66.2879, -17.6006], [-66.2149, -17.6853], [-66.1572, -17.6728], [-66.1301, -17.6146], [-66.1282, -17.5122]]]}","{""idep"": ""03"", ""nombre_dep"": ""Cochabamba"", ""iprov"": ""07"", ""nombre_prov"": ""Capinota"", ""imun"": ""02"", ""nombre_mun"": ""Santiváñez"", ""capital"": ""Villa Santivañez"", ""superficie_km2"": 297.6, ""code"": ""030702""}"
Feature,"{""type"": ""Polygon"", ""coordinates"": [[[-66.3346, -17.735], [-66.3907, -17.6986], [-66.3885, -17.7898], [-66.3308, -17.8716], [-66.2952, -17.8667], [-66.287, -17.8055], [-66.3346, -17.735]]]}","{""idep"": ""03"", ""nombre_dep"": ""Cochabamba"", ""iprov"": ""07"", ""nombre_prov"": ""Capinota"", ""imun"": ""03"", ""nombre_mun"": ""Sicaya"", ""capital"": ""Sicaya"", ""superficie_km2"": 114.6, ""code"": ""030703""}"
Feature,"{""type"": ""Polygon"", ""coordinates"": [[[-65.8941, -17.5689], [-65.9478, -17.5406], [-65.9872, -17.5651], [-65.958, -17.6077], [-65.9745, -17.6278], [-65.887, -17.6042], [-65.8873, -17.5848], [-65.8941, -17.5689]]]}","{""idep"": ""03"", ""nombre_dep"": ""Cochabamba"", ""iprov"": ""08"", ""nombre_prov"": ""Germán Jordán"", ""imun"": ""01"", ""nombre_mun"": ""Cliza"", ""capital"": ""Cliza"", ""superficie_km2"": 55.3, ""code"": ""030801""}"
Feature,"{""type"": ""Polygon"", ""coordinates"": [[[-65.887, -17.6042], [-65.9745, -17.6278], [-65.9491, -17.6744], [-65.8939, -17.6844], [-65.887, -17.6042]]]}","{""idep"": ""03"", ""nombre_dep"": ""Cochabamba"", ""iprov"": ""08"", ""nombre_prov"": ""Germán Jordán"", ""imun"": ""02"", ""nombre_mun"": ""Toco"", ""capital"": ""Toco"", ""superficie_km2"": 61.5, ""code"": ""030802""}"
Feature,"{""type"": ""Polygon"", ""coordinates"": [[[-65.9457, -17.4792], [-66.0424, -17.5002], [-66.0628, -17.558], [-65.9872, -17.5651], [-65.9478, -17.5406], [-65.9457, -17.4792]]]}","{""idep"": ""03"", ""nombre_dep"": ""Cochabamba"", ""iprov"": ""08"", ""nombre_prov"": ""Germán Jordán"", ""imun"": ""03"", ""nombre_mun"": ""Tolata"", ""capital"": ""Tolata"", ""superficie_km2"": 70.8, ""code"": ""030803""}"
Feature,"{""type"": ""Polygon"", ""coordinates"": [[[-66.2558, -17.0861], [-66.3036, -17.045], [-66.3418, -17.0766], [-66.3799, -17.0462], [-66.4323, -17.0949], [-66.4589, -17.1816], [-66.4123, -17.2572], [-66.39, -17.2851], [-66.318, -17.2928], [-66.3053, -17.426], [-66.2784, -17.4634], [-66.2429, -17.4255], [-66.2447, -17.3534], [-66.223, -17.2789], [-66.2525, -17.184], [-66.2986, -17.1683], [-66.2558, -17.0861]]]}","{""idep"": ""03"", ""nombre_dep"": ""Cochabamba"", ""iprov"": ""09"", ""nombre_prov"": ""Quillacollo"", ""imun"": ""01"", ""nombre_mun"": ""Quillacollo"", ""capital"": ""Quillacollo"", ""superficie_km2"": 563.1, ""code"": ""030901""}"
Feature,"{""type"": ""Polygon"", ""coordinates"": [[[-66.3053, -17.426], [-66.4041, -17.4133], [-66.4523, -17.3408], [-66.4592, -17.2838], [-66.5009, -17.3603], [-66.5388, -17.3873], [-66.4903, -17.4119], [-66.4949, -17.4556], [-66.3965, -17.4876], [-66.3803, -17.5543], [-66.4548, -17.5637], [-66.3808, -17.6577], [-66.3998, -17.679], [-66.3907, -17.6986], [-66.3346, -17.735], [-66.346, -17.6518], [-66.2879, -17.6006], [-66.3214, -17.4791], [-66.2737, -17.4726], [-66.2784, -17.4634], [-66.3053, -17.426]]]}","{""idep"": ""03"", ""nombre_dep"": ""Cochabamba"", ""iprov"": ""09"", ""nombre_prov"": ""Quillacollo"", ""imun"": ""02"", ""nombre_mun"": ""Sipesipe"", ""capital"": ""Sipesipe"", ""superficie_km2"": 501.3, ""code"": ""030902""}"
Feature,"{""type"": ""Polygon"", ""coordinates"": [[[-66.1195, -17.1556], [-66.1257, -17.1145], [-66.179, -17.0744], [-66.2558, -17.0861], [-66.2986, -17.1683], [-66.2525, -17.184], [-66.223, -17.2789], [-66.2447, -17.3534], [-66.207, -17.3704], [-66.1562, -17.2781], [-66.1865, -17.2051], [-66.1195, -17.1556]]]}","{""idep"": ""03"", ""nombre_dep"": ""Cochabamba"", ""iprov"": ""09"", ""nombre_prov"": ""Quillacollo"", ""imun"": ""03"", ""nombre_mun"": ""Tiquipaya"", ""capital"": ""Tiquipaya"", ""superficie_km2"": 314.5, ""code"": ""030903""}"
Feature,"{""type"": ""Polygon"", ""coordinates"": [[[-66.3053, -17.426], [-66.318, -17.2928], [-66.39, -17.2851], [-66.4123, -17.2572], [-66.4592, -17.2838], [-66.4523, -17.3408], [-66.4041, -17.4133], [-66.3053, -17.426]]]}","{""idep"": ""03"", ""nombre_dep"": ""Cochabamba"", ""iprov"": ""09"", ""nombre_prov"": ""Quillacollo"", ""imun"": ""04"", ""nombre_mun"": ""Vinto"", ""capital"": ""Vinto"", ""superficie_km2"": 213.4, ""code"": ""030904""}"
Feature,"{""type"": ""Polygon"", ""coordinates"": [[[-66.2447, -17.3534], [-66.2429, -17.4255], [-66.207, -17.3704], [-66.2447, -17.3534]]]}","{""idep"": ""03"", ""nombre_dep"": ""Cochabamba"", ""iprov"": ""09"", ""nombre_prov"": ""Quillacollo"", ""imun"": ""05"", ""nombre_mun"": ""Colcapirhua"", ""capital"": ""Colcapirhua"", ""superficie_km2"": 29, ""code"": ""030905""}"
Feature,"{""type"": ""Polygon"", ""coordinates"": [[[-66.0389, -17.1424], [-66.1195, -17.1556], [-66.1865, -17.2051], [-66.1562, -17.2781], [-66.1164, -17.3264], [-66.1318, -17.3843], [-66.0701, -17.4689], [-66.0424, -17.5002], [-65.9457, -17.4792], [-65.8517, -17.4396], [-65.8504, -17.4101], [-65.7929, -17.3469], [-65.8842, -17.385], [-65.9715, -17.3264], [-66.0051, -17.2086], [-66.0389, -17.1424]]]}","{""idep"": ""03"", ""nombre_dep"": ""Cochabamba"", ""iprov"": ""10"", ""nombre_prov"": ""Chapare"", ""imun"": ""01"", ""nombre_mun"": ""Sacaba"", ""capital"": ""Sacaba"", ""superficie_km2"": 745.2, ""code"": ""031001""}"
Feature,"{""type"": ""Polygon"", ""coordinates"": [[[-65.7549, -17.3137], [-65.8712, -17.2523], [-65.8949, -17.1842], [-65.8825, -17.1191], [-65.9751, -17.0672], [-66.0389, -17.1424], [-66.0051, -17.2086], [-65.9715, -17.3264], [-65.8842, -17.385], [-65.7929, -17.3469], [-65.7549, -17.3137]]]}","{""idep"": ""03"", ""nombre_dep"": ""Cochabamba"", ""iprov"": ""10"", ""nombre_prov"": ""Chapare"", ""imun"": ""02"", ""nombre_mun"": ""Colomi"", ""capital"": ""Colomi"", ""superficie_km2"": 511.6, ""code"": ""031002""}"
Feature,"{""type"": ""Polygon"", ""coordinates"": [[[-64.7297, -15.802], [-64.9583, -15.801], [-65.0412, -15.858], [-65.0807, -15.931], [-65.1162, -16.188], [-65.1398, -16.2366], [-65.2399, -16.3688], [-65.3534, -16.4006], [-65.5945, -16.4601], [-65.8617, -16.4917], [-65.9712, -16.467], [-66.1697, -16.3628], [-66.2311, -16.2857], [-66.3393, -16.1172], [-66.3079, -16.2875], [-66.3232, -16.4069], [-66.1803, -16.5179], [-66.1418, -16.5587], [-66.1883, -16.6047], [-66.1688, -16.7468], [-66.1859, -16.7748], [-66.271, -16.7605], [-66.3115, -16.8327], [-66.2368, -16.896], [-66.2281, -16.9426], [-66.2946, -16.9856], [-66.3036, -17.045], [-66.2558, -17.0861], [-66.179, -17.0744], [-66.1257, -17.1145], [-66.1195, -17.1556], [-66.0389, -17.1424], [-65.9751, -17.0672], [-65.8825, -17.1191], [-65.8949, -17.1842], [-65.8712, -17.2523], [-65.7549, -17.3137], [-65.6535, -17.1987], [-65.5838, -17.1691], [-65.54, -17.1114], [-65.4705, -17.0779], [-65.43, -17.0327], [-65.4191, -16.9779], [-65.3473, -16.9554], [-65.2263, -16.8917], [-65.1938, -16.853], [-65.1483, -16.8043], [-65.1454, -16.7027], [-65.0792, -16.6283], [-64.9938, -16.5544], [-64.9329, -16.4731], [-64.9571, -16.3029], [-64.9212, -16.2765], [-64.8567, -16.1354], [-64.7773, -16.088], [-64.7928, -16.0234], [-64.7554, -15.9421], [-64.7297, -15.802]]]}","{""idep"": ""03"", ""nombre_dep"": ""Cochabamba"", ""iprov"": ""10"", ""nombre_prov"": ""Chapare"", ""imun"": ""03"", ""nombre_mun"": ""Villa Tunari"", ""capital"": ""Villa Tunari"", ""superficie_km2"": 11091.9, ""code"": ""031003""}"
Feature,"{""type"": ""Polygon"", ""coordinates"": [[[-66.5388, -17.3873], [-66.5655, -17.3674], [-66.6249, -17.4273], [-66.6813, -17.4057], [-66.7331, -17.4485], [-66.7946, -17.4306], [-66.8464, -17.3843], [-66.877, -17.4161], [-66.8357, -17.4511], [-66.8249, -17.5256], [-66.8777, -17.5416], [-66.8999, -17.5905], [-66.8724, -17.6248], [-66.892, -17.6661], [-66.8608, -17.7126], [-66.772, -17.7818], [-66.7556, -17.7082], [-66.7079, -17.6916], [-66.6698, -17.7388], [-66.5864, -17.733], [-66.4574, -17.6582], [-66.3998, -17.679], [-66.3808, -17.6577], [-66.4548, -17.5637], [-66.3803, -17.5543], [-66.3965, -17.4876], [-66.4949, -17.4556], [-66.4903, -17.4119], [-66.5388, -17.3873]]]}","{""idep"": ""03"", ""nombre_dep"": ""Cochabamba"", ""iprov"": ""11"", ""nombre_prov"": ""Tapacarí"", ""imun"": ""01"", ""nombre_mun"": ""Tapacarí"", ""capital"": ""Tapacarí"", ""superficie_km2"": 1557.4, ""code"": ""031101""}"
Feature,"{""type"": ""Polygon"", ""coordinates"": [[[-65.0698, -17.2172], [-65.1824, -17.1393], [-65.2376, -17.2292], [-65.2252, -17.3583], [-65.3084, -17.4073], [-65.344, -17.5148], [-65.3064, -17.6066], [-65.2556, -17.6408], [-65.2337, -17.7158], [-65.2619, -17.737], [-65.1803, -17.8488], [-65.2089, -17.9034], [-65.196, -17.9363], [-65.1339, -17.996], [-65.0285, -18.035], [-65.0058, -17.9773], [-65.0207, -17.9324], [-64.9759, -17.8734], [-65.0307, -17.8088], [-65.0428, -17.7427], [-65.0146, -17.6297], [-65.066, -17.5294], [-65.0038, -17.4739], [-65.0338, -17.3977], [-65.0167, -17.366], [-65.0705, -17.3213], [-65.0698, -17.2172]]]}","{""idep"": ""03"", ""nombre_dep"": ""Cochabamba"", ""iprov"": ""12"", ""nombre_prov"": ""Carrasco"", ""imun"": ""01"", ""nombre_mun"": ""Totora"", ""capital"": ""Totora"", ""superficie_km2"": 2120.4, ""code"": ""031201""}"
Feature,"{""type"": ""Polygon"", ""coordinates"": [[[-64.9981, -17.2585], [-65.0596, -17.1984], [-65.0698, -17.2172], [-65.0705, -17.3213], [-65.0167, -17.366], [-65.0338, -17.3977], [-65.0038, -17.4739], [-65.066, -17.5294], [-65.0146, -17.6297], [-65.0428, -17.7427], [-65.0307, -17.8088], [-64.9759, -17.8734], [-64.9323, -17.8951], [-64.8862, -17.9826], [-64.7663, -17.9849], [-64.7866, -17.9333], [-64.8064, -17.8931], [-64.7565, -17.7509], [-64.699, -17.7154], [-64.6391, -17.7057], [-64.5884, -17.6006], [-64.6025, -17.5574], [-64.647, -17.5356], [-64.6628, -17.4684], [-64.7388, -17.3975], [-64.8502, -17.3401], [-64.9149, -17.2833], [-64.9981, -17.2585]]]}","{""idep"": ""03"", ""nombre_dep"": ""Cochabamba"", ""iprov"": ""12"", ""nombre_prov"": ""Carrasco"", ""imun"": ""02"", ""nombre_mun"": ""Pojo"", ""capital"": ""Pojo"", ""superficie_km2"": 2388.4, ""code"": ""031202""}"
Feature,"{""type"": ""Polygon"", ""coordinates"": [[[-65.344, -17.5148], [-65.3812, -17.491], [-65.4991, -17.501], [-65.5447, -17.5595], [-65.4901, -17.643], [-65.5119, -17.6935], [-65.5521, -17.7084], [-65.5016, -17.7624], [-65.4894, -17.7785], [-65.3162, -17.7924], [-65.2713, -17.8878], [-65.2168, -17.9229], [-65.2164, -17.9238], [-65.196, -17.9363], [-65.2089, -17.9034], [-65.1803, -17.8488], [-65.2619, -17.737], [-65.2337, -17.7158], [-65.2556, -17.6408], [-65.3064, -17.6066], [-65.344, -17.5148]]]}","{""idep"": ""03"", ""nombre_dep"": ""Cochabamba"", ""iprov"": ""12"", ""nombre_prov"": ""Carrasco"", ""imun"": ""03"", ""nombre_mun"": ""Pocona"", ""capital"": ""Pocona"", ""superficie_km2"": 902.8, ""code"": ""031203""}"
Feature,"{""type"": ""Polygon"", ""coordinates"": [[[-64.8307, -16.754], [-64.7842, -16.6785], [-64.7402, -16.5311], [-64.708, -16.5344], [-64.6952, -16.425], [-64.6565, -16.3781], [-64.6495, -16.3], [-64.6747, -16.2623], [-64.6805, -16.1009], [-64.7189, -16.069], [-64.7025, -16.0287], [-64.7554, -15.9421], [-64.7928, -16.0234], [-64.7773, -16.088], [-64.8567, -16.1354], [-64.9212, -16.2765], [-64.9571, -16.3029], [-64.9329, -16.4731], [-64.9938, -16.5544], [-65.0792, -16.6283], [-65.1454, -16.7027], [-65.1483, -16.8043], [-65.1938, -16.853], [-65.1933, -17.01], [-65.221, -17.1037], [-65.1824, -17.1393], [-65.0698, -17.2172], [-65.0596, -17.1984], [-65.0528, -17.1834], [-65.0805, -16.996], [-65.0835, -16.8746], [-65.0098, -16.8225], [-64.8307, -16.754]]]}","{""idep"": ""03"", ""nombre_dep"": ""Cochabamba"", ""iprov"": ""12"", ""nombre_prov"": ""Carrasco"", ""imun"": ""04"", ""nombre_mun"": ""Chimoré"", ""capital"": ""Chimoré"", ""superficie_km2"": 2766.8, ""code"": ""031204""}"
Feature,"{""type"": ""Polygon"", ""coordinates"": [[[-64.8307, -16.754], [-65.0098, -16.8225], [-65.0835, -16.8746], [-65.0805, -16.996], [-65.0528, -17.1834], [-65.0596, -17.1984], [-64.9981, -17.2585], [-64.6541, -17.2521], [-64.6623, -17.1738], [-64.6984, -17.1414], [-64.6847, -17.0194], [-64.6856, -16.9689], [-64.7394, -16.941], [-64.7322, -16.8881], [-64.7909, -16.8418], [-64.8047, -16.762], [-64.8307, -16.754]]]}","{""idep"": ""03"", ""nombre_dep"": ""Cochabamba"", ""iprov"": ""12"", ""nombre_prov"": ""Carrasco"", ""imun"": ""05"", ""nombre_mun"": ""Puerto Villarroel"", ""capital"": ""Puerto Villarroel"", ""superficie_km2"": 1963.6, ""code"": ""031205""}"
Feature,"{""type"": ""Polygon"", ""coordinates"": [[[-64.2539, -17.4255], [-64.2341, -17.3737], [-64.2459, -17.304], [-64.2838, -17.2647], [-64.3402, -17.2638], [-64.3877, -17.1559], [-64.4246, -17.1522], [-64.547, -17.0792], [-64.604, -17.0258], [-64.6847, -17.0194], [-64.6984, -17.1414], [-64.6623, -17.1738], [-64.6541, -17.2521], [-64.9981, -17.2585], [-64.9149, -17.2833], [-64.8502, -17.3401], [-64.7388, -17.3975], [-64.6628, -17.4684], [-64.647, -17.5356], [-64.6025, -17.5574], [-64.4323, -17.56], [-64.4063, -17.4707], [-64.358, -17.4452], [-64.2539, -17.4255]]]}","{""idep"": ""03"", ""nombre_dep"": ""Cochabamba"", ""iprov"": ""12"", ""nombre_prov"": ""Carrasco"", ""imun"": ""06"", ""nombre_mun"": ""Entre Ríos"", ""capital"": ""Entre Ríos"", ""superficie_km2"": 2181.1, ""code"": ""031206""}"
Feature,"{""type"": ""Polygon"", ""coordinates"": [[[-65.2168, -17.9229], [-65.2713, -17.8878], [-65.3162, -17.7924], [-65.4894, -17.7785], [-65.5016, -17.7624], [-65.5572, -17.7914], [-65.5394, -17.8509], [-65.5858, -17.8931], [-65.549, -17.9495], [-65.5298, -18.0319], [-65.5778, -18.0921], [-65.6662, -18.1263], [-65.5966, -18.2037], [-65.5346, -18.2426], [-65.5341, -18.2423], [-65.4552, -18.1104], [-65.4105, -18.1268], [-65.3312, -18.0947], [-65.3003, -18.1361], [-65.2995, -18.1365], [-65.2222, -18.0803], [-65.2605, -18.0182], [-65.2195, -17.9248], [-65.2168, -17.9229]]]}","{""idep"": ""03"", ""nombre_dep"": ""Cochabamba"", ""iprov"": ""13"", ""nombre_prov"": ""Mizque"", ""imun"": ""01"", ""nombre_mun"": ""Mizque"", ""capital"": ""Mizque"", ""superficie_km2"": 1307, ""code"": ""031301""}"
Feature,"{""type"": ""Polygon"", ""coordinates"": [[[-65.5858, -17.8931], [-65.6506, -17.8966], [-65.7094, -17.8392], [-65.7891, -17.8596], [-65.813, -17.931], [-65.7732, -17.9618], [-65.8, -18.0097], [-65.7089, -18.0783], [-65.6662, -18.1263], [-65.5778, -18.0921], [-65.5298, -18.0319], [-65.549, -17.9495], [-65.5858, -17.8931]]]}","{""idep"": ""03"", ""nombre_dep"": ""Cochabamba"", ""iprov"": ""13"", ""nombre_prov"": ""Mizque"", ""imun"": ""02"", ""nombre_mun"": ""Vila Vila"", ""capital"": ""Vila Vila"", ""superficie_km2"": 594.3, ""code"": ""031302""}"
Feature,"{""type"": ""Polygon"", ""coordinates"": [[[-65.5521, -17.7084], [-65.6614, -17.6517], [-65.7342, -17.6732], [-65.7164, -17.7353], [-65.7094, -17.8392], [-65.6506, -17.8966], [-65.5858, -17.8931], [-65.5394, -17.8509], [-65.5572, -17.7914], [-65.5016, -17.7624], [-65.5521, -17.7084]]]}","{""idep"": ""03"", ""nombre_dep"": ""Cochabamba"", ""iprov"": ""13"", ""nombre_prov"": ""Mizque"", ""imun"": ""03"", ""nombre_mun"": ""Alalay"", ""capital"": ""Alalay"", ""superficie_km2"": 415.8, ""code"": ""031303""}"
Feature,"{""type"": ""Polygon"", ""coordinates"": [[[-65.3003, -18.1361], [-65.3312, -18.0947], [-65.4105, -18.1268], [-65.4552, -18.1104], [-65.5341, -18.2423], [-65.534, -18.2423], [-65.502, -18.2586], [-65.4622, -18.343], [-65.3536, -18.406], [-65.3098, -18.3353], [-65.3371, -18.2731], [-65.2799, -18.1859], [-65.2995, -18.1388], [-65.3003, -18.1361]]]}","{""idep"": ""03"", ""nombre_dep"": ""Cochabamba"", ""iprov"": ""13"", ""nombre_prov"": ""Mizque"", ""imun"": ""04"", ""nombre_mun"": ""TIOC-Raqaypampa"", ""capital"": ""Raqaypampa"", ""superficie_km2"": 564.5, ""code"": ""031304""}"
Feature,"{""type"": ""Polygon"", ""coordinates"": [[[-65.7863, -17.4882], [-65.8474, -17.5182], [-65.8941, -17.5689], [-65.8873, -17.5848], [-65.813, -17.5968], [-65.8041, -17.5476], [-65.763, -17.5179], [-65.7863, -17.4882]]]}","{""idep"": ""03"", ""nombre_dep"": ""Cochabamba"", ""iprov"": ""14"", ""nombre_prov"": ""Punata"", ""imun"": ""01"", ""nombre_mun"": ""Punata"", ""capital"": ""Villa Punata"", ""superficie_km2"": 85.3, ""code"": ""031401""}"
Feature,"{""type"": ""Polygon"", ""coordinates"": [[[-65.813, -17.5968], [-65.8873, -17.5848], [-65.887, -17.6042], [-65.8939, -17.6844], [-65.8681, -17.7155], [-65.8226, -17.6917], [-65.8228, -17.6662], [-65.7934, -17.6109], [-65.813, -17.5968]]]}","{""idep"": ""03"", ""nombre_dep"": ""Cochabamba"", ""iprov"": ""14"", ""nombre_prov"": ""Punata"", ""imun"": ""02"", ""nombre_mun"": ""Villa Rivero"", ""capital"": ""Villa Rivero"", ""superficie_km2"": 98.9, ""code"": ""031402""}"
Feature,"{""type"": ""Polygon"", ""coordinates"": [[[-65.8517, -17.4396], [-65.9457, -17.4792], [-65.9478, -17.5406], [-65.8941, -17.5689], [-65.8474, -17.5182], [-65.7863, -17.4882], [-65.8517, -17.4396]]]}","{""idep"": ""03"", ""nombre_dep"": ""Cochabamba"", ""iprov"": ""14"", ""nombre_prov"": ""Punata"", ""imun"": ""03"", ""nombre_mun"": ""San Benito"", ""capital"": ""Villa José Quintín Mendoza"", ""superficie_km2"": 140.2, ""code"": ""031403""}"
Feature,"{""type"": ""Polygon"", ""coordinates"": [[[-65.7448, -17.6455], [-65.7934, -17.6109], [-65.8228, -17.6662], [-65.7448, -17.6455]]]}","{""idep"": ""03"", ""nombre_dep"": ""Cochabamba"", ""iprov"": ""14"", ""nombre_prov"": ""Punata"", ""imun"": ""04"", ""nombre_mun"": ""Tacachi"", ""capital"": ""Tacachi"", ""superficie_km2"": 19.8, ""code"": ""031404""}"
Feature,"{""type"": ""Polygon"", ""coordinates"": [[[-65.7342, -17.6732], [-65.7448, -17.6455], [-65.8228, -17.6662], [-65.8226, -17.6917], [-65.7742, -17.734], [-65.7164, -17.7353], [-65.7342, -17.6732]]]}","{""idep"": ""03"", ""nombre_dep"": ""Cochabamba"", ""iprov"": ""14"", ""nombre_prov"": ""Punata"", ""imun"": ""05"", ""nombre_mun"": ""Villa Gualberto Villarroel"", ""capital"": ""Villa Gualberto Villarroel"", ""superficie_km2"": 72.1, ""code"": ""031405""}"
Feature,"{""type"": ""Polygon"", ""coordinates"": [[[-66.4632, -17.9102], [-66.4965, -17.9294], [-66.5597, -17.8969], [-66.7143, -17.9516], [-66.7428, -17.9454], [-66.8414, -18.0517], [-66.7852, -18.1357], [-66.6083, -18.0866], [-66.5239, -18.0895], [-66.5335, -18.0584], [-66.4314, -17.9734], [-66.4632, -17.9102]]]}","{""idep"": ""03"", ""nombre_dep"": ""Cochabamba"", ""iprov"": ""15"", ""nombre_prov"": ""Bolívar"", ""imun"": ""01"", ""nombre_mun"": ""Bolívar"", ""capital"": ""Bolivar"", ""superficie_km2"": 679.8, ""code"": ""031501""}"
Feature,"{""type"": ""Polygon"", ""coordinates"": [[[-65.2376, -17.2292], [-65.3045, -17.1588], [-65.3978, -17.1446], [-65.4562, -17.1145], [-65.4689, -17.1725], [-65.5249, -17.1637], [-65.54, -17.1114], [-65.5838, -17.1691], [-65.6535, -17.1987], [-65.7549, -17.3137], [-65.7929, -17.3469], [-65.8504, -17.4101], [-65.8517, -17.4396], [-65.7863, -17.4882], [-65.763, -17.5179], [-65.6964, -17.52], [-65.6443, -17.4989], [-65.4991, -17.501], [-65.3812, -17.491], [-65.344, -17.5148], [-65.3084, -17.4073], [-65.2252, -17.3583], [-65.2376, -17.2292]]]}","{""idep"": ""03"", ""nombre_dep"": ""Cochabamba"", ""iprov"": ""16"", ""nombre_prov"": ""Tiraque"", ""imun"": ""01"", ""nombre_mun"": ""Tiraque"", ""capital"": ""Tiraque"", ""superficie_km2"": 1974.5, ""code"": ""031601""}"
Feature,"{""type"": ""Polygon"", ""coordinates"": [[[-65.1938, -16.853], [-65.2263, -16.8917], [-65.3473, -16.9554], [-65.4191, -16.9779], [-65.43, -17.0327], [-65.4705, -17.0779], [-65.54, -17.1114], [-65.5249, -17.1637], [-65.4689, -17.1725], [-65.4562, -17.1145], [-65.3978, -17.1446], [-65.3045, -17.1588], [-65.2376, -17.2292], [-65.1824, -17.1393], [-65.221, -17.1037], [-65.1933, -17.01], [-65.1938, -16.853]]]}","{""idep"": ""03"", ""nombre_dep"": ""Cochabamba"", ""iprov"": ""16"", ""nombre_prov"": ""Tiraque"", ""imun"": ""02"", ""nombre_mun"": ""Shinahota"", ""capital"": ""Shinahota"", ""superficie_km2"": 732.4, ""code"": ""031602""}"
Feature,"{""type"": ""Polygon"", ""coordinates"": [[[-67.0273, -18.0516], [-67.0153, -17.899], [-67.1181, -17.8713], [-67.1466, -17.8983], [-67.1799, -17.9723], [-67.1498, -18.0326], [-67.0972, -18.0141], [-67.0803, -18.0539], [-67.0696, -18.0454], [-67.0273, -18.0516]]]}","{""idep"": ""04"", ""nombre_dep"": ""Oruro"", ""iprov"": ""01"", ""nombre_prov"": ""Cercado"", ""imun"": ""01"", ""nombre_mun"": ""Oruro"", ""capital"": ""Oruro"", ""superficie_km2"": 257.3, ""code"": ""040101""}"
Feature,"{""type"": ""Polygon"", ""coordinates"": [[[-67.1982, -17.3464], [-67.2532, -17.3245], [-67.2937, -17.3755], [-67.3417, -17.4504], [-67.3745, -17.4618], [-67.3938, -17.5606], [-67.324, -17.633], [-67.4164, -17.7467], [-67.4843, -17.7337], [-67.5161, -17.6717], [-67.5863, -17.7119], [-67.5858, -17.7682], [-67.677, -17.7639], [-67.7315, -17.8593], [-67.696, -17.9116], [-67.6171, -17.9006], [-67.4589, -17.7784], [-67.3979, -17.8683], [-67.3854, -17.9203], [-67.3353, -18.0021], [-67.1799, -17.9723], [-67.1466, -17.8983], [-67.2056, -17.8438], [-67.1529, -17.8185], [-67.1959, -17.7725], [-67.144, -17.7164], [-67.1107, -17.798], [-67.0639, -17.7898], [-67.0496, -17.7354], [-67.0003, -17.6823], [-67.0068, -17.6319], [-67.051, -17.5877], [-67.0213, -17.539], [-67.059, -17.476], [-67.1245, -17.4654], [-67.1903, -17.4167], [-67.1982, -17.3464]]]}","{""idep"": ""04"", ""nombre_dep"": ""Oruro"", ""iprov"": ""01"", ""nombre_prov"": ""Cercado"", ""imun"": ""02"", ""nombre_mun"": ""Caracollo"", ""capital"": ""Caracollo"", ""superficie_km2"": 2357.2, ""code"": ""040102""}"
Feature,"{""type"": ""Polygon"", ""coordinates"": [[[-67.0803, -18.0539], [-67.0972, -18.0141], [-67.1498, -18.0326], [-67.1799, -17.9723], [-67.3353, -18.0021], [-67.3184, -18.0665], [-67.2607, -18.1032], [-67.24, -18.1647], [-67.2228, -18.2945], [-67.1998, -18.3455], [-67.2817, -18.521], [-67.2426, -18.5779], [-67.16, -18.5443], [-67.1135, -18.4556], [-67.0595, -18.4508], [-67.0431, -18.3166], [-67.0484, -18.25], [-67.0781, -18.2094], [-67.0957, -18.1873], [-67.1257, -18.1643], [-67.1372, -18.0739], [-67.0803, -18.0539]]]}","{""idep"": ""04"", ""nombre_dep"": ""Oruro"", ""iprov"": ""01"", ""nombre_prov"": ""Cercado"", ""imun"": ""03"", ""nombre_mun"": ""El Choro"", ""capital"": ""El Choro"", ""superficie_km2"": 1037.6, ""code"": ""040103""}"
Feature,"{""type"": ""Polygon"", ""coordinates"": [[[-66.772, -17.7818], [-66.8608, -17.7126], [-66.892, -17.6661], [-66.8724, -17.6248], [-66.8999, -17.5905], [-67.0068, -17.6319], [-67.0003, -17.6823], [-67.0496, -17.7354], [-67.0639, -17.7898], [-67.1107, -17.798], [-67.144, -17.7164], [-67.1959, -17.7725], [-67.1529, -17.8185], [-67.2056, -17.8438], [-67.1466, -17.8983], [-67.1181, -17.8713], [-67.0153, -17.899], [-67.0273, -18.0516], [-66.9709, -18.1098], [-66.8869, -18.0747], [-66.8414, -18.0517], [-66.7428, -17.9454], [-66.7151, -17.9001], [-66.7227, -17.8476], [-66.772, -17.7818]]]}","{""idep"": ""04"", ""nombre_dep"": ""Oruro"", ""iprov"": ""01"", ""nombre_prov"": ""Cercado"", ""imun"": ""04"", ""nombre_mun"": ""Paria"", ""capital"": ""Soracachi"", ""superficie_km2"": 1451.6, ""code"": ""040104""}"
Feature,"{""type"": ""Polygon"", ""coordinates"": [[[-66.4376, -18.7082], [-66.4831, -18.7697], [-66.5321, -18.7737], [-66.6179, -18.6456], [-66.6442, -18.6303], [-66.6831, -18.4825], [-66.7082, -18.4996], [-66.6958, -18.5871], [-66.7175, -18.6539], [-66.7541, -18.7886], [-66.8079, -18.7816], [-66.8173, -18.6866], [-66.9249, -18.6678], [-67.0041, -18.7155], [-66.9354, -18.9059], [-66.8636, -18.9716], [-66.7034, -18.949], [-66.5779, -18.9466], [-66.4532, -18.9171], [-66.4428, -18.9948], [-66.4009, -19.012], [-66.4542, -19.0707], [-66.4099, -19.1371], [-66.3457, -19.176], [-66.2897, -19.1629], [-66.1889, -19.2421], [-66.1301, -19.2456], [-66.093, -19.0851], [-66.1762, -19.0207], [-66.1839, -18.9849], [-66.2816, -19.0147], [-66.3268, -18.8738], [-66.3797, -18.7384], [-66.4376, -18.7082]]]}","{""idep"": ""04"", ""nombre_dep"": ""Oruro"", ""iprov"": ""02"", ""nombre_prov"": ""Abaroa"", ""imun"": ""01"", ""nombre_mun"": ""Challapata"", ""capital"": ""Challapata"", ""superficie_km2"": 2582.1, ""code"": ""040201""}"
Feature,"{""type"": ""Polygon"", ""coordinates"": [[[-66.5021, -19.3599], [-66.6101, -19.3155], [-66.6511, -19.3322], [-66.812, -19.2599], [-66.81, -19.1872], [-66.9205, -19.1395], [-67.0137, -19.1954], [-66.9922, -19.2812], [-67.0025, -19.3793], [-66.9566, -19.3679], [-66.8452, -19.4547], [-66.7666, -19.4294], [-66.6998, -19.4484], [-66.584, -19.421], [-66.5021, -19.3599]]]}","{""idep"": ""04"", ""nombre_dep"": ""Oruro"", ""iprov"": ""02"", ""nombre_prov"": ""Abaroa"", ""imun"": ""02"", ""nombre_mun"": ""Santuario de Quillacas"", ""capital"": ""Santuario de Quillacas"", ""superficie_km2"": 927.5, ""code"": ""040202""}"
Feature,"{""type"": ""Polygon"", ""coordinates"": [[[-67.6676, -18.0872], [-67.7303, -18.0843], [-67.7309, -18.1134], [-67.9555, -18.2443], [-68.0265, -18.2955], [-68.0444, -18.3859], [-68.1256, -18.4876], [-68.0649, -18.5355], [-68.0343, -18.7148], [-67.9544, -18.8109], [-67.9293, -18.8146], [-67.8786, -18.8004], [-67.7425, -18.7161], [-67.7173, -18.6817], [-67.6649, -18.677], [-67.5787, -18.6673], [-67.5084, -18.6002], [-67.5238, -18.5464], [-67.5057, -18.5076], [-67.5481, -18.4613], [-67.5448, -18.3751], [-67.5092, -18.341], [-67.5669, -18.3023], [-67.6229, -18.1699], [-67.6548, -18.1674], [-67.6676, -18.0872]]]}","{""idep"": ""04"", ""nombre_dep"": ""Oruro"", ""iprov"": ""03"", ""nombre_prov"": ""Carangas"", ""imun"": ""01"", ""nombre_mun"": ""Corque"", ""capital"": ""Corque"", ""superficie_km2"": 3246.1, ""code"": ""040301""}"
Feature,"{""type"": ""Polygon"", ""coordinates"": [[[-67.7303, -18.0843], [-67.7735, -18.0288], [-67.857, -18.054], [-67.9124, -18.0097], [-67.9384, -17.9535], [-68.0026, -18.0132], [-68.1124, -18.0426], [-68.1543, -18.0375], [-68.1091, -18.0917], [-68.0804, -18.243], [-68.0265, -18.2955], [-67.9555, -18.2443], [-67.7309, -18.1134], [-67.7303, -18.0843]]]}","{""idep"": ""04"", ""nombre_dep"": ""Oruro"", ""iprov"": ""03"", ""nombre_prov"": ""Carangas"", ""imun"": ""02"", ""nombre_mun"": ""Choquecota"", ""capital"": ""Choquecota"", ""superficie_km2"": 888.9, ""code"": ""040302""}"
Feature,"{""type"": ""Polygon"", ""coordinates"": [[[-68.2894, -17.6152], [-68.3606, -17.5908], [-68.3945, -17.6182], [-68.4356, -17.6601], [-68.5399, -17.7173], [-68.5437, -17.7968], [-68.6394, -17.8633], [-68.7278, -17.8846], [-68.7868, -17.9306], [-68.9104, -17.9496], [-69.0795, -18.0469], [-69.0812, -18.0914], [-69.1423, -18.1633], [-69.0653, -18.2399], [-69.0745, -18.2866], [-68.9964, -18.2806], [-68.8965, -18.2443], [-68.8495, -18.1891], [-68.7528, -18.1359], [-68.571, -18.1275], [-68.4363, -18.133], [-68.3946, -18.0647], [-68.326, -18.07], [-68.3149, -17.9774], [-68.349, -17.9726], [-68.3472, -17.8463], [-68.3249, -17.7597], [-68.3423, -17.6743], [-68.2894, -17.6152]]]}","{""idep"": ""04"", ""nombre_dep"": ""Oruro"", ""iprov"": ""04"", ""nombre_prov"": ""Sajama"", ""imun"": ""01"", ""nombre_mun"": ""Curahuara de Carangas"", ""capital"": ""Curahuara de Carangas"", ""superficie_km2"": 2846.8, ""code"": ""040401""}"
Feature,"{""type"": ""Polygon"", ""coordinates"": [[[-68.1543, -18.0375], [-68.2058, -18.01], [-68.2602, -18.0238], [-68.326, -18.07], [-68.3946, -18.0647], [-68.4363, -18.133], [-68.571, -18.1275], [-68.7528, -18.1359], [-68.8495, -18.1891], [-68.8965, -18.2443], [-68.9964, -18.2806], [-69.0745, -18.2866], [-69.0116, -18.5372], [-69.0074, -18.6012], [-68.9102, -18.5858], [-68.8715, -18.5632], [-68.7389, -18.5255], [-68.6831, -18.5705], [-68.5827, -18.6071], [-68.4791, -18.6176], [-68.4509, -18.5898], [-68.3924, -18.5455], [-68.3215, -18.5247], [-68.2378, -18.4751], [-68.1256, -18.4876], [-68.0444, -18.3859], [-68.0265, -18.2955], [-68.0804, -18.243], [-68.1091, -18.0917], [-68.1543, -18.0375]]]}","{""idep"": ""04"", ""nombre_dep"": ""Oruro"", ""iprov"": ""04"", ""nombre_prov"": ""Sajama"", ""imun"": ""02"", ""nombre_mun"": ""Turco"", ""capital"": ""Turco"", ""superficie_km2"": 4691.8, ""code"": ""040402""}"
Feature,"{""type"": ""Polygon"", ""coordinates"": [[[-68.2443, -18.7813], [-68.3073, -18.811], [-68.267, -18.8162], [-68.2443, -18.7813]]]}","{""idep"": ""04"", ""nombre_dep"": ""Oruro"", ""iprov"": ""05"", ""nombre_prov"": ""Litoral"", ""imun"": ""01"", ""nombre_mun"": ""Huachacalla"", ""capital"": ""Huachacalla"", ""superficie_km2"": 20.7, ""code"": ""040501""}"
Feature,"{""type"": ""Polygon"", ""coordinates"": [[[-68.1256, -18.4876], [-68.2378, -18.4751], [-68.3215, -18.5247], [-68.3924, -18.5455], [-68.4509, -18.5898], [-68.4027, -18.5938], [-68.2501, -18.6791], [-68.2098, -18.7464], [-68.2443, -18.7813], [-68.267, -18.8162], [-68.2014, -18.9089], [-68.0912, -18.9297], [-67.9384, -18.8616], [-67.933, -18.8359], [-67.9293, -18.8146], [-67.9544, -18.8109], [-68.0343, -18.7148], [-68.0649, -18.5355], [-68.1256, -18.4876]]]}","{""idep"": ""04"", ""nombre_dep"": ""Oruro"", ""iprov"": ""05"", ""nombre_prov"": ""Litoral"", ""imun"": ""02"", ""nombre_mun"": ""Escara"", ""capital"": ""Escara"", ""superficie_km2"": 1327, ""code"": ""040502""}"
Feature,"{""type"": ""Polygon"", ""coordinates"": [[[-68.2443, -18.7813], [-68.2098, -18.7464], [-68.2501, -18.6791], [-68.4027, -18.5938], [-68.4509, -18.5898], [-68.4791, -18.6176], [-68.4964, -18.717], [-68.4648, -18.81], [-68.3466, -18.8316], [-68.3073, -18.811], [-68.2443, -18.7813]]]}","{""idep"": ""04"", ""nombre_dep"": ""Oruro"", ""iprov"": ""05"", ""nombre_prov"": ""Litoral"", ""imun"": ""03"", ""nombre_mun"": ""Cruz de Machacamarca"", ""capital"": ""Cruz de Machacamarca"", ""superficie_km2"": 526.6, ""code"": ""040503""}"
Feature,"{""type"": ""Polygon"", ""coordinates"": [[[-68.2945, -18.9649], [-68.3073, -18.811], [-68.3466, -18.8316], [-68.4648, -18.81], [-68.4469, -18.8569], [-68.3505, -18.9139], [-68.2945, -18.9649]]]}","{""idep"": ""04"", ""nombre_dep"": ""Oruro"", ""iprov"": ""05"", ""nombre_prov"": ""Litoral"", ""imun"": ""04"", ""nombre_mun"": ""Yunguyo del Litoral"", ""capital"": ""Yunguyo del Litoral"", ""superficie_km2"": 179.1, ""code"": ""040504""}"
Feature,"{""type"": ""Polygon"", ""coordinates"": [[[-68.267, -18.8162], [-68.3073, -18.811], [-68.2945, -18.9649], [-68.2113, -19.0482], [-68.1705, -19.0315], [-68.0381, -18.9845], [-67.895, -19.0285], [-67.8485, -18.9885], [-67.8882, -18.9526], [-67.9156, -18.8425], [-67.933, -18.8359], [-67.9384, -18.8616], [-68.0912, -18.9297], [-68.2014, -18.9089], [-68.267, -18.8162]]]}","{""idep"": ""04"", ""nombre_dep"": ""Oruro"", ""iprov"": ""05"", ""nombre_prov"": ""Litoral"", ""imun"": ""05"", ""nombre_mun"": ""Esmeralda"", ""capital"": ""Esmeralda"", ""superficie_km2"": 582.7, ""code"": ""040505""}"
Feature,"{""type"": ""Polygon"", ""coordinates"": [[[-66.9159, -18.2219], [-67.0781, -18.2094], [-67.0484, -18.25], [-67.0431, -18.3166], [-67.0595, -18.4508], [-67.0602, -18.494], [-66.9918, -18.4886], [-66.9377, -18.5458], [-66.8988, -18.4787], [-66.8607, -18.4175], [-66.8064, -18.4452], [-66.7403, -18.4255], [-66.9159, -18.2219]]]}","{""idep"": ""04"", ""nombre_dep"": ""Oruro"", ""iprov"": ""06"", ""nombre_prov"": ""Poopó"", ""imun"": ""01"", ""nombre_mun"": ""Poopó"", ""capital"": ""Villa de Poopó"", ""superficie_km2"": 685.7, ""code"": ""040601""}"
Feature,"{""type"": ""Polygon"", ""coordinates"": [[[-66.8988, -18.4787], [-66.9377, -18.5458], [-66.9918, -18.4886], [-67.0602, -18.494], [-67.0912, -18.5648], [-67.102, -18.6762], [-67.0681, -18.6636], [-67.0041, -18.7155], [-66.9249, -18.6678], [-66.8173, -18.6866], [-66.8079, -18.7816], [-66.7541, -18.7886], [-66.7175, -18.6539], [-66.8023, -18.6503], [-66.7815, -18.5801], [-66.826, -18.4945], [-66.8988, -18.4787]]]}","{""idep"": ""04"", ""nombre_dep"": ""Oruro"", ""iprov"": ""06"", ""nombre_prov"": ""Poopó"", ""imun"": ""02"", ""nombre_mun"": ""Pazña"", ""capital"": ""Pazña"", ""superficie_km2"": 740.5, ""code"": ""040602""}"
Feature,"{""type"": ""Polygon"", ""coordinates"": [[[-66.7403, -18.4255], [-66.8064, -18.4452], [-66.8607, -18.4175], [-66.8988, -18.4787], [-66.826, -18.4945], [-66.7815, -18.5801], [-66.8023, -18.6503], [-66.7175, -18.6539], [-66.6958, -18.5871], [-66.7082, -18.4996], [-66.7403, -18.4255]]]}","{""idep"": ""04"", ""nombre_dep"": ""Oruro"", ""iprov"": ""06"", ""nombre_prov"": ""Poopó"", ""imun"": ""03"", ""nombre_mun"": ""Antequera"", ""capital"": ""Antequera"", ""superficie_km2"": 277.8, ""code"": ""040603""}"
Feature,"{""type"": ""Polygon"", ""coordinates"": [[[-66.7852, -18.1357], [-66.8414, -18.0517], [-66.8869, -18.0747], [-66.877, -18.1334], [-66.8437, -18.1868], [-66.9159, -18.2219], [-66.7403, -18.4255], [-66.7082, -18.4996], [-66.6831, -18.4825], [-66.6986, -18.4032], [-66.7293, -18.3405], [-66.6614, -18.2956], [-66.5439, -18.2711], [-66.5964, -18.2365], [-66.7454, -18.2411], [-66.7852, -18.1357]]]}","{""idep"": ""04"", ""nombre_dep"": ""Oruro"", ""iprov"": ""07"", ""nombre_prov"": ""Pantaleón Dalence"", ""imun"": ""01"", ""nombre_mun"": ""Huanuni"", ""capital"": ""Villa de Huanuni"", ""superficie_km2"": 563.6, ""code"": ""040701""}"
Feature,"{""type"": ""Polygon"", ""coordinates"": [[[-67.0273, -18.0516], [-67.0696, -18.0454], [-67.047, -18.0765], [-67.0957, -18.1873], [-67.0781, -18.2094], [-66.9159, -18.2219], [-66.8437, -18.1868], [-66.877, -18.1334], [-66.8869, -18.0747], [-66.9709, -18.1098], [-67.0273, -18.0516]]]}","{""idep"": ""04"", ""nombre_dep"": ""Oruro"", ""iprov"": ""07"", ""nombre_prov"": ""Pantaleón Dalence"", ""imun"": ""02"", ""nombre_mun"": ""Machacamarca"", ""capital"": ""Machacamarca"", ""superficie_km2"": 323.8, ""code"": ""040702""}"
Feature,"{""type"": ""Polygon"", ""coordinates"": [[[-67.3342, -19.0765], [-67.414, -19.0535], [-67.5402, -19.0546], [-67.5804, -19.0759], [-67.6389, -19.0703], [-67.6984, -19.1042], [-67.753, -19.0712], [-67.7961, -19.0778], [-67.8935, -19.0573], [-67.9226, -19.0935], [-68.0216, -19.1217], [-67.993, -19.1971], [-68.0016, -19.3002], [-67.9642, -19.2949], [-67.9122, -19.3426], [-67.8002, -19.3837], [-67.7804, -19.4132], [-67.801, -19.4951], [-67.8314, -19.5259], [-67.8981, -19.5428], [-68.0057, -19.5225], [-68.0881, -19.5764], [-68.0244, -19.634], [-67.9595, -19.7294], [-67.8605, -19.7725], [-67.8217, -19.8096], [-67.7145, -19.812], [-67.5713, -19.8867], [-67.5274, -19.8479], [-67.5666, -19.7652], [-67.5623, -19.7152], [-67.4697, -19.7032], [-67.3449, -19.7236], [-67.291, -19.7652], [-67.2566, -19.6993], [-67.2066, -19.6708], [-67.2091, -19.6018], [-67.2641, -19.4287], [-67.2094, -19.4463], [-67.2185, -19.3822], [-67.1704, -19.36], [-67.2798, -19.2477], [-67.3516, -19.2368], [-67.3733, -19.1494], [-67.3342, -19.0765]]]}","{""idep"": ""04"", ""nombre_dep"": ""Oruro"", ""iprov"": ""08"", ""nombre_prov"": ""Ladislao Cabrera"", ""imun"": ""01"", ""nombre_mun"": ""Salinas de Garci Mendoza (Autonomía Indígena Originario Campesina de Salinas)"", ""capital"": ""Salinas de Garcí Mendoza"", ""superficie_km2"": 5591.5, ""code"": ""040801""}"
Feature,"{""type"": ""Polygon"", ""coordinates"": [[[-67.0531, -19.0903], [-67.0975, -19.0735], [-67.2844, -19.1053], [-67.3342, -19.0765], [-67.3733, -19.1494], [-67.3516, -19.2368], [-67.2798, -19.2477], [-67.1704, -19.36], [-67.2185, -19.3822], [-67.2094, -19.4463], [-67.1058, -19.4064], [-67.0892, -19.3756], [-67.0025, -19.3793], [-66.9922, -19.2812], [-67.0137, -19.1954], [-67.0511, -19.1405], [-67.0531, -19.0903]]]}","{""idep"": ""04"", ""nombre_dep"": ""Oruro"", ""iprov"": ""08"", ""nombre_prov"": ""Ladislao Cabrera"", ""imun"": ""02"", ""nombre_mun"": ""Pampa Aullagas"", ""capital"": ""Pampa Aullagas"", ""superficie_km2"": 1011.6, ""code"": ""040802""}"
Feature,"{""type"": ""Polygon"", ""coordinates"": [[[-68.4791, -18.6176], [-68.5827, -18.6071], [-68.6831, -18.5705], [-68.7389, -18.5255], [-68.8715, -18.5632], [-68.9102, -18.5858], [-69.0074, -18.6012], [-69.0145, -18.6331], [-68.9124, -18.8924], [-68.9502, -18.9368], [-68.8896, -19.0434], [-68.806, -19.0836], [-68.8412, -18.9857], [-68.7722, -18.9407], [-68.687, -18.9742], [-68.6876, -18.9561], [-68.7617, -18.8746], [-68.684, -18.8292], [-68.6481, -18.8643], [-68.5991, -18.8476], [-68.568, -18.9165], [-68.5871, -18.9837], [-68.6197, -19.1216], [-68.7131, -19.1702], [-68.6283, -19.251], [-68.6197, -19.2765], [-68.4737, -19.3197], [-68.4313, -19.2609], [-68.3837, -19.2461], [-68.3538, -19.197], [-68.2385, -19.1916], [-68.1766, -19.1424], [-68.1705, -19.0315], [-68.2113, -19.0482], [-68.2945, -18.9649], [-68.3505, -18.9139], [-68.4469, -18.8569], [-68.4648, -18.81], [-68.4964, -18.717], [-68.4791, -18.6176]]]}","{""idep"": ""04"", ""nombre_dep"": ""Oruro"", ""iprov"": ""09"", ""nombre_prov"": ""Sabaya"", ""imun"": ""01"", ""nombre_mun"": ""Sabaya"", ""capital"": ""Sabaya"", ""superficie_km2"": 3588.9, ""code"": ""040901""}"
Feature,"{""type"": ""Polygon"", ""coordinates"": [[[-68.3321, -19.2605], [-68.3632, -19.3077], [-68.3512, -19.3931], [-68.291, -19.4017], [-68.2399, -19.3523], [-68.267, -19.2547], [-68.3321, -19.2605]]]}","{""idep"": ""04"", ""nombre_dep"": ""Oruro"", ""iprov"": ""09"", ""nombre_prov"": ""Sabaya"", ""imun"": ""02"", ""nombre_mun"": ""Coipasa"", ""capital"": ""Coipasa"", ""superficie_km2"": 202.9, ""code"": ""040902""}"
Feature,"{""type"": ""Polygon"", ""coordinates"": [[[-67.895, -19.0285], [-68.0381, -18.9845], [-68.1705, -19.0315], [-68.1766, -19.1424], [-68.1257, -19.1134], [-68.0968, -19.1497], [-68.0216, -19.1217], [-67.9226, -19.0935], [-67.8935, -19.0573], [-67.895, -19.0285]]]}","{""idep"": ""04"", ""nombre_dep"": ""Oruro"", ""iprov"": ""09"", ""nombre_prov"": ""Sabaya"", ""imun"": ""03"", ""nombre_mun"": ""Uru Chipaya (Nación Originaria Uru Chipaya)"", ""capital"": ""Chipaya"", ""superficie_km2"": 354, ""code"": ""040903""}"
Feature,"{""type"": ""Polygon"", ""coordinates"": [[[-67.3353, -18.0021], [-67.3854, -17.9203], [-67.3979, -17.8683], [-67.4589, -17.7784], [-67.6171, -17.9006], [-67.5858, -17.9708], [-67.6143, -18.0588], [-67.6676, -18.0872], [-67.6548, -18.1674], [-67.6229, -18.1699], [-67.5669, -18.3023], [-67.5092, -18.341], [-67.5448, -18.3751], [-67.5481, -18.4613], [-67.5057, -18.5076], [-67.5238, -18.5464], [-67.5084, -18.6002], [-67.4692, -18.6476], [-67.322, -18.7362], [-67.1304, -18.7379], [-67.1711, -18.6838], [-67.2448, -18.6614], [-67.2664, -18.6329], [-67.2426, -18.5779], [-67.2817, -18.521], [-67.1998, -18.3455], [-67.2228, -18.2945], [-67.24, -18.1647], [-67.2607, -18.1032], [-67.3184, -18.0665], [-67.3353, -18.0021]]]}","{""idep"": ""04"", ""nombre_dep"": ""Oruro"", ""iprov"": ""10"", ""nombre_prov"": ""Saucarí"", ""imun"": ""01"", ""nombre_mun"": ""Toledo"", ""capital"": ""Toledo"", ""superficie_km2"": 3035.1, ""code"": ""041001""}"
Feature,"{""type"": ""Polygon"", ""coordinates"": [[[-67.3938, -17.5606], [-67.4297, -17.5605], [-67.4723, -17.5079], [-67.5034, -17.5173], [-67.5489, -17.5864], [-67.5161, -17.6717], [-67.4843, -17.7337], [-67.4164, -17.7467], [-67.324, -17.633], [-67.3938, -17.5606]]]}","{""idep"": ""04"", ""nombre_dep"": ""Oruro"", ""iprov"": ""11"", ""nombre_prov"": ""Tomás Barrón"", ""imun"": ""01"", ""nombre_mun"": ""Eucaliptus"", ""capital"": ""Eucaliptus"", ""superficie_km2"": 364.3, ""code"": ""041101""}"
Feature,"{""type"": ""Polygon"", ""coordinates"": [[[-67.1304, -18.7379], [-67.322, -18.7362], [-67.4692, -18.6476], [-67.5084, -18.6002], [-67.5787, -18.6673], [-67.6649, -18.677], [-67.5986, -18.8148], [-67.5982, -18.8708], [-67.6423, -18.8887], [-67.6833, -18.9469], [-67.6894, -19.0046], [-67.6546, -19.0412], [-67.5804, -19.0759], [-67.5402, -19.0546], [-67.414, -19.0535], [-67.3342, -19.0765], [-67.2844, -19.1053], [-67.0975, -19.0735], [-67.0531, -19.0903], [-67.0805, -19.008], [-67.0621, -18.9096], [-67.0922, -18.8744], [-67.1647, -18.8408], [-67.2084, -18.7926], [-67.1304, -18.7379]]]}","{""idep"": ""04"", ""nombre_dep"": ""Oruro"", ""iprov"": ""12"", ""nombre_prov"": ""Sur Carangas"", ""imun"": ""01"", ""nombre_mun"": ""Andamarca"", ""capital"": ""Santiago de Andamarca"", ""superficie_km2"": 2314.7, ""code"": ""041201""}"
Feature,"{""type"": ""Polygon"", ""coordinates"": [[[-67.5804, -19.0759], [-67.6546, -19.0412], [-67.6894, -19.0046], [-67.6833, -18.9469], [-67.6423, -18.8887], [-67.5982, -18.8708], [-67.5986, -18.8148], [-67.6649, -18.677], [-67.7173, -18.6817], [-67.7425, -18.7161], [-67.8786, -18.8004], [-67.9293, -18.8146], [-67.933, -18.8359], [-67.9156, -18.8425], [-67.8882, -18.9526], [-67.8485, -18.9885], [-67.895, -19.0285], [-67.8935, -19.0573], [-67.7961, -19.0778], [-67.753, -19.0712], [-67.6984, -19.1042], [-67.6389, -19.0703], [-67.5804, -19.0759]]]}","{""idep"": ""04"", ""nombre_dep"": ""Oruro"", ""iprov"": ""12"", ""nombre_prov"": ""Sur Carangas"", ""imun"": ""02"", ""nombre_mun"": ""Belén de Andamarca"", ""capital"": ""Belén de Andamarca"", ""superficie_km2"": 1063, ""code"": ""041202""}"
Feature,"{""type"": ""Polygon"", ""coordinates"": [[[-68.1905, -17.6546], [-68.2088, -17.6692], [-68.2894, -17.6152], [-68.3423, -17.6743], [-68.3249, -17.7597], [-68.3472, -17.8463], [-68.349, -17.9726], [-68.3149, -17.9774], [-68.326, -18.07], [-68.2602, -18.0238], [-68.2058, -18.01], [-68.1543, -18.0375], [-68.1124, -18.0426], [-68.0026, -18.0132], [-67.9384, -17.9535], [-68.0073, -17.9009], [-68.0511, -17.7746], [-68.0003, -17.7411], [-68.0853, -17.7152], [-68.1905, -17.6546]]]}","{""idep"": ""04"", ""nombre_dep"": ""Oruro"", ""iprov"": ""13"", ""nombre_prov"": ""San Pedro de Totora"", ""imun"": ""01"", ""nombre_mun"": ""Totora"", ""capital"": ""Totora"", ""superficie_km2"": 1370.2, ""code"": ""041301""}"
Feature,"{""type"": ""Polygon"", ""coordinates"": [[[-66.1889, -19.2421], [-66.2897, -19.1629], [-66.3457, -19.176], [-66.4099, -19.1371], [-66.4542, -19.0707], [-66.4009, -19.012], [-66.4428, -18.9948], [-66.4532, -18.9171], [-66.5779, -18.9466], [-66.7034, -18.949], [-66.8636, -18.9716], [-66.8629, -19.0374], [-66.9205, -19.1395], [-66.81, -19.1872], [-66.812, -19.2599], [-66.6511, -19.3322], [-66.6101, -19.3155], [-66.5021, -19.3599], [-66.4291, -19.4063], [-66.3903, -19.4576], [-66.3569, -19.4537], [-66.2721, -19.3032], [-66.1889, -19.2421]]]}","{""idep"": ""04"", ""nombre_dep"": ""Oruro"", ""iprov"": ""14"", ""nombre_prov"": ""Sebastián Pagador"", ""imun"": ""01"", ""nombre_mun"": ""Santiago de Huari"", ""capital"": ""Santiago de Huari"", ""superficie_km2"": 2390, ""code"": ""041401""}"
Feature,"{""type"": ""Polygon"", ""coordinates"": [[[-68.5871, -18.9837], [-68.6876, -18.9561], [-68.687, -18.9742], [-68.7105, -19.0923], [-68.7509, -19.133], [-68.7131, -19.1702], [-68.6197, -19.1216], [-68.5871, -18.9837]]]}","{""idep"": ""04"", ""nombre_dep"": ""Oruro"", ""iprov"": ""15"", ""nombre_prov"": ""Mejillones"", ""imun"": ""01"", ""nombre_mun"": ""La Rivera"", ""capital"": ""La Rivera"", ""superficie_km2"": 217.4, ""code"": ""041501""}"
Feature,"{""type"": ""Polygon"", ""coordinates"": [[[-68.687, -18.9742], [-68.7722, -18.9407], [-68.8412, -18.9857], [-68.806, -19.0836], [-68.7509, -19.133], [-68.7105, -19.0923], [-68.687, -18.9742]]]}","{""idep"": ""04"", ""nombre_dep"": ""Oruro"", ""iprov"": ""15"", ""nombre_prov"": ""Mejillones"", ""imun"": ""02"", ""nombre_mun"": ""Todos Santos"", ""capital"": ""Todos Santos"", ""superficie_km2"": 217.5, ""code"": ""041502""}"
Feature,"{""type"": ""Polygon"", ""coordinates"": [[[-68.5871, -18.9837], [-68.568, -18.9165], [-68.5991, -18.8476], [-68.6481, -18.8643], [-68.684, -18.8292], [-68.7617, -18.8746], [-68.6876, -18.9561], [-68.5871, -18.9837]]]}","{""idep"": ""04"", ""nombre_dep"": ""Oruro"", ""iprov"": ""15"", ""nombre_prov"": ""Mejillones"", ""imun"": ""03"", ""nombre_mun"": ""Carangas"", ""capital"": ""Carangas"", ""superficie_km2"": 226.4, ""code"": ""041503""}"
Feature,"{""type"": ""Polygon"", ""coordinates"": [[[-67.8835, -17.8052], [-68.0003, -17.7411], [-68.0511, -17.7746], [-68.0073, -17.9009], [-67.9384, -17.9535], [-67.9124, -18.0097], [-67.857, -18.054], [-67.7735, -18.0288], [-67.7303, -18.0843], [-67.6676, -18.0872], [-67.6143, -18.0588], [-67.5858, -17.9708], [-67.6171, -17.9006], [-67.696, -17.9116], [-67.7315, -17.8593], [-67.7905, -17.8806], [-67.8835, -17.8052]]]}","{""idep"": ""04"", ""nombre_dep"": ""Oruro"", ""iprov"": ""16"", ""nombre_prov"": ""Nor Carangas"", ""imun"": ""01"", ""nombre_mun"": ""Santiago de Huayllamarca"", ""capital"": ""Santiago de Huayllamarca"", ""superficie_km2"": 897.7, ""code"": ""041601""}"
Feature,"{""type"": ""Polygon"", ""coordinates"": [[[-65.5495, -19.4229], [-65.5514, -19.369], [-65.5878, -19.321], [-65.6924, -19.2915], [-65.7633, -19.3049], [-65.7915, -19.3642], [-65.8528, -19.3659], [-65.854, -19.4082], [-65.8144, -19.4495], [-65.8355, -19.4975], [-65.7853, -19.5478], [-65.805, -19.5936], [-65.879, -19.6193], [-65.9304, -19.6924], [-65.8357, -19.7059], [-65.7666, -19.783], [-65.6915, -19.8239], [-65.6669, -19.7604], [-65.6379, -19.7142], [-65.6748, -19.6202], [-65.6363, -19.5436], [-65.5929, -19.5208], [-65.5789, -19.472], [-65.5495, -19.4229]]]}","{""idep"": ""05"", ""nombre_dep"": ""Potosí"", ""iprov"": ""01"", ""nombre_prov"": ""Tomás Frías"", ""imun"": ""01"", ""nombre_mun"": ""Potosí"", ""capital"": ""Potosí"", ""superficie_km2"": 1190.2, ""code"": ""050101""}"
Feature,"{""type"": ""Polygon"", ""coordinates"": [[[-65.8638, -18.9797], [-65.934, -18.9728], [-65.9963, -18.9904], [-66.093, -19.0851], [-66.1301, -19.2456], [-66.1254, -19.2894], [-66.072, -19.3264], [-66.0376, -19.3386], [-65.9742, -19.2836], [-65.8916, -19.2967], [-65.8528, -19.3659], [-65.7915, -19.3642], [-65.7633, -19.3049], [-65.6924, -19.2915], [-65.7063, -19.1772], [-65.6572, -19.1468], [-65.6883, -19.1422], [-65.7689, -19.0307], [-65.823, -19.027], [-65.8638, -18.9797]]]}","{""idep"": ""05"", ""nombre_dep"": ""Potosí"", ""iprov"": ""01"", ""nombre_prov"": ""Tomás Frías"", ""imun"": ""02"", ""nombre_mun"": ""Tinguipaya"", ""capital"": ""Tinguipaya"", ""superficie_km2"": 1421.6, ""code"": ""050102""}"
Feature,"{""type"": ""Polygon"", ""coordinates"": [[[-65.8528, -19.3659], [-65.8916, -19.2967], [-65.9742, -19.2836], [-66.0376, -19.3386], [-66.072, -19.3264], [-66.0231, -19.383], [-66.0144, -19.5187], [-66.1079, -19.6433], [-66.0791, -19.6776], [-65.9928, -19.6706], [-65.9304, -19.6924], [-65.879, -19.6193], [-65.805, -19.5936], [-65.7853, -19.5478], [-65.8355, -19.4975], [-65.8144, -19.4495], [-65.854, -19.4082], [-65.8528, -19.3659]]]}","{""idep"": ""05"", ""nombre_dep"": ""Potosí"", ""iprov"": ""01"", ""nombre_prov"": ""Tomás Frías"", ""imun"": ""03"", ""nombre_mun"": ""Yocalla"", ""capital"": ""Villa de Yocalla"", ""superficie_km2"": 897.1, ""code"": ""050103""}"
Feature,"{""type"": ""Polygon"", ""coordinates"": [[[-66.1301, -19.2456], [-66.1889, -19.2421], [-66.2721, -19.3032], [-66.3569, -19.4537], [-66.3604, -19.49], [-66.3088, -19.5937], [-66.2292, -19.6589], [-66.194, -19.7069], [-66.0791, -19.6776], [-66.1079, -19.6433], [-66.0144, -19.5187], [-66.0231, -19.383], [-66.072, -19.3264], [-66.1254, -19.2894], [-66.1301, -19.2456]]]}","{""idep"": ""05"", ""nombre_dep"": ""Potosí"", ""iprov"": ""01"", ""nombre_prov"": ""Tomás Frías"", ""imun"": ""04"", ""nombre_mun"": ""Urmiri"", ""capital"": ""Belén de Urmiri"", ""superficie_km2"": 1240.1, ""code"": ""050104""}"
Feature,"{""type"": ""Polygon"", ""coordinates"": [[[-66.5025, -18.4398], [-66.5551, -18.4387], [-66.6831, -18.4825], [-66.6442, -18.6303], [-66.6179, -18.6456], [-66.5321, -18.7737], [-66.4831, -18.7697], [-66.4376, -18.7082], [-66.4388, -18.6711], [-66.3872, -18.5665], [-66.5025, -18.4398]]]}","{""idep"": ""05"", ""nombre_dep"": ""Potosí"", ""iprov"": ""02"", ""nombre_prov"": ""Rafael Bustillo"", ""imun"": ""01"", ""nombre_mun"": ""Uncía"", ""capital"": ""Uncía"", ""superficie_km2"": 693.2, ""code"": ""050201""}"
Feature,"{""type"": ""Polygon"", ""coordinates"": [[[-66.2976, -18.3813], [-66.3557, -18.316], [-66.3049, -18.2257], [-66.3647, -18.2067], [-66.4018, -18.2344], [-66.4165, -18.259], [-66.4484, -18.3187], [-66.4485, -18.4051], [-66.5025, -18.4398], [-66.3872, -18.5665], [-66.3462, -18.5191], [-66.2787, -18.5536], [-66.1896, -18.5173], [-66.207, -18.4598], [-66.2976, -18.3813]]]}","{""idep"": ""05"", ""nombre_dep"": ""Potosí"", ""iprov"": ""02"", ""nombre_prov"": ""Rafael Bustillo"", ""imun"": ""02"", ""nombre_mun"": ""Chayanta"", ""capital"": ""Chayanta"", ""superficie_km2"": 627.8, ""code"": ""050202""}"
Feature,"{""type"": ""Polygon"", ""coordinates"": [[[-66.4165, -18.259], [-66.5439, -18.2711], [-66.6614, -18.2956], [-66.7293, -18.3405], [-66.6986, -18.4032], [-66.6831, -18.4825], [-66.5551, -18.4387], [-66.5025, -18.4398], [-66.4485, -18.4051], [-66.4484, -18.3187], [-66.4165, -18.259]]]}","{""idep"": ""05"", ""nombre_dep"": ""Potosí"", ""iprov"": ""02"", ""nombre_prov"": ""Rafael Bustillo"", ""imun"": ""03"", ""nombre_mun"": ""Llallagua"", ""capital"": ""Llallagua"", ""superficie_km2"": 524.4, ""code"": ""050203""}"
Feature,"{""type"": ""Polygon"", ""coordinates"": [[[-66.2787, -18.5536], [-66.3462, -18.5191], [-66.3872, -18.5665], [-66.4388, -18.6711], [-66.4376, -18.7082], [-66.3797, -18.7384], [-66.2764, -18.6635], [-66.2787, -18.5536]]]}","{""idep"": ""05"", ""nombre_dep"": ""Potosí"", ""iprov"": ""02"", ""nombre_prov"": ""Rafael Bustillo"", ""imun"": ""04"", ""nombre_mun"": ""Chuquihuta Ayllu Jucumani"", ""capital"": ""Chuquihuta Ayllu Jucumani"", ""superficie_km2"": 260.6, ""code"": ""050204""}"
Feature,"{""type"": ""Polygon"", ""coordinates"": [[[-65.3753, -19.2362], [-65.4634, -19.292], [-65.4671, -19.4138], [-65.5495, -19.4229], [-65.5789, -19.472], [-65.5351, -19.5611], [-65.436, -19.5824], [-65.4032, -19.6055], [-65.3173, -19.625], [-65.2616, -19.6125], [-65.1784, -19.5169], [-65.0771, -19.5285], [-65.0546, -19.625], [-64.9803, -19.6276], [-64.9704, -19.5711], [-64.8909, -19.5281], [-64.893, -19.4932], [-64.8369, -19.4695], [-64.8793, -19.3973], [-64.9002, -19.3741], [-64.9704, -19.3468], [-65.0561, -19.3858], [-65.1698, -19.3604], [-65.232, -19.32], [-65.3173, -19.3002], [-65.3753, -19.2362]]]}","{""idep"": ""05"", ""nombre_dep"": ""Potosí"", ""iprov"": ""03"", ""nombre_prov"": ""Cornelio Saavedra"", ""imun"": ""01"", ""nombre_mun"": ""Betanzos"", ""capital"": ""Villa de Betanzos"", ""superficie_km2"": 1866.4, ""code"": ""050301""}"
Feature,"{""type"": ""Polygon"", ""coordinates"": [[[-65.4032, -19.6055], [-65.436, -19.5824], [-65.5351, -19.5611], [-65.5789, -19.472], [-65.5929, -19.5208], [-65.6363, -19.5436], [-65.6748, -19.6202], [-65.6379, -19.7142], [-65.4767, -19.6934], [-65.3847, -19.6619], [-65.4032, -19.6055]]]}","{""idep"": ""05"", ""nombre_dep"": ""Potosí"", ""iprov"": ""03"", ""nombre_prov"": ""Cornelio Saavedra"", ""imun"": ""02"", ""nombre_mun"": ""Chaquí"", ""capital"": ""Chaquí"", ""superficie_km2"": 464.7, ""code"": ""050302""}"
Feature,"{""type"": ""Polygon"", ""coordinates"": [[[-65.5873, -18.9978], [-65.6328, -19.0112], [-65.6572, -19.1468], [-65.7063, -19.1772], [-65.6924, -19.2915], [-65.5878, -19.321], [-65.5514, -19.369], [-65.5495, -19.4229], [-65.4671, -19.4138], [-65.4634, -19.292], [-65.3753, -19.2362], [-65.3929, -19.1726], [-65.4062, -19.1438], [-65.5409, -19.0854], [-65.5873, -18.9978]]]}","{""idep"": ""05"", ""nombre_dep"": ""Potosí"", ""iprov"": ""03"", ""nombre_prov"": ""Cornelio Saavedra"", ""imun"": ""03"", ""nombre_mun"": ""Tacobamba"", ""capital"": ""Tacobamba"", ""superficie_km2"": 888.3, ""code"": ""050303""}"
Feature,"{""type"": ""Polygon"", ""coordinates"": [[[-65.7025, -18.6085], [-65.7707, -18.5247], [-65.857, -18.4767], [-65.9127, -18.5407], [-65.8917, -18.5744], [-65.9652, -18.6284], [-66.0552, -18.6047], [-66.0199, -18.6877], [-66.0665, -18.745], [-65.9803, -18.7727], [-65.9114, -18.8254], [-65.8918, -18.8131], [-65.941, -18.7607], [-65.8106, -18.7127], [-65.742, -18.6414], [-65.7025, -18.6085]]]}","{""idep"": ""05"", ""nombre_dep"": ""Potosí"", ""iprov"": ""04"", ""nombre_prov"": ""Chayanta"", ""imun"": ""01"", ""nombre_mun"": ""Colquechaca"", ""capital"": ""Colquechaca"", ""superficie_km2"": 669.3, ""code"": ""050401""}"
Feature,"{""type"": ""Polygon"", ""coordinates"": [[[-65.4017, -18.9038], [-65.4343, -18.8216], [-65.4292, -18.748], [-65.4006, -18.702], [-65.4227, -18.6048], [-65.486, -18.5908], [-65.5256, -18.5286], [-65.6238, -18.5011], [-65.6194, -18.5426], [-65.6612, -18.6152], [-65.7025, -18.6085], [-65.742, -18.6414], [-65.7472, -18.7238], [-65.687, -18.7787], [-65.6997, -18.8583], [-65.6393, -18.9513], [-65.6328, -19.0112], [-65.5873, -18.9978], [-65.5324, -18.9765], [-65.4809, -18.9259], [-65.4017, -18.9038]]]}","{""idep"": ""05"", ""nombre_dep"": ""Potosí"", ""iprov"": ""04"", ""nombre_prov"": ""Chayanta"", ""imun"": ""02"", ""nombre_mun"": ""Ravelo"", ""capital"": ""Ravelo"", ""superficie_km2"": 1346.8, ""code"": ""050402""}"
Feature,"{""type"": ""Polygon"", ""coordinates"": [[[-65.9127, -18.5407], [-65.9959, -18.5198], [-66.1154, -18.4169], [-66.1627, -18.4083], [-66.207, -18.4598], [-66.1896, -18.5173], [-66.2787, -18.5536], [-66.2764, -18.6635], [-66.3797, -18.7384], [-66.3268, -18.8738], [-66.2581, -18.8428], [-66.2357, -18.8096], [-66.1724, -18.7825], [-66.1139, -18.8118], [-66.0665, -18.745], [-66.0199, -18.6877], [-66.0552, -18.6047], [-65.9652, -18.6284], [-65.8917, -18.5744], [-65.9127, -18.5407]]]}","{""idep"": ""05"", ""nombre_dep"": ""Potosí"", ""iprov"": ""04"", ""nombre_prov"": ""Chayanta"", ""imun"": ""03"", ""nombre_mun"": ""Pocoata"", ""capital"": ""Pocoata"", ""superficie_km2"": 1182.9, ""code"": ""050403""}"
Feature,"{""type"": ""Polygon"", ""coordinates"": [[[-65.6572, -19.1468], [-65.6328, -19.0112], [-65.6393, -18.9513], [-65.6997, -18.8583], [-65.687, -18.7787], [-65.7472, -18.7238], [-65.742, -18.6414], [-65.8106, -18.7127], [-65.941, -18.7607], [-65.8918, -18.8131], [-65.9114, -18.8254], [-65.8757, -18.8599], [-65.8522, -18.9467], [-65.8638, -18.9797], [-65.823, -19.027], [-65.7689, -19.0307], [-65.6883, -19.1422], [-65.6572, -19.1468]]]}","{""idep"": ""05"", ""nombre_dep"": ""Potosí"", ""iprov"": ""04"", ""nombre_prov"": ""Chayanta"", ""imun"": ""04"", ""nombre_mun"": ""Ocurí"", ""capital"": ""Ocurí"", ""superficie_km2"": 858.1, ""code"": ""050404""}"
Feature,"{""type"": ""Polygon"", ""coordinates"": [[[-65.9114, -18.8254], [-65.9803, -18.7727], [-66.0665, -18.745], [-66.1139, -18.8118], [-66.1724, -18.7825], [-66.2357, -18.8096], [-66.2581, -18.8428], [-66.3268, -18.8738], [-66.2816, -19.0147], [-66.1839, -18.9849], [-66.1762, -19.0207], [-66.093, -19.0851], [-65.9963, -18.9904], [-65.934, -18.9728], [-65.8638, -18.9797], [-65.8522, -18.9467], [-65.8757, -18.8599], [-65.9114, -18.8254]]]}","{""idep"": ""05"", ""nombre_dep"": ""Potosí"", ""iprov"": ""04"", ""nombre_prov"": ""Chayanta"", ""imun"": ""05"", ""nombre_mun"": ""San Pedro de Macha"", ""capital"": ""San Pedro de Macha"", ""superficie_km2"": 1065, ""code"": ""050405""}"
Feature,"{""type"": ""Polygon"", ""coordinates"": [[[-65.9156, -18.1683], [-65.9802, -18.1579], [-66.0221, -18.1085], [-66.1506, -18.0695], [-66.1853, -18.0805], [-66.1996, -18.1598], [-66.2885, -18.2698], [-66.2481, -18.3557], [-66.2976, -18.3813], [-66.207, -18.4598], [-66.1627, -18.4083], [-66.1154, -18.4169], [-65.9959, -18.5198], [-65.9127, -18.5407], [-65.857, -18.4767], [-65.7707, -18.5247], [-65.7025, -18.6085], [-65.6612, -18.6152], [-65.6194, -18.5426], [-65.6238, -18.5011], [-65.6233, -18.4637], [-65.6843, -18.4167], [-65.6939, -18.3519], [-65.7834, -18.2994], [-65.8439, -18.193], [-65.9156, -18.1683]]]}","{""idep"": ""05"", ""nombre_dep"": ""Potosí"", ""iprov"": ""05"", ""nombre_prov"": ""Charcas"", ""imun"": ""01"", ""nombre_mun"": ""San Pedro"", ""capital"": ""San Pedro"", ""superficie_km2"": 2198.7, ""code"": ""050501""}"
Feature,"{""type"": ""Polygon"", ""coordinates"": [[[-65.8, -18.0097], [-65.8452, -17.9742], [-65.9229, -17.994], [-65.9551, -18.0556], [-65.8973, -18.1216], [-65.9156, -18.1683], [-65.8439, -18.193], [-65.7834, -18.2994], [-65.6939, -18.3519], [-65.5936, -18.3741], [-65.5454, -18.4044], [-65.5064, -18.3868], [-65.3666, -18.4354], [-65.3457, -18.4179], [-65.3536, -18.406], [-65.4622, -18.343], [-65.502, -18.2586], [-65.534, -18.2423], [-65.5346, -18.2426], [-65.5966, -18.2037], [-65.6662, -18.1263], [-65.7089, -18.0783], [-65.8, -18.0097]]]}","{""idep"": ""05"", ""nombre_dep"": ""Potosí"", ""iprov"": ""05"", ""nombre_prov"": ""Charcas"", ""imun"": ""02"", ""nombre_mun"": ""Toro Toro"", ""capital"": ""Toro Toro"", ""superficie_km2"": 1173.7, ""code"": ""050502""}"
Feature,"{""type"": ""Polygon"", ""coordinates"": [[[-65.5543, -20.292], [-65.715, -20.1947], [-65.7694, -20.1278], [-65.8102, -20.0126], [-65.8821, -19.9682], [-65.8932, -19.9714], [-65.9208, -20.0667], [-65.9045, -20.1708], [-65.9409, -20.2198], [-65.9049, -20.2901], [-65.9337, -20.3848], [-65.934, -20.3854], [-65.9317, -20.3891], [-65.9309, -20.3898], [-65.9309, -20.3904], [-65.9265, -20.3956], [-65.9228, -20.4046], [-65.9221, -20.4201], [-66.0075, -20.5041], [-66.0459, -20.5135], [-66.0924, -20.4651], [-66.1996, -20.4822], [-66.2182, -20.5228], [-66.1907, -20.5606], [-66.2014, -20.6281], [-66.1832, -20.7092], [-66.2337, -20.7808], [-66.1667, -20.8727], [-66.0844, -20.9115], [-65.9473, -20.9423], [-65.8744, -20.9843], [-65.8916, -21.08], [-65.8335, -21.0811], [-65.7742, -21.1397], [-65.7001, -21.1726], [-65.5628, -21.1056], [-65.4853, -21.1199], [-65.4186, -21.0958], [-65.3907, -20.8976], [-65.3483, -20.8572], [-65.3715, -20.7722], [-65.3473, -20.6222], [-65.3878, -20.5576], [-65.4357, -20.5608], [-65.4498, -20.6218], [-65.5165, -20.5693], [-65.5556, -20.5994], [-65.6506, -20.569], [-65.5856, -20.5331], [-65.5684, -20.4682], [-65.6084, -20.4222], [-65.5712, -20.3997], [-65.5543, -20.292]]]}","{""idep"": ""05"", ""nombre_dep"": ""Potosí"", ""iprov"": ""06"", ""nombre_prov"": ""Nor Chichas"", ""imun"": ""01"", ""nombre_mun"": ""Cotagaita"", ""capital"": ""Cotagaita"", ""superficie_km2"": 6459.7, ""code"": ""050601""}"
Feature,"{""type"": ""Polygon"", ""coordinates"": [[[-65.3137, -20.2305], [-65.3756, -20.2148], [-65.3287, -20.1222], [-65.4185, -20.0508], [-65.4657, -20.0455], [-65.5016, -20.0809], [-65.553, -20.1396], [-65.5543, -20.292], [-65.5712, -20.3997], [-65.6084, -20.4222], [-65.5684, -20.4682], [-65.5856, -20.5331], [-65.6506, -20.569], [-65.5556, -20.5994], [-65.5165, -20.5693], [-65.4498, -20.6218], [-65.4357, -20.5608], [-65.3878, -20.5576], [-65.3276, -20.5119], [-65.2686, -20.5047], [-65.2713, -20.457], [-65.2218, -20.3138], [-65.2824, -20.233], [-65.3137, -20.2305]]]}","{""idep"": ""05"", ""nombre_dep"": ""Potosí"", ""iprov"": ""06"", ""nombre_prov"": ""Nor Chichas"", ""imun"": ""02"", ""nombre_mun"": ""Vitichi"", ""capital"": ""Vitiche"", ""superficie_km2"": 1612.6, ""code"": ""050602""}"
Feature,"{""type"": ""Polygon"", ""coordinates"": [[[-66.2723, -17.9559], [-66.372, -17.9566], [-66.4314, -17.9734], [-66.5335, -18.0584], [-66.5239, -18.0895], [-66.4889, -18.1528], [-66.4387, -18.1826], [-66.4018, -18.2344], [-66.3647, -18.2067], [-66.3049, -18.2257], [-66.3557, -18.316], [-66.2976, -18.3813], [-66.2481, -18.3557], [-66.2885, -18.2698], [-66.1996, -18.1598], [-66.1853, -18.0805], [-66.2037, -18.0364], [-66.2723, -17.9559]]]}","{""idep"": ""05"", ""nombre_dep"": ""Potosí"", ""iprov"": ""07"", ""nombre_prov"": ""Alonso de Ibáñez"", ""imun"": ""01"", ""nombre_mun"": ""Sacaca"", ""capital"": ""Villa de Sacaca"", ""superficie_km2"": 909.1, ""code"": ""050701""}"
Feature,"{""type"": ""Polygon"", ""coordinates"": [[[-66.5239, -18.0895], [-66.6083, -18.0866], [-66.7852, -18.1357], [-66.7454, -18.2411], [-66.5964, -18.2365], [-66.5439, -18.2711], [-66.4165, -18.259], [-66.4018, -18.2344], [-66.4387, -18.1826], [-66.4889, -18.1528], [-66.5239, -18.0895]]]}","{""idep"": ""05"", ""nombre_dep"": ""Potosí"", ""iprov"": ""07"", ""nombre_prov"": ""Alonso de Ibáñez"", ""imun"": ""02"", ""nombre_mun"": ""Caripuyo"", ""capital"": ""Caripuyo"", ""superficie_km2"": 518.1, ""code"": ""050702""}"
Feature,"{""type"": ""Polygon"", ""coordinates"": [[[-65.4186, -21.0958], [-65.4853, -21.1199], [-65.5628, -21.1056], [-65.7001, -21.1726], [-65.7742, -21.1397], [-65.8335, -21.0811], [-65.8916, -21.08], [-65.8742, -21.1836], [-65.9087, -21.2057], [-65.9558, -21.1823], [-65.9928, -21.2073], [-66.0122, -21.3185], [-66.0691, -21.3236], [-66.2038, -21.2884], [-66.2776, -21.311], [-66.2692, -21.4262], [-66.2692, -21.5795], [-66.3354, -21.662], [-66.3476, -21.7032], [-66.3236, -21.7651], [-66.2215, -21.7814], [-66.1273, -21.8181], [-66.1199, -21.7664], [-66.0513, -21.7499], [-66.0319, -21.8012], [-65.9313, -21.8353], [-65.8731, -21.7868], [-65.7869, -21.7781], [-65.7265, -21.75], [-65.734, -21.6876], [-65.6833, -21.6701], [-65.5381, -21.6667], [-65.477, -21.7648], [-65.461, -21.8334], [-65.3907, -21.8467], [-65.3589, -21.8394], [-65.3194, -21.7636], [-65.2971, -21.6761], [-65.2616, -21.6304], [-65.2471, -21.4891], [-65.2498, -21.4824], [-65.3117, -21.4858], [-65.3877, -21.5164], [-65.4092, -21.4355], [-65.4371, -21.4265], [-65.4304, -21.3217], [-65.4385, -21.1824], [-65.4085, -21.1222], [-65.4186, -21.0958]]]}","{""idep"": ""05"", ""nombre_dep"": ""Potosí"", ""iprov"": ""08"", ""nombre_prov"": ""Sur Chichas"", ""imun"": ""01"", ""nombre_mun"": ""Tupiza"", ""capital"": ""Tupiza"", ""superficie_km2"": 6164.1, ""code"": ""050801""}"
Feature,"{""type"": ""Polygon"", ""coordinates"": [[[-65.8916, -21.08], [-65.8744, -20.9843], [-65.9473, -20.9423], [-66.0844, -20.9115], [-66.1667, -20.8727], [-66.2337, -20.7808], [-66.3369, -20.8636], [-66.4162, -20.8938], [-66.4843, -20.9531], [-66.4045, -21.0536], [-66.3554, -21.1684], [-66.3506, -21.2633], [-66.2776, -21.311], [-66.2038, -21.2884], [-66.0691, -21.3236], [-66.0122, -21.3185], [-65.9928, -21.2073], [-65.9558, -21.1823], [-65.9087, -21.2057], [-65.8742, -21.1836], [-65.8916, -21.08]]]}","{""idep"": ""05"", ""nombre_dep"": ""Potosí"", ""iprov"": ""08"", ""nombre_prov"": ""Sur Chichas"", ""imun"": ""02"", ""nombre_mun"": ""Atocha"", ""capital"": ""Atocha"", ""superficie_km2"": 2326.8, ""code"": ""050802""}"
Feature,"{""type"": ""Polygon"", ""coordinates"": [[[-66.4843, -20.9531], [-66.5687, -20.9613], [-66.6149, -20.9084], [-66.6891, -20.866], [-66.7509, -20.762], [-66.8031, -20.5766], [-66.8623, -20.5021], [-66.871, -20.4638], [-66.9393, -20.4031], [-67.0894, -20.4869], [-67.1305, -20.6041], [-67.2271, -20.634], [-67.3302, -20.7214], [-67.4807, -20.6688], [-67.5412, -20.6219], [-67.5786, -20.5557], [-67.7272, -20.3854], [-67.7852, -20.5164], [-67.8581, -20.5153], [-67.9888, -20.7201], [-67.9591, -20.7779], [-67.8798, -20.8706], [-67.8645, -21.1047], [-67.9639, -21.1395], [-68.0192, -21.2012], [-67.9715, -21.2759], [-67.967, -21.4025], [-67.9903, -21.4401], [-68.0239, -21.5747], [-68.0529, -21.5856], [-68.0741, -21.652], [-68.1179, -21.6786], [-68.0599, -21.7779], [-68.0706, -21.962], [-67.8163, -21.9636], [-67.7736, -21.9487], [-67.6251, -21.9525], [-67.5634, -21.9819], [-67.4376, -21.9828], [-67.3406, -22.0144], [-67.1544, -22.0059], [-67.0321, -21.9656], [-67.045, -21.8784], [-67.0985, -21.8506], [-67.1882, -21.8268], [-67.279, -21.7864], [-67.445, -21.6691], [-67.5669, -21.5382], [-67.611, -21.518], [-67.6957, -21.3533], [-67.7412, -21.1404], [-67.6881, -21.082], [-67.6274, -21.1116], [-67.5815, -21.0861], [-67.5321, -21.1554], [-67.5221, -21.2144], [-67.4827, -21.2671], [-67.4641, -21.3388], [-67.3468, -21.4752], [-67.2454, -21.5156], [-67.1255, -21.5978], [-67.0244, -21.7023], [-66.9095, -21.5683], [-66.835, -21.5069], [-66.7885, -21.3843], [-66.7614, -21.3496], [-66.6817, -21.3532], [-66.5803, -21.2972], [-66.5262, -21.3153], [-66.4483, -21.3778], [-66.36, -21.381], [-66.2692, -21.4262], [-66.2776, -21.311], [-66.3506, -21.2633], [-66.3554, -21.1684], [-66.4045, -21.0536], [-66.4843, -20.9531]]]}","{""idep"": ""05"", ""nombre_dep"": ""Potosí"", ""iprov"": ""09"", ""nombre_prov"": ""Nor Lípez"", ""imun"": ""01"", ""nombre_mun"": ""Colcha \""K\"""", ""capital"": ""Villa Martín"", ""superficie_km2"": 18188.6, ""code"": ""050901""}"
Feature,"{""type"": ""Polygon"", ""coordinates"": [[[-68.2045, -20.6037], [-68.2533, -20.5703], [-68.3679, -20.5714], [-68.4391, -20.641], [-68.5032, -20.676], [-68.555, -20.7367], [-68.5411, -20.8014], [-68.5691, -20.8945], [-68.5035, -20.9429], [-68.4157, -20.9414], [-68.2951, -21.0978], [-68.1784, -21.3035], [-68.1806, -21.6041], [-68.1179, -21.6786], [-68.0741, -21.652], [-68.0529, -21.5856], [-68.0239, -21.5747], [-67.9903, -21.4401], [-67.967, -21.4025], [-67.9715, -21.2759], [-68.0192, -21.2012], [-67.9639, -21.1395], [-67.8645, -21.1047], [-67.8798, -20.8706], [-67.9591, -20.7779], [-67.9888, -20.7201], [-68.1587, -20.6218], [-68.2045, -20.6037]]]}","{""idep"": ""05"", ""nombre_dep"": ""Potosí"", ""iprov"": ""09"", ""nombre_prov"": ""Nor Lípez"", ""imun"": ""02"", ""nombre_mun"": ""San Pedro de Quemes"", ""capital"": ""Villa San Pedro de Quemes"", ""superficie_km2"": 4349, ""code"": ""050902""}"
Feature,"{""type"": ""Polygon"", ""coordinates"": [[[-66.2692, -21.4262], [-66.36, -21.381], [-66.4483, -21.3778], [-66.5262, -21.3153], [-66.5803, -21.2972], [-66.6817, -21.3532], [-66.7614, -21.3496], [-66.7885, -21.3843], [-66.835, -21.5069], [-66.9095, -21.5683], [-67.0244, -21.7023], [-67.0419, -21.7896], [-67.0985, -21.8506], [-67.045, -21.8784], [-67.0321, -21.9656], [-67.1544, -22.0059], [-67.3406, -22.0144], [-67.4376, -21.9828], [-67.5634, -21.9819], [-67.6251, -21.9525], [-67.7736, -21.9487], [-67.8163, -21.9636], [-68.0706, -21.962], [-68.0024, -22.0393], [-67.9652, -22.0541], [-67.9392, -22.1086], [-67.9541, -22.149], [-67.9222, -22.2423], [-67.9514, -22.3304], [-67.8986, -22.4239], [-67.8926, -22.4991], [-67.8534, -22.5573], [-67.8909, -22.7191], [-67.8832, -22.8344], [-67.799, -22.8812], [-67.588, -22.9066], [-67.1805, -22.814], [-67.1278, -22.7221], [-67.0141, -22.6548], [-67.0273, -22.5409], [-66.973, -22.5407], [-66.9286, -22.4922], [-66.871, -22.4718], [-66.9949, -22.3002], [-66.9114, -22.1366], [-66.8031, -22.0632], [-66.76, -21.9704], [-66.7248, -21.9653], [-66.6375, -21.8553], [-66.663, -21.8053], [-66.61, -21.7721], [-66.4819, -21.7541], [-66.4396, -21.6996], [-66.3857, -21.7065], [-66.3236, -21.7651], [-66.3476, -21.7032], [-66.3354, -21.662], [-66.2692, -21.5795], [-66.2692, -21.4262]]]}","{""idep"": ""05"", ""nombre_dep"": ""Potosí"", ""iprov"": ""10"", ""nombre_prov"": ""Sur Lípez"", ""imun"": ""01"", ""nombre_mun"": ""San Pablo"", ""capital"": ""San Pablo de Lípez"", ""superficie_km2"": 13291.5, ""code"": ""051001""}"
Feature,"{""type"": ""Polygon"", ""coordinates"": [[[-66.3236, -21.7651], [-66.3857, -21.7065], [-66.4396, -21.6996], [-66.4819, -21.7541], [-66.461, -21.8438], [-66.403, -21.856], [-66.3707, -21.9049], [-66.2748, -21.9441], [-66.2354, -21.8508], [-66.2215, -21.7814], [-66.3236, -21.7651]]]}","{""idep"": ""05"", ""nombre_dep"": ""Potosí"", ""iprov"": ""10"", ""nombre_prov"": ""Sur Lípez"", ""imun"": ""02"", ""nombre_mun"": ""Mojinete"", ""capital"": ""Mojinete"", ""superficie_km2"": 400.1, ""code"": ""051002""}"
Feature,"{""type"": ""Polygon"", ""coordinates"": [[[-66.4819, -21.7541], [-66.61, -21.7721], [-66.663, -21.8053], [-66.6375, -21.8553], [-66.7248, -21.9653], [-66.76, -21.9704], [-66.8031, -22.0632], [-66.9114, -22.1366], [-66.9949, -22.3002], [-66.871, -22.4718], [-66.7825, -22.4381], [-66.7393, -22.2385], [-66.6863, -22.2095], [-66.357, -22.1322], [-66.3074, -22.0938], [-66.2781, -22.0207], [-66.2748, -21.9441], [-66.3707, -21.9049], [-66.403, -21.856], [-66.461, -21.8438], [-66.4819, -21.7541]]]}","{""idep"": ""05"", ""nombre_dep"": ""Potosí"", ""iprov"": ""10"", ""nombre_prov"": ""Sur Lípez"", ""imun"": ""03"", ""nombre_mun"": ""San Antonio de Esmoruco"", ""capital"": ""San Antonio de Esmoruco"", ""superficie_km2"": 2528.5, ""code"": ""051003""}"
Feature,"{""type"": ""Polygon"", ""coordinates"": [[[-65.3173, -19.625], [-65.4032, -19.6055], [-65.3847, -19.6619], [-65.4767, -19.6934], [-65.6379, -19.7142], [-65.6669, -19.7604], [-65.6113, -19.7808], [-65.6357, -19.8458], [-65.5754, -19.9067], [-65.5522, -19.8745], [-65.486, -19.8554], [-65.4516, -19.8869], [-65.5028, -20.0001], [-65.5016, -20.0809], [-65.4657, -20.0455], [-65.4185, -20.0508], [-65.3287, -20.1222], [-65.3756, -20.2148], [-65.3137, -20.2305], [-65.3016, -20.1778], [-65.2337, -20.1305], [-65.3051, -20.0261], [-65.2223, -19.9359], [-65.2663, -19.8315], [-65.2308, -19.796], [-65.2498, -19.7247], [-65.3002, -19.689], [-65.3173, -19.625]]]}","{""idep"": ""05"", ""nombre_dep"": ""Potosí"", ""iprov"": ""11"", ""nombre_prov"": ""José María Linares"", ""imun"": ""01"", ""nombre_mun"": ""Puna"", ""capital"": ""Villa Talavera"", ""superficie_km2"": 1472, ""code"": ""051101""}"
Feature,"{""type"": ""Polygon"", ""coordinates"": [[[-65.5016, -20.0809], [-65.5028, -20.0001], [-65.4516, -19.8869], [-65.486, -19.8554], [-65.5522, -19.8745], [-65.5754, -19.9067], [-65.6357, -19.8458], [-65.6113, -19.7808], [-65.6669, -19.7604], [-65.6915, -19.8239], [-65.7666, -19.783], [-65.7602, -19.8751], [-65.8829, -19.9661], [-65.8821, -19.9682], [-65.8102, -20.0126], [-65.7694, -20.1278], [-65.715, -20.1947], [-65.5543, -20.292], [-65.553, -20.1396], [-65.5016, -20.0809]]]}","{""idep"": ""05"", ""nombre_dep"": ""Potosí"", ""iprov"": ""11"", ""nombre_prov"": ""José María Linares"", ""imun"": ""02"", ""nombre_mun"": ""Caiza \""D\"""", ""capital"": ""Caiza \""D\"""", ""superficie_km2"": 1314.3, ""code"": ""051102""}"
Feature,"{""type"": ""Polygon"", ""coordinates"": [[[-64.7775, -19.6649], [-64.8429, -19.5875], [-64.8184, -19.5013], [-64.8369, -19.4695], [-64.893, -19.4932], [-64.8909, -19.5281], [-64.9704, -19.5711], [-64.9803, -19.6276], [-65.0546, -19.625], [-65.0771, -19.5285], [-65.1784, -19.5169], [-65.2616, -19.6125], [-65.3173, -19.625], [-65.3002, -19.689], [-65.2498, -19.7247], [-65.2308, -19.796], [-65.2663, -19.8315], [-65.2223, -19.9359], [-65.1522, -20.0124], [-65.0905, -20.0093], [-65.0831, -19.9319], [-65.0527, -19.8204], [-64.9193, -19.8609], [-64.888, -19.9665], [-64.8508, -19.9811], [-64.795, -19.9028], [-64.776, -19.8402], [-64.7144, -19.7796], [-64.7418, -19.707], [-64.7775, -19.6649]]]}","{""idep"": ""05"", ""nombre_dep"": ""Potosí"", ""iprov"": ""11"", ""nombre_prov"": ""José María Linares"", ""imun"": ""03"", ""nombre_mun"": ""Ckochas"", ""capital"": ""Ckochas"", ""superficie_km2"": 2079.6, ""code"": ""051103""}"
Feature,"{""type"": ""Polygon"", ""coordinates"": [[[-66.3569, -19.4537], [-66.3903, -19.4576], [-66.4291, -19.4063], [-66.5021, -19.3599], [-66.584, -19.421], [-66.6998, -19.4484], [-66.7666, -19.4294], [-66.8452, -19.4547], [-66.9566, -19.3679], [-67.0025, -19.3793], [-67.0892, -19.3756], [-67.1058, -19.4064], [-67.2094, -19.4463], [-67.2641, -19.4287], [-67.2091, -19.6018], [-67.2066, -19.6708], [-67.2566, -19.6993], [-67.291, -19.7652], [-67.2414, -19.7906], [-67.1745, -19.9308], [-67.1842, -19.9944], [-67.1502, -20.038], [-67.1678, -20.13], [-67.0975, -20.2101], [-67.0185, -20.2382], [-66.9672, -20.328], [-66.9267, -20.357], [-66.9393, -20.4031], [-66.871, -20.4638], [-66.8623, -20.5021], [-66.8031, -20.5766], [-66.7509, -20.762], [-66.6891, -20.866], [-66.6149, -20.9084], [-66.5687, -20.9613], [-66.4843, -20.9531], [-66.4162, -20.8938], [-66.3369, -20.8636], [-66.2337, -20.7808], [-66.1832, -20.7092], [-66.2014, -20.6281], [-66.4722, -20.5835], [-66.5783, -20.5986], [-66.6693, -20.5811], [-66.6648, -20.5336], [-66.6901, -20.4736], [-66.6182, -20.3553], [-66.6029, -20.2675], [-66.6519, -20.1941], [-66.6826, -20.2185], [-66.8247, -20.2278], [-66.8164, -20.1785], [-66.7658, -20.137], [-66.6949, -20.1112], [-66.7327, -20.0744], [-66.8291, -20.081], [-66.9124, -20.0457], [-66.9115, -19.986], [-66.8541, -19.9262], [-66.8405, -19.8858], [-66.8676, -19.8334], [-66.927, -19.7954], [-66.8918, -19.7305], [-66.7821, -19.6979], [-66.6531, -19.6276], [-66.6096, -19.6431], [-66.5201, -19.6139], [-66.4349, -19.6427], [-66.3088, -19.5937], [-66.3604, -19.49], [-66.3569, -19.4537]]]}","{""idep"": ""05"", ""nombre_dep"": ""Potosí"", ""iprov"": ""12"", ""nombre_prov"": ""Antonio Quijarro"", ""imun"": ""01"", ""nombre_mun"": ""Uyuni"", ""capital"": ""Uyuni"", ""superficie_km2"": 7612.8, ""code"": ""051201""}"
Feature,"{""type"": ""Polygon"", ""coordinates"": [[[-66.1842, -19.9078], [-66.2065, -19.8126], [-66.194, -19.7069], [-66.2292, -19.6589], [-66.3088, -19.5937], [-66.4349, -19.6427], [-66.5201, -19.6139], [-66.6096, -19.6431], [-66.6531, -19.6276], [-66.7821, -19.6979], [-66.8918, -19.7305], [-66.927, -19.7954], [-66.8676, -19.8334], [-66.8405, -19.8858], [-66.8541, -19.9262], [-66.9115, -19.986], [-66.9124, -20.0457], [-66.8291, -20.081], [-66.7327, -20.0744], [-66.6949, -20.1112], [-66.7658, -20.137], [-66.8164, -20.1785], [-66.8247, -20.2278], [-66.6826, -20.2185], [-66.6519, -20.1941], [-66.6029, -20.2675], [-66.6182, -20.3553], [-66.6901, -20.4736], [-66.6648, -20.5336], [-66.6693, -20.5811], [-66.5783, -20.5986], [-66.4722, -20.5835], [-66.2014, -20.6281], [-66.1907, -20.5606], [-66.2182, -20.5228], [-66.1996, -20.4822], [-66.0924, -20.4651], [-66.0459, -20.5135], [-66.0075, -20.5041], [-65.9221, -20.4201], [-65.9228, -20.4046], [-65.9265, -20.3956], [-65.9309, -20.3904], [-65.9309, -20.3898], [-65.9317, -20.3891], [-65.934, -20.3854], [-65.9343, -20.3863], [-65.9881, -20.4265], [-66.0312, -20.39], [-66.0882, -20.43], [-66.1631, -20.4234], [-66.188, -20.4697], [-66.2503, -20.4514], [-66.2855, -20.3728], [-66.2675, -20.2908], [-66.2697, -20.2185], [-66.2518, -20.0149], [-66.2611, -19.9697], [-66.1842, -19.9078]]]}","{""idep"": ""05"", ""nombre_dep"": ""Potosí"", ""iprov"": ""12"", ""nombre_prov"": ""Antonio Quijarro"", ""imun"": ""02"", ""nombre_mun"": ""Tomave"", ""capital"": ""Tomave"", ""superficie_km2"": 6087.6, ""code"": ""051202""}"
Feature,"{""type"": ""Polygon"", ""coordinates"": [[[-65.9304, -19.6924], [-65.9928, -19.6706], [-66.0791, -19.6776], [-66.194, -19.7069], [-66.2065, -19.8126], [-66.1842, -19.9078], [-66.0939, -19.8687], [-66.0299, -19.8676], [-65.9627, -19.8909], [-65.8829, -19.9661], [-65.7602, -19.8751], [-65.7666, -19.783], [-65.8357, -19.7059], [-65.9304, -19.6924]]]}","{""idep"": ""05"", ""nombre_dep"": ""Potosí"", ""iprov"": ""12"", ""nombre_prov"": ""Antonio Quijarro"", ""imun"": ""03"", ""nombre_mun"": ""Porco"", ""capital"": ""Porco"", ""superficie_km2"": 1002.8, ""code"": ""051203""}"
Feature,"{""type"": ""Polygon"", ""coordinates"": [[[-65.8829, -19.9661], [-65.9627, -19.8909], [-66.0299, -19.8676], [-66.0939, -19.8687], [-66.1842, -19.9078], [-66.2611, -19.9697], [-66.2518, -20.0149], [-66.2697, -20.2185], [-66.2675, -20.2908], [-66.2855, -20.3728], [-66.2503, -20.4514], [-66.188, -20.4697], [-66.1631, -20.4234], [-66.0882, -20.43], [-66.0312, -20.39], [-65.9881, -20.4265], [-65.9343, -20.3863], [-65.9337, -20.3848], [-65.9049, -20.2901], [-65.9409, -20.2198], [-65.9045, -20.1708], [-65.9208, -20.0667], [-65.8932, -19.9714], [-65.8829, -19.9661]]]}","{""idep"": ""05"", ""nombre_dep"": ""Potosí"", ""iprov"": ""12"", ""nombre_prov"": ""Antonio Quijarro"", ""imun"": ""04"", ""nombre_mun"": ""TIOC-Jatun Ayllu Yura"", ""capital"": ""Jatun Ayllu Yura"", ""superficie_km2"": 2120.8, ""code"": ""051204""}"
Feature,"{""type"": ""Polygon"", ""coordinates"": [[[-66.097, -17.8072], [-66.1165, -17.8583], [-66.226, -17.9526], [-66.2517, -17.9343], [-66.2723, -17.9559], [-66.2037, -18.0364], [-66.1853, -18.0805], [-66.1506, -18.0695], [-66.1438, -18.0072], [-66.0578, -17.9903], [-65.9914, -17.923], [-66.0654, -17.825], [-66.097, -17.8072]]]}","{""idep"": ""05"", ""nombre_dep"": ""Potosí"", ""iprov"": ""13"", ""nombre_prov"": ""General Bernardino Bilbao"", ""imun"": ""01"", ""nombre_mun"": ""Arampampa"", ""capital"": ""Arampampa"", ""superficie_km2"": 383.8, ""code"": ""051301""}"
Feature,"{""type"": ""Polygon"", ""coordinates"": [[[-65.9229, -17.994], [-65.9914, -17.923], [-66.0578, -17.9903], [-66.1438, -18.0072], [-66.1506, -18.0695], [-66.0221, -18.1085], [-65.9802, -18.1579], [-65.9156, -18.1683], [-65.8973, -18.1216], [-65.9551, -18.0556], [-65.9229, -17.994]]]}","{""idep"": ""05"", ""nombre_dep"": ""Potosí"", ""iprov"": ""13"", ""nombre_prov"": ""General Bernardino Bilbao"", ""imun"": ""02"", ""nombre_mun"": ""Acasio"", ""capital"": ""Acasio"", ""superficie_km2"": 372.9, ""code"": ""051302""}"
Feature,"{""type"": ""Polygon"", ""coordinates"": [[[-68.0244, -19.634], [-68.0881, -19.5764], [-68.1665, -19.6106], [-68.2355, -19.568], [-68.3521, -19.52], [-68.4406, -19.4404], [-68.5988, -19.6407], [-68.6232, -19.7006], [-68.6889, -19.7484], [-68.6208, -19.7891], [-68.5993, -19.828], [-68.5282, -19.8453], [-68.5216, -19.9243], [-68.5662, -20.0501], [-68.6404, -20.0489], [-68.7635, -20.0787], [-68.7739, -20.1297], [-68.7021, -20.1435], [-68.715, -20.2468], [-68.6594, -20.3355], [-68.7418, -20.3694], [-68.7387, -20.4568], [-68.6662, -20.5166], [-68.52, -20.5873], [-68.4391, -20.641], [-68.3679, -20.5714], [-68.2533, -20.5703], [-68.2045, -20.6037], [-68.149, -20.5377], [-68.2332, -20.5126], [-68.2487, -20.4087], [-68.2749, -20.3279], [-68.2354, -20.2872], [-68.2169, -20.1126], [-68.1872, -20.033], [-68.2315, -19.9302], [-68.1816, -19.9023], [-68.084, -19.7883], [-68.061, -19.7819], [-68.0715, -19.7122], [-68.0394, -19.6991], [-68.0244, -19.634]]]}","{""idep"": ""05"", ""nombre_dep"": ""Potosí"", ""iprov"": ""14"", ""nombre_prov"": ""Daniel Campos"", ""imun"": ""01"", ""nombre_mun"": ""Llica"", ""capital"": ""Llica"", ""superficie_km2"": 5679.9, ""code"": ""051401""}"
Feature,"{""type"": ""MultiPolygon"", ""coordinates"": [[[[-68.2045, -20.6037], [-68.1587, -20.6218], [-67.9888, -20.7201], [-67.8581, -20.5153], [-67.8727, -20.46], [-67.8386, -20.3461], [-67.8891, -20.3067], [-67.9287, -20.2213], [-67.9744, -20.238], [-67.9931, -20.3106], [-67.9905, -20.4078], [-68.022, -20.4203], [-68.0377, -20.5398], [-68.0646, -20.5554], [-68.149, -20.5377], [-68.2045, -20.6037]]], [[[-68.061, -19.7819], [-68.0048, -19.7863], [-67.9624, -19.8292], [-67.9096, -19.7802], [-67.7609, -19.8647], [-67.7452, -19.9123], [-67.5926, -19.9052], [-67.5713, -19.8867], [-67.7145, -19.812], [-67.8217, -19.8096], [-67.8605, -19.7725], [-67.9595, -19.7294], [-68.0244, -19.634], [-68.0394, -19.6991], [-68.0715, -19.7122], [-68.061, -19.7819]]]]}","{""idep"": ""05"", ""nombre_dep"": ""Potosí"", ""iprov"": ""14"", ""nombre_prov"": ""Daniel Campos"", ""imun"": ""02"", ""nombre_mun"": ""Tahua"", ""capital"": ""Tahua"", ""superficie_km2"": 1300.5, ""code"": ""051402""}"
Feature,"{""type"": ""Polygon"", ""coordinates"": [[[-65.3907, -21.8467], [-65.461, -21.8334], [-65.477, -21.7648], [-65.5381, -21.6667], [-65.6833, -21.6701], [-65.734, -21.6876], [-65.7265, -21.75], [-65.7869, -21.7781], [-65.8731, -21.7868], [-65.9313, -21.8353], [-66.0319, -21.8012], [-66.0513, -21.7499], [-66.1199, -21.7664], [-66.1273, -21.8181], [-66.0433, -21.8719], [-66.0482, -21.919], [-65.9248, -21.9336], [-65.8048, -22.0753], [-65.7484, -22.1091], [-65.5861, -22.0977], [-65.5731, -22.0765], [-65.4704, -22.0894], [-65.1866, -22.0853], [-65.1809, -22.0242], [-65.2654, -21.9702], [-65.3349, -21.9654], [-65.409, -21.9151], [-65.3907, -21.8467]]]}","{""idep"": ""05"", ""nombre_dep"": ""Potosí"", ""iprov"": ""15"", ""nombre_prov"": ""Modesto Omiste"", ""imun"": ""01"", ""nombre_mun"": ""Villazón"", ""capital"": ""Villazón"", ""superficie_km2"": 2500.1, ""code"": ""051501""}"
Feature,"{""type"": ""Polygon"", ""coordinates"": [[[-67.0244, -21.7023], [-67.1255, -21.5978], [-67.2454, -21.5156], [-67.3468, -21.4752], [-67.4641, -21.3388], [-67.4827, -21.2671], [-67.5221, -21.2144], [-67.5321, -21.1554], [-67.5815, -21.0861], [-67.6274, -21.1116], [-67.6881, -21.082], [-67.7412, -21.1404], [-67.6957, -21.3533], [-67.611, -21.518], [-67.5669, -21.5382], [-67.445, -21.6691], [-67.279, -21.7864], [-67.1882, -21.8268], [-67.0985, -21.8506], [-67.0419, -21.7896], [-67.0244, -21.7023]]]}","{""idep"": ""05"", ""nombre_dep"": ""Potosí"", ""iprov"": ""16"", ""nombre_prov"": ""Enrique Baldivieso"", ""imun"": ""01"", ""nombre_mun"": ""San Agustín"", ""capital"": ""San Agustín"", ""superficie_km2"": 2345.1, ""code"": ""051601""}"
Feature,"{""type"": ""Polygon"", ""coordinates"": [[[-64.4371, -21.3089], [-64.4742, -21.347], [-64.535, -21.3271], [-64.546, -21.2825], [-64.6234, -21.3025], [-64.6564, -21.3847], [-64.7116, -21.4209], [-64.8116, -21.5578], [-64.9124, -21.581], [-64.9558, -21.6083], [-64.9977, -21.7461], [-64.9849, -21.7832], [-64.9292, -21.7571], [-64.8662, -21.7562], [-64.8528, -21.7011], [-64.7868, -21.699], [-64.753, -21.6534], [-64.6833, -21.6105], [-64.542, -21.6326], [-64.4964, -21.6675], [-64.513, -21.7771], [-64.5009, -21.8589], [-64.438, -21.8536], [-64.3991, -21.8075], [-64.3604, -21.8225], [-64.364, -21.7457], [-64.329, -21.5922], [-64.3852, -21.4566], [-64.354, -21.3249], [-64.4371, -21.3089]]]}","{""idep"": ""06"", ""nombre_dep"": ""Tarija"", ""iprov"": ""01"", ""nombre_prov"": ""Cercado"", ""imun"": ""01"", ""nombre_mun"": ""Tarija"", ""capital"": ""Tarija"", ""superficie_km2"": 2064.6, ""code"": ""060101""}"
Feature,"{""type"": ""Polygon"", ""coordinates"": [[[-64.3604, -21.8225], [-64.3991, -21.8075], [-64.438, -21.8536], [-64.5009, -21.8589], [-64.513, -21.7771], [-64.6082, -21.8443], [-64.6907, -21.8204], [-64.8277, -21.8393], [-64.9699, -21.8334], [-65.0028, -21.8596], [-65.0525, -22.0833], [-64.8859, -22.129], [-64.7823, -22.175], [-64.6257, -22.2037], [-64.5376, -22.2832], [-64.5616, -22.3791], [-64.4908, -22.4381], [-64.4842, -22.4778], [-64.4118, -22.5423], [-64.4124, -22.5657], [-64.2428, -22.5639], [-64.2074, -22.5057], [-64.1161, -22.4035], [-64.1035, -22.3368], [-64.1178, -22.3108], [-64.1044, -22.2206], [-64.1525, -22.193], [-64.1896, -22.124], [-64.2469, -22.1524], [-64.3155, -22.1219], [-64.2869, -22.0274], [-64.2998, -21.9602], [-64.3601, -21.9134], [-64.3604, -21.8225]]]}","{""idep"": ""06"", ""nombre_dep"": ""Tarija"", ""iprov"": ""02"", ""nombre_prov"": ""Arce"", ""imun"": ""01"", ""nombre_mun"": ""Padcaya"", ""capital"": ""Padcaya"", ""superficie_km2"": 4457.7, ""code"": ""060201""}"
Feature,"{""type"": ""Polygon"", ""coordinates"": [[[-64.4124, -22.5657], [-64.4402, -22.6355], [-64.3982, -22.7202], [-64.3407, -22.7524], [-64.3286, -22.8625], [-64.2981, -22.8622], [-64.2676, -22.7701], [-64.2645, -22.65], [-64.2428, -22.5639], [-64.4124, -22.5657]]]}","{""idep"": ""06"", ""nombre_dep"": ""Tarija"", ""iprov"": ""02"", ""nombre_prov"": ""Arce"", ""imun"": ""02"", ""nombre_mun"": ""Bermejo"", ""capital"": ""Bermejo"", ""superficie_km2"": 391.6, ""code"": ""060202""}"
Feature,"{""type"": ""Polygon"", ""coordinates"": [[[-62.8077, -22.0039], [-62.8504, -21.9221], [-62.8373, -21.8813], [-62.9333, -21.7445], [-62.9435, -21.6973], [-63.0118, -21.5521], [-63.1197, -21.5255], [-63.2533, -21.5637], [-63.3472, -21.547], [-63.4483, -21.5829], [-63.6195, -21.5593], [-63.6489, -21.7285], [-63.7142, -21.8938], [-63.7207, -21.9994], [-63.6669, -22.0035], [-62.8077, -22.0039]]]}","{""idep"": ""06"", ""nombre_dep"": ""Tarija"", ""iprov"": ""03"", ""nombre_prov"": ""Gran Chaco"", ""imun"": ""01"", ""nombre_mun"": ""Yacuiba"", ""capital"": ""Yacuiba"", ""superficie_km2"": 3928.8, ""code"": ""060301""}"
Feature,"{""type"": ""Polygon"", ""coordinates"": [[[-63.6195, -21.5593], [-63.5871, -21.3605], [-63.6985, -21.3957], [-63.7625, -21.3828], [-63.7839, -21.4235], [-63.7837, -21.5059], [-63.8681, -21.5249], [-63.9373, -21.5155], [-63.9598, -21.6313], [-64.0053, -21.7445], [-63.9963, -21.763], [-64.0186, -21.8924], [-64.0505, -21.9522], [-64.0989, -21.9491], [-64.1415, -21.9902], [-64.2114, -21.9528], [-64.2998, -21.9602], [-64.2869, -22.0274], [-64.3155, -22.1219], [-64.2469, -22.1524], [-64.1896, -22.124], [-64.1525, -22.193], [-64.1044, -22.2206], [-64.1178, -22.3108], [-64.1035, -22.3368], [-64.0743, -22.2609], [-64.0322, -22.2346], [-63.9865, -22.0936], [-63.9607, -22.0871], [-63.9308, -21.9993], [-63.7207, -21.9994], [-63.7142, -21.8938], [-63.6489, -21.7285], [-63.6195, -21.5593]]]}","{""idep"": ""06"", ""nombre_dep"": ""Tarija"", ""iprov"": ""03"", ""nombre_prov"": ""Gran Chaco"", ""imun"": ""02"", ""nombre_mun"": ""Caraparí"", ""capital"": ""Caraparí"", ""superficie_km2"": 2932.5, ""code"": ""060302""}"
Feature,"{""type"": ""Polygon"", ""coordinates"": [[[-62.8077, -22.0039], [-62.7963, -22.059], [-62.8136, -22.1299], [-62.7761, -22.173], [-62.7363, -22.17], [-62.6439, -22.2466], [-62.4574, -21.6701], [-62.2607, -21.0585], [-62.2613, -20.9925], [-63.0015, -21.0037], [-63.5326, -21.0037], [-63.5954, -21.0037], [-63.6631, -21.2923], [-63.6985, -21.3957], [-63.5871, -21.3605], [-63.6195, -21.5593], [-63.4483, -21.5829], [-63.3472, -21.547], [-63.2533, -21.5637], [-63.1197, -21.5255], [-63.0118, -21.5521], [-62.9435, -21.6973], [-62.9333, -21.7445], [-62.8373, -21.8813], [-62.8504, -21.9221], [-62.8077, -22.0039]]]}","{""idep"": ""06"", ""nombre_dep"": ""Tarija"", ""iprov"": ""03"", ""nombre_prov"": ""Gran Chaco"", ""imun"": ""03"", ""nombre_mun"": ""Villa Montes"", ""capital"": ""Villa Montes"", ""superficie_km2"": 10837, ""code"": ""060303""}"
Feature,"{""type"": ""Polygon"", ""coordinates"": [[[-64.513, -21.7771], [-64.4964, -21.6675], [-64.542, -21.6326], [-64.6833, -21.6105], [-64.753, -21.6534], [-64.7868, -21.699], [-64.8528, -21.7011], [-64.8662, -21.7562], [-64.9292, -21.7571], [-64.9849, -21.7832], [-65.0028, -21.8596], [-64.9699, -21.8334], [-64.8277, -21.8393], [-64.6907, -21.8204], [-64.6082, -21.8443], [-64.513, -21.7771]]]}","{""idep"": ""06"", ""nombre_dep"": ""Tarija"", ""iprov"": ""04"", ""nombre_prov"": ""Avilez"", ""imun"": ""01"", ""nombre_mun"": ""Uriondo"", ""capital"": ""Concepción"", ""superficie_km2"": 826.3, ""code"": ""060401""}"
Feature,"{""type"": ""Polygon"", ""coordinates"": [[[-64.9558, -21.6083], [-65.0222, -21.6118], [-65.0848, -21.5119], [-65.145, -21.4862], [-65.1737, -21.5142], [-65.2471, -21.4891], [-65.2616, -21.6304], [-65.2971, -21.6761], [-65.3194, -21.7636], [-65.3589, -21.8394], [-65.3907, -21.8467], [-65.409, -21.9151], [-65.3349, -21.9654], [-65.2654, -21.9702], [-65.1809, -22.0242], [-65.1866, -22.0853], [-65.0525, -22.0833], [-65.0028, -21.8596], [-64.9849, -21.7832], [-64.9977, -21.7461], [-64.9558, -21.6083]]]}","{""idep"": ""06"", ""nombre_dep"": ""Tarija"", ""iprov"": ""04"", ""nombre_prov"": ""Avilez"", ""imun"": ""02"", ""nombre_mun"": ""Yunchará"", ""capital"": ""Yunchará"", ""superficie_km2"": 1848.3, ""code"": ""060402""}"
Feature,"{""type"": ""Polygon"", ""coordinates"": [[[-64.391, -21.124], [-64.4571, -21.0831], [-64.5272, -21.0976], [-64.606, -20.9811], [-64.7014, -20.931], [-64.7793, -21.0302], [-64.7982, -21.0951], [-64.8358, -21.1048], [-64.8309, -21.1674], [-64.9181, -21.2409], [-64.9253, -21.429], [-64.8635, -21.5229], [-64.9124, -21.581], [-64.8116, -21.5578], [-64.7116, -21.4209], [-64.6564, -21.3847], [-64.6234, -21.3025], [-64.546, -21.2825], [-64.535, -21.3271], [-64.4742, -21.347], [-64.4371, -21.3089], [-64.4187, -21.174], [-64.391, -21.124]]]}","{""idep"": ""06"", ""nombre_dep"": ""Tarija"", ""iprov"": ""05"", ""nombre_prov"": ""Méndez"", ""imun"": ""01"", ""nombre_mun"": ""San Lorenzo"", ""capital"": ""Villa San Lorenzo"", ""superficie_km2"": 1976.9, ""code"": ""060501""}"
Feature,"{""type"": ""Polygon"", ""coordinates"": [[[-65.1242, -20.9644], [-65.1766, -20.9503], [-65.2001, -21.0679], [-65.1891, -21.1635], [-65.2233, -21.2584], [-65.2118, -21.291], [-65.2498, -21.4824], [-65.2471, -21.4891], [-65.1737, -21.5142], [-65.145, -21.4862], [-65.0848, -21.5119], [-65.0222, -21.6118], [-64.9558, -21.6083], [-64.9124, -21.581], [-64.8635, -21.5229], [-64.9253, -21.429], [-64.9181, -21.2409], [-64.8309, -21.1674], [-64.8358, -21.1048], [-64.9262, -21.0328], [-65.0405, -21.0139], [-65.0703, -20.9662], [-65.1242, -20.9644]]]}","{""idep"": ""06"", ""nombre_dep"": ""Tarija"", ""iprov"": ""05"", ""nombre_prov"": ""Méndez"", ""imun"": ""02"", ""nombre_mun"": ""El Puente"", ""capital"": ""El Puente"", ""superficie_km2"": 2062.7, ""code"": ""060502""}"
Feature,"{""type"": ""Polygon"", ""coordinates"": [[[-64.1604, -20.8874], [-64.1932, -20.9556], [-64.1796, -21.0267], [-64.2032, -21.1349], [-64.3643, -21.1428], [-64.391, -21.124], [-64.4187, -21.174], [-64.4371, -21.3089], [-64.354, -21.3249], [-64.3852, -21.4566], [-64.329, -21.5922], [-64.364, -21.7457], [-64.3604, -21.8225], [-64.3601, -21.9134], [-64.2998, -21.9602], [-64.2114, -21.9528], [-64.1415, -21.9902], [-64.0989, -21.9491], [-64.0505, -21.9522], [-64.0186, -21.8924], [-63.9963, -21.763], [-64.0053, -21.7445], [-63.9598, -21.6313], [-63.9373, -21.5155], [-63.8681, -21.5249], [-63.7837, -21.5059], [-63.7839, -21.4235], [-63.7625, -21.3828], [-63.6985, -21.3957], [-63.6631, -21.2923], [-63.5954, -21.0037], [-63.724, -21.0037], [-63.8677, -21.0037], [-64.003, -21.0054], [-64.1604, -20.8874]]]}","{""idep"": ""06"", ""nombre_dep"": ""Tarija"", ""iprov"": ""06"", ""nombre_prov"": ""O'Connor"", ""imun"": ""01"", ""nombre_mun"": ""Entre Ríos"", ""capital"": ""Entre Ríos"", ""superficie_km2"": 5943.5, ""code"": ""060601""}"
Feature,"{""type"": ""Polygon"", ""coordinates"": [[[-62.7762, -17.6642], [-62.7907, -17.6357], [-62.7677, -17.5561], [-62.7902, -17.5322], [-62.8493, -17.5397], [-62.903, -17.5837], [-62.9589, -17.5971], [-63.0452, -17.6306], [-63.0947, -17.6698], [-63.1574, -17.6463], [-63.1983, -17.5931], [-63.1998, -17.6114], [-63.1976, -17.7063], [-63.2351, -17.7995], [-63.2857, -17.8468], [-63.244, -17.8349], [-63.1851, -17.8994], [-63.0404, -17.9688], [-62.9902, -17.983], [-62.9738, -18.0244], [-62.8104, -18.0181], [-62.7794, -17.9687], [-62.8112, -17.9113], [-62.7682, -17.8311], [-62.89, -17.8552], [-62.9398, -17.8375], [-63.0548, -17.8367], [-63.0547, -17.6642], [-62.7762, -17.6642]]]}","{""idep"": ""07"", ""nombre_dep"": ""Santa Cruz"", ""iprov"": ""01"", ""nombre_prov"": ""Andrés Ibáñez"", ""imun"": ""01"", ""nombre_mun"": ""Santa Cruz de la Sierra"", ""capital"": ""Santa Cruz de la Sierra"", ""superficie_km2"": 1290.6, ""code"": ""070101""}"
Feature,"{""type"": ""Polygon"", ""coordinates"": [[[-62.7762, -17.6642], [-63.0547, -17.6642], [-63.0548, -17.8367], [-62.9398, -17.8375], [-62.89, -17.8552], [-62.7682, -17.8311], [-62.7495, -17.7182], [-62.7762, -17.6642]]]}","{""idep"": ""07"", ""nombre_dep"": ""Santa Cruz"", ""iprov"": ""01"", ""nombre_prov"": ""Andrés Ibáñez"", ""imun"": ""02"", ""nombre_mun"": ""Cotoca"", ""capital"": ""Cotoca"", ""superficie_km2"": 616.8, ""code"": ""070102""}"
Feature,"{""type"": ""Polygon"", ""coordinates"": [[[-63.4297, -17.5604], [-63.4632, -17.6224], [-63.4652, -17.6625], [-63.5265, -17.7936], [-63.5167, -17.8075], [-63.485, -17.8337], [-63.456, -17.9398], [-63.3628, -17.9374], [-63.3402, -17.8833], [-63.2857, -17.8468], [-63.2351, -17.7995], [-63.1976, -17.7063], [-63.1998, -17.6114], [-63.2481, -17.6033], [-63.2957, -17.6334], [-63.3568, -17.6238], [-63.3652, -17.5754], [-63.4297, -17.5604]]]}","{""idep"": ""07"", ""nombre_dep"": ""Santa Cruz"", ""iprov"": ""01"", ""nombre_prov"": ""Andrés Ibáñez"", ""imun"": ""03"", ""nombre_mun"": ""Porongo"", ""capital"": ""Porongo (Ayacucho)"", ""superficie_km2"": 933.4, ""code"": ""070103""}"
Feature,"{""type"": ""Polygon"", ""coordinates"": [[[-62.9738, -18.0244], [-62.9902, -17.983], [-63.0404, -17.9688], [-63.1851, -17.8994], [-63.244, -17.8349], [-63.2857, -17.8468], [-63.3402, -17.8833], [-63.3628, -17.9374], [-63.3506, -17.9902], [-63.2796, -18.0202], [-63.3003, -18.1028], [-63.3358, -18.1578], [-63.4092, -18.2216], [-63.491, -18.2655], [-63.4515, -18.2715], [-63.3643, -18.2315], [-63.2875, -18.2303], [-63.193, -18.2571], [-63.1921, -18.1731], [-63.131, -18.1719], [-63.1337, -18.11], [-63.1692, -18.0286], [-62.9738, -18.0244]]]}","{""idep"": ""07"", ""nombre_dep"": ""Santa Cruz"", ""iprov"": ""01"", ""nombre_prov"": ""Andrés Ibáñez"", ""imun"": ""04"", ""nombre_mun"": ""La Guardia"", ""capital"": ""La Guardia"", ""superficie_km2"": 971.2, ""code"": ""070104""}"
Feature,"{""type"": ""Polygon"", ""coordinates"": [[[-63.3628, -17.9374], [-63.456, -17.9398], [-63.485, -17.8337], [-63.5167, -17.8075], [-63.5504, -17.8712], [-63.6366, -17.9385], [-63.6168, -18.0162], [-63.5842, -18.0383], [-63.5695, -18.1237], [-63.5141, -18.28], [-63.491, -18.2655], [-63.4092, -18.2216], [-63.3358, -18.1578], [-63.3003, -18.1028], [-63.2796, -18.0202], [-63.3506, -17.9902], [-63.3628, -17.9374]]]}","{""idep"": ""07"", ""nombre_dep"": ""Santa Cruz"", ""iprov"": ""01"", ""nombre_prov"": ""Andrés Ibáñez"", ""imun"": ""05"", ""nombre_mun"": ""El Torno"", ""capital"": ""El Torno"", ""superficie_km2"": 963.5, ""code"": ""070105""}"
Feature,"{""type"": ""Polygon"", ""coordinates"": [[[-62.9855, -17.0527], [-63.0345, -17.0358], [-63.0768, -17.0783], [-63.0582, -17.1253], [-63.0857, -17.2325], [-63.1307, -17.2802], [-63.1556, -17.3551], [-63.2336, -17.3757], [-63.2581, -17.427], [-63.2561, -17.4409], [-63.2234, -17.484], [-63.1983, -17.5931], [-63.1574, -17.6463], [-63.0947, -17.6698], [-63.0452, -17.6306], [-62.9589, -17.5971], [-62.9484, -17.5695], [-62.9571, -17.3842], [-62.9229, -17.3428], [-62.9349, -17.2721], [-62.9762, -17.1541], [-63.0392, -17.1044], [-62.9855, -17.0527]]]}","{""idep"": ""07"", ""nombre_dep"": ""Santa Cruz"", ""iprov"": ""02"", ""nombre_prov"": ""Warnes"", ""imun"": ""01"", ""nombre_mun"": ""Warnes"", ""capital"": ""Warnes"", ""superficie_km2"": 1332.8, ""code"": ""070201""}"
Feature,"{""type"": ""Polygon"", ""coordinates"": [[[-62.7849, -17.1715], [-62.8118, -17.1448], [-62.9211, -17.1182], [-62.9742, -17.0924], [-62.9855, -17.0527], [-63.0392, -17.1044], [-62.9762, -17.1541], [-62.9349, -17.2721], [-62.9229, -17.3428], [-62.9571, -17.3842], [-62.9484, -17.5695], [-62.9589, -17.5971], [-62.903, -17.5837], [-62.8493, -17.5397], [-62.7902, -17.5322], [-62.7862, -17.5019], [-62.7522, -17.4672], [-62.7566, -17.3839], [-62.7277, -17.2494], [-62.7849, -17.1715]]]}","{""idep"": ""07"", ""nombre_dep"": ""Santa Cruz"", ""iprov"": ""02"", ""nombre_prov"": ""Warnes"", ""imun"": ""02"", ""nombre_mun"": ""Okinawa Uno"", ""capital"": ""Okinawa Uno"", ""superficie_km2"": 1026, ""code"": ""070202""}"
Feature,"{""type"": ""Polygon"", ""coordinates"": [[[-59.4956, -16.2793], [-60.1735, -16.263], [-60.1799, -15.9977], [-60.2376, -15.4735], [-60.5749, -15.096], [-60.2444, -15.0953], [-60.2732, -14.6204], [-60.3207, -14.6107], [-60.3406, -14.5077], [-60.396, -14.4212], [-60.3825, -14.3676], [-60.4433, -14.3163], [-60.467, -14.1875], [-60.4666, -14.0965], [-60.4115, -14.027], [-60.4073, -13.9896], [-60.4421, -13.9343], [-60.4593, -13.8041], [-60.5694, -13.7695], [-60.61, -13.7264], [-60.6551, -13.733], [-60.689, -13.697], [-60.7707, -13.681], [-60.8184, -13.6344], [-60.8778, -13.6192], [-60.973, -13.535], [-60.9934, -13.4895], [-61.0671, -13.4997], [-61.1515, -13.5301], [-61.2224, -13.5302], [-61.26, -13.4941], [-61.3913, -13.5199], [-61.4695, -13.5546], [-61.5279, -13.5298], [-62.1392, -13.7624], [-62.1447, -14.007], [-62.1409, -14.1984], [-62.1222, -14.2427], [-61.9342, -14.3739], [-61.8904, -14.395], [-61.7442, -14.504], [-61.7049, -14.5871], [-61.6206, -14.6997], [-61.5847, -14.7067], [-61.5354, -14.8025], [-61.4956, -14.9376], [-61.4934, -15.0852], [-61.4794, -15.1132], [-61.509, -15.2317], [-61.4879, -15.317], [-61.5314, -15.7403], [-61.5515, -15.7787], [-61.5996, -15.7659], [-61.5721, -15.856], [-61.5969, -15.9138], [-61.644, -15.944], [-61.6751, -16.0203], [-61.6875, -16.1434], [-61.6759, -16.1739], [-61.6974, -16.2653], [-61.2951, -16.203], [-61.1975, -16.4463], [-61.0698, -16.4953], [-60.9344, -16.4704], [-60.8502, -16.7352], [-60.2731, -16.5019], [-60.1925, -16.4873], [-60.0033, -16.3778], [-59.7609, -16.4124], [-59.709, -16.4322], [-59.5011, -16.4434], [-59.4956, -16.2793]]]}","{""idep"": ""07"", ""nombre_dep"": ""Santa Cruz"", ""iprov"": ""03"", ""nombre_prov"": ""Velasco"", ""imun"": ""01"", ""nombre_mun"": ""San Ignacio"", ""capital"": ""San Ignacio"", ""superficie_km2"": 49066.3, ""code"": ""070301""}"
Feature,"{""type"": ""Polygon"", ""coordinates"": [[[-60.8502, -16.7352], [-60.9344, -16.4704], [-61.0698, -16.4953], [-61.1975, -16.4463], [-61.2951, -16.203], [-61.6974, -16.2653], [-61.6735, -16.2984], [-61.6593, -16.4327], [-61.6398, -16.5021], [-61.6621, -17.015], [-61.7422, -17.0448], [-61.8509, -17.0339], [-61.8349, -17.0863], [-61.6791, -17.1492], [-61.6043, -17.1936], [-61.5686, -17.2575], [-61.4412, -17.3268], [-61.3677, -17.346], [-61.2543, -17.4025], [-61.2129, -17.3689], [-61.1404, -17.3664], [-61.0141, -17.33], [-60.9902, -17.2959], [-60.8749, -17.2352], [-60.8177, -17.1774], [-60.7832, -17.1602], [-60.7158, -17.0735], [-60.7185, -16.9373], [-60.8793, -16.8473], [-60.8884, -16.8072], [-60.8502, -16.7352]]]}","{""idep"": ""07"", ""nombre_dep"": ""Santa Cruz"", ""iprov"": ""03"", ""nombre_prov"": ""Velasco"", ""imun"": ""02"", ""nombre_mun"": ""San Miguel"", ""capital"": ""San Miguel"", ""superficie_km2"": 9544.8, ""code"": ""070302""}"
Feature,"{""type"": ""Polygon"", ""coordinates"": [[[-59.5011, -16.4434], [-59.709, -16.4322], [-59.7609, -16.4124], [-60.0033, -16.3778], [-60.1925, -16.4873], [-60.2731, -16.5019], [-60.8502, -16.7352], [-60.8884, -16.8072], [-60.8793, -16.8473], [-60.7185, -16.9373], [-60.7158, -17.0735], [-60.7832, -17.1602], [-60.8177, -17.1774], [-60.6932, -17.2068], [-60.6682, -17.2409], [-60.6009, -17.2676], [-60.5102, -17.2206], [-60.4884, -17.2361], [-60.0784, -17.1381], [-59.5202, -17.0091], [-59.5011, -16.4434]]]}","{""idep"": ""07"", ""nombre_dep"": ""Santa Cruz"", ""iprov"": ""03"", ""nombre_prov"": ""Velasco"", ""imun"": ""03"", ""nombre_mun"": ""San Rafael"", ""capital"": ""San Rafael"", ""superficie_km2"": 9642.9, ""code"": ""070303""}"
Feature,"{""type"": ""Polygon"", ""coordinates"": [[[-63.4632, -17.6224], [-63.4879, -17.6272], [-63.5407, -17.5374], [-63.5014, -17.4182], [-63.6016, -17.3297], [-63.6666, -17.3613], [-63.6752, -17.4275], [-63.7405, -17.4698], [-63.7349, -17.5026], [-63.7927, -17.595], [-63.8812, -17.6345], [-63.9184, -17.5733], [-63.9535, -17.599], [-63.9947, -17.5765], [-64.0332, -17.6264], [-64.1204, -17.6075], [-64.1637, -17.6913], [-64.2187, -17.7495], [-64.1532, -17.7921], [-64.0986, -17.749], [-64.0532, -17.7514], [-64.0003, -17.8286], [-63.9223, -17.882], [-63.8465, -17.8846], [-63.7936, -17.8609], [-63.7629, -17.9432], [-63.7509, -18.0239], [-63.6863, -18.0068], [-63.6168, -18.0162], [-63.6366, -17.9385], [-63.5504, -17.8712], [-63.5167, -17.8075], [-63.5265, -17.7936], [-63.4652, -17.6625], [-63.4632, -17.6224]]]}","{""idep"": ""07"", ""nombre_dep"": ""Santa Cruz"", ""iprov"": ""04"", ""nombre_prov"": ""Ichilo"", ""imun"": ""01"", ""nombre_mun"": ""Buena Vista"", ""capital"": ""Buena Vista"", ""superficie_km2"": 2711.5, ""code"": ""070401""}"
Feature,"{""type"": ""Polygon"", ""coordinates"": [[[-63.6165, -17.1702], [-63.611, -17.1436], [-63.6707, -17.0716], [-63.7265, -17.0509], [-63.7479, -17.0031], [-63.8173, -16.9927], [-63.8556, -17.0654], [-63.8656, -17.1345], [-63.793, -17.182], [-63.7904, -17.3774], [-63.8578, -17.3827], [-63.838, -17.436], [-63.908, -17.535], [-63.9184, -17.5733], [-63.8812, -17.6345], [-63.7927, -17.595], [-63.7349, -17.5026], [-63.7405, -17.4698], [-63.6752, -17.4275], [-63.6666, -17.3613], [-63.6016, -17.3297], [-63.6022, -17.2186], [-63.6165, -17.1702]]]}","{""idep"": ""07"", ""nombre_dep"": ""Santa Cruz"", ""iprov"": ""04"", ""nombre_prov"": ""Ichilo"", ""imun"": ""02"", ""nombre_mun"": ""San Carlos"", ""capital"": ""San Carlos"", ""superficie_km2"": 1208.3, ""code"": ""070402""}"
Feature,"{""type"": ""Polygon"", ""coordinates"": [[[-64.5156, -15.973], [-64.5541, -15.9156], [-64.5991, -15.9311], [-64.6893, -15.8664], [-64.7297, -15.802], [-64.7554, -15.9421], [-64.7025, -16.0287], [-64.7189, -16.069], [-64.6805, -16.1009], [-64.6747, -16.2623], [-64.6495, -16.3], [-64.6565, -16.3781], [-64.6952, -16.425], [-64.708, -16.5344], [-64.7402, -16.5311], [-64.7842, -16.6785], [-64.8307, -16.754], [-64.8047, -16.762], [-64.7909, -16.8418], [-64.7322, -16.8881], [-64.7394, -16.941], [-64.6856, -16.9689], [-64.6847, -17.0194], [-64.604, -17.0258], [-64.547, -17.0792], [-64.4246, -17.1522], [-64.3877, -17.1559], [-64.3402, -17.2638], [-64.2838, -17.2647], [-64.2459, -17.304], [-64.2341, -17.3737], [-64.2539, -17.4255], [-64.241, -17.4928], [-64.2065, -17.5227], [-64.1223, -17.549], [-64.1204, -17.6075], [-64.0332, -17.6264], [-63.9947, -17.5765], [-63.9535, -17.599], [-63.9184, -17.5733], [-63.908, -17.535], [-63.838, -17.436], [-63.8578, -17.3827], [-63.9916, -17.1359], [-64.0277, -17.0837], [-64.0101, -17.0379], [-64.0545, -16.969], [-64.0896, -16.9532], [-64.1168, -16.8567], [-64.1157, -16.779], [-64.1424, -16.7296], [-64.0932, -16.6636], [-64.0971, -16.6275], [-64.1472, -16.5756], [-64.138, -16.5151], [-64.1592, -16.4391], [-64.1453, -16.3997], [-64.2268, -16.2668], [-64.2404, -16.1999], [-64.327, -16.0686], [-64.3572, -16.0423], [-64.4518, -16.0264], [-64.4656, -15.988], [-64.5156, -15.973]]]}","{""idep"": ""07"", ""nombre_dep"": ""Santa Cruz"", ""iprov"": ""04"", ""nombre_prov"": ""Ichilo"", ""imun"": ""03"", ""nombre_mun"": ""Yapacaní"", ""capital"": ""Yapacaní"", ""superficie_km2"": 9545.8, ""code"": ""070403""}"
Feature,"{""type"": ""Polygon"", ""coordinates"": [[[-63.8173, -16.9927], [-63.9601, -16.9439], [-63.9371, -16.8628], [-63.9629, -16.8047], [-64.0279, -16.7413], [-63.9959, -16.556], [-64.0461, -16.5306], [-64.08, -16.42], [-64.0549, -16.3821], [-64.0751, -16.3202], [-64.1328, -16.3073], [-64.1467, -16.2745], [-64.2268, -16.2668], [-64.1453, -16.3997], [-64.1592, -16.4391], [-64.138, -16.5151], [-64.1472, -16.5756], [-64.0971, -16.6275], [-64.0932, -16.6636], [-64.1424, -16.7296], [-64.1157, -16.779], [-64.1168, -16.8567], [-64.0896, -16.9532], [-64.0545, -16.969], [-64.0101, -17.0379], [-64.0277, -17.0837], [-63.9916, -17.1359], [-63.8578, -17.3827], [-63.7904, -17.3774], [-63.793, -17.182], [-63.8656, -17.1345], [-63.8556, -17.0654], [-63.8173, -16.9927]]]}","{""idep"": ""07"", ""nombre_dep"": ""Santa Cruz"", ""iprov"": ""04"", ""nombre_prov"": ""Ichilo"", ""imun"": ""04"", ""nombre_mun"": ""San Juan"", ""capital"": ""San Juan"", ""superficie_km2"": 1574.6, ""code"": ""070404""}"
Feature,"{""type"": ""Polygon"", ""coordinates"": [[[-59.5258, -17.6467], [-59.5202, -17.0091], [-60.0784, -17.1381], [-60.4884, -17.2361], [-60.5102, -17.2206], [-60.6009, -17.2676], [-60.6682, -17.2409], [-60.6932, -17.2068], [-60.8177, -17.1774], [-60.8749, -17.2352], [-60.9902, -17.2959], [-61.0141, -17.33], [-61.1404, -17.3664], [-61.2129, -17.3689], [-61.2543, -17.4025], [-61.1886, -17.5006], [-61.146, -17.5393], [-61.1687, -17.5856], [-61.1294, -17.6168], [-61.1555, -17.692], [-61.2242, -17.7253], [-61.2046, -17.789], [-61.24, -18.1042], [-61.2636, -18.2466], [-60.1175, -18.4166], [-60.1015, -18.1952], [-60.0666, -17.9844], [-59.9872, -17.8442], [-59.9419, -17.7894], [-59.8467, -17.819], [-59.709, -17.7673], [-59.6832, -17.6735], [-59.5869, -17.6403], [-59.5258, -17.6467]]]}","{""idep"": ""07"", ""nombre_dep"": ""Santa Cruz"", ""iprov"": ""05"", ""nombre_prov"": ""Chiquitos"", ""imun"": ""01"", ""nombre_mun"": ""San José"", ""capital"": ""San José"", ""superficie_km2"": 18965.3, ""code"": ""070501""}"
Feature,"{""type"": ""Polygon"", ""coordinates"": [[[-61.2543, -17.4025], [-61.3677, -17.346], [-61.4412, -17.3268], [-61.5686, -17.2575], [-61.7795, -17.3415], [-62.0471, -17.3807], [-62.5403, -17.4614], [-62.6207, -17.466], [-62.7862, -17.5019], [-62.7902, -17.5322], [-62.7677, -17.5561], [-62.7907, -17.6357], [-62.7762, -17.6642], [-62.7495, -17.7182], [-62.7682, -17.8311], [-62.8112, -17.9113], [-62.7794, -17.9687], [-62.8104, -18.0181], [-62.3979, -18.0671], [-61.6492, -18.1888], [-61.2636, -18.2466], [-61.24, -18.1042], [-61.2046, -17.789], [-61.2242, -17.7253], [-61.1555, -17.692], [-61.1294, -17.6168], [-61.1687, -17.5856], [-61.146, -17.5393], [-61.1886, -17.5006], [-61.2543, -17.4025]]]}","{""idep"": ""07"", ""nombre_dep"": ""Santa Cruz"", ""iprov"": ""05"", ""nombre_prov"": ""Chiquitos"", ""imun"": ""02"", ""nombre_mun"": ""Pailón"", ""capital"": ""Pailón"", ""superficie_km2"": 13671.6, ""code"": ""070502""}"
Feature,"{""type"": ""Polygon"", ""coordinates"": [[[-59.5258, -17.6467], [-59.5869, -17.6403], [-59.6832, -17.6735], [-59.709, -17.7673], [-59.8467, -17.819], [-59.9419, -17.7894], [-59.9872, -17.8442], [-60.0666, -17.9844], [-60.1015, -18.1952], [-60.1175, -18.4166], [-59.6922, -18.4769], [-59.5533, -18.5833], [-59.4195, -18.5853], [-59.4092, -18.6098], [-59.3249, -18.6033], [-59.2077, -18.6559], [-59.1257, -18.6403], [-59.0806, -18.6554], [-58.9614, -18.664], [-58.9888, -18.624], [-59.2503, -18.1152], [-59.5279, -18.0178], [-59.5258, -17.6467]]]}","{""idep"": ""07"", ""nombre_dep"": ""Santa Cruz"", ""iprov"": ""05"", ""nombre_prov"": ""Chiquitos"", ""imun"": ""03"", ""nombre_mun"": ""Roboré"", ""capital"": ""Roboré"", ""superficie_km2"": 7146.9, ""code"": ""070503""}"
Feature,"{""type"": ""Polygon"", ""coordinates"": [[[-63.3427, -17.164], [-63.3514, -17.1527], [-63.4502, -17.1986], [-63.5232, -17.1567], [-63.6165, -17.1702], [-63.6022, -17.2186], [-63.6016, -17.3297], [-63.5014, -17.4182], [-63.5407, -17.5374], [-63.4879, -17.6272], [-63.4632, -17.6224], [-63.4297, -17.5604], [-63.3275, -17.4718], [-63.2561, -17.4409], [-63.2581, -17.427], [-63.3321, -17.3753], [-63.3187, -17.2568], [-63.3427, -17.164]]]}","{""idep"": ""07"", ""nombre_dep"": ""Santa Cruz"", ""iprov"": ""06"", ""nombre_prov"": ""Sara"", ""imun"": ""01"", ""nombre_mun"": ""Portachuelo"", ""capital"": ""Portachuelo"", ""superficie_km2"": 1101.9, ""code"": ""070601""}"
Feature,"{""type"": ""Polygon"", ""coordinates"": [[[-64.23, -16.102], [-64.2384, -16.0375], [-64.408, -15.9932], [-64.4546, -15.969], [-64.5156, -15.973], [-64.4656, -15.988], [-64.4518, -16.0264], [-64.3572, -16.0423], [-64.327, -16.0686], [-64.2404, -16.1999], [-64.2268, -16.2668], [-64.1467, -16.2745], [-64.1328, -16.3073], [-64.0751, -16.3202], [-64.0549, -16.3821], [-64.08, -16.42], [-64.0461, -16.5306], [-63.9959, -16.556], [-64.0279, -16.7413], [-63.9629, -16.8047], [-63.9371, -16.8628], [-63.9601, -16.9439], [-63.8173, -16.9927], [-63.7479, -17.0031], [-63.7265, -17.0509], [-63.6707, -17.0716], [-63.611, -17.1436], [-63.6165, -17.1702], [-63.5232, -17.1567], [-63.4502, -17.1986], [-63.3514, -17.1527], [-63.4439, -16.9647], [-63.4725, -16.9462], [-63.4731, -16.8862], [-63.5761, -16.808], [-63.5934, -16.7628], [-63.6863, -16.6995], [-63.6966, -16.5916], [-63.7395, -16.5466], [-63.8315, -16.5353], [-63.8004, -16.4406], [-63.8163, -16.393], [-63.8985, -16.339], [-63.9204, -16.2581], [-63.9774, -16.1844], [-64.0336, -16.172], [-64.1014, -16.0961], [-64.1706, -16.1191], [-64.23, -16.102]]]}","{""idep"": ""07"", ""nombre_dep"": ""Santa Cruz"", ""iprov"": ""06"", ""nombre_prov"": ""Sara"", ""imun"": ""02"", ""nombre_mun"": ""Santa Rosa"", ""capital"": ""Santa Rosa"", ""superficie_km2"": 4062.7, ""code"": ""070602""}"
Feature,"{""type"": ""Polygon"", ""coordinates"": [[[-63.1983, -17.5931], [-63.2234, -17.484], [-63.2561, -17.4409], [-63.3275, -17.4718], [-63.4297, -17.5604], [-63.3652, -17.5754], [-63.3568, -17.6238], [-63.2957, -17.6334], [-63.2481, -17.6033], [-63.1998, -17.6114], [-63.1983, -17.5931]]]}","{""idep"": ""07"", ""nombre_dep"": ""Santa Cruz"", ""iprov"": ""06"", ""nombre_prov"": ""Sara"", ""imun"": ""03"", ""nombre_mun"": ""Colpa Bélgica"", ""capital"": ""Colpa Bélgica"", ""superficie_km2"": 289.7, ""code"": ""070603""}"
Feature,"{""type"": ""Polygon"", ""coordinates"": [[[-63.5217, -19.8952], [-63.5292, -19.7505], [-63.5894, -19.6357], [-63.6107, -19.424], [-63.7243, -19.3938], [-63.7061, -19.4693], [-63.7136, -19.5498], [-63.6939, -19.6022], [-63.7216, -19.7537], [-63.709, -19.8599], [-63.7281, -19.9899], [-63.7251, -20.1165], [-63.6923, -20.1487], [-63.5939, -20.0111], [-63.5772, -19.9182], [-63.5217, -19.8952]]]}","{""idep"": ""07"", ""nombre_dep"": ""Santa Cruz"", ""iprov"": ""07"", ""nombre_prov"": ""Cordillera"", ""imun"": ""01"", ""nombre_mun"": ""Lagunillas"", ""capital"": ""Lagunillas"", ""superficie_km2"": 1104.5, ""code"": ""070701""}"
Feature,"{""type"": ""Polygon"", ""coordinates"": [[[-61.2636, -18.2466], [-61.6492, -18.1888], [-62.3979, -18.0671], [-62.8104, -18.0181], [-62.8109, -18.0676], [-62.8482, -18.1016], [-62.8449, -18.1749], [-62.8882, -18.2428], [-62.8747, -18.2711], [-62.9378, -18.4541], [-63.0083, -18.5145], [-63.0062, -18.5533], [-63.1009, -18.6152], [-63.1398, -18.7062], [-63.2074, -18.7956], [-63.3243, -18.8263], [-63.3507, -18.9152], [-63.3725, -18.9229], [-63.3866, -19.0165], [-63.412, -19.0835], [-63.3877, -19.1752], [-63.4221, -19.2262], [-63.3949, -19.2926], [-63.3262, -19.3794], [-63.3614, -19.418], [-63.3265, -19.659], [-63.3144, -19.8653], [-63.2933, -20.0132], [-63.3916, -20.1011], [-63.4558, -20.0859], [-63.4807, -20.1976], [-63.4321, -20.1847], [-63.3795, -20.1567], [-63.2874, -20.1766], [-63.1981, -20.1801], [-63.1869, -20.266], [-63.107, -20.2721], [-62.691, -20.2724], [-62.6925, -20.4422], [-62.1794, -20.4426], [-61.9224, -20.0892], [-61.7355, -19.6342], [-61.0901, -19.534], [-60.601, -19.4559], [-59.9769, -19.2952], [-59.6457, -19.3125], [-59.0996, -19.3494], [-58.9864, -18.9853], [-58.8704, -18.7968], [-58.9614, -18.664], [-59.0806, -18.6554], [-59.1257, -18.6403], [-59.2077, -18.6559], [-59.3249, -18.6033], [-59.4092, -18.6098], [-59.4195, -18.5853], [-59.5533, -18.5833], [-59.6922, -18.4769], [-60.1175, -18.4166], [-61.2636, -18.2466]]]}","{""idep"": ""07"", ""nombre_dep"": ""Santa Cruz"", ""iprov"": ""07"", ""nombre_prov"": ""Cordillera"", ""imun"": ""02"", ""nombre_mun"": ""Charagua (Autonomía Guaraní Charagua Iyambae)"", ""capital"": ""Charagua"", ""superficie_km2"": 70558.7, ""code"": ""070702""}"
Feature,"{""type"": ""Polygon"", ""coordinates"": [[[-62.9738, -18.0244], [-63.1692, -18.0286], [-63.1337, -18.11], [-63.131, -18.1719], [-63.1921, -18.1731], [-63.193, -18.2571], [-63.2875, -18.2303], [-63.3643, -18.2315], [-63.4515, -18.2715], [-63.491, -18.2655], [-63.5141, -18.28], [-63.5093, -18.3402], [-63.6143, -18.3656], [-63.6509, -18.4092], [-63.7002, -18.4809], [-63.695, -18.5965], [-63.6068, -18.7409], [-63.5301, -18.7276], [-63.545, -18.8128], [-63.5829, -18.8386], [-63.5313, -18.8818], [-63.5364, -18.922], [-63.4494, -18.9333], [-63.3725, -18.9229], [-63.3507, -18.9152], [-63.3243, -18.8263], [-63.2074, -18.7956], [-63.1398, -18.7062], [-63.1009, -18.6152], [-63.0062, -18.5533], [-63.0083, -18.5145], [-62.9378, -18.4541], [-62.8747, -18.2711], [-62.8882, -18.2428], [-62.8449, -18.1749], [-62.8482, -18.1016], [-62.8109, -18.0676], [-62.8104, -18.0181], [-62.9738, -18.0244]]]}","{""idep"": ""07"", ""nombre_dep"": ""Santa Cruz"", ""iprov"": ""07"", ""nombre_prov"": ""Cordillera"", ""imun"": ""03"", ""nombre_mun"": ""Cabezas"", ""capital"": ""Cabezas"", ""superficie_km2"": 4987.5, ""code"": ""070703""}"
Feature,"{""type"": ""Polygon"", ""coordinates"": [[[-63.3997, -20.3986], [-63.3426, -20.3243], [-63.3982, -20.2636], [-63.4024, -20.2031], [-63.4321, -20.1847], [-63.4807, -20.1976], [-63.5343, -20.2308], [-63.6875, -20.1891], [-63.7076, -20.2543], [-63.6942, -20.4158], [-63.6672, -20.4732], [-63.5791, -20.4472], [-63.4828, -20.4575], [-63.4067, -20.425], [-63.3997, -20.3986]]]}","{""idep"": ""07"", ""nombre_dep"": ""Santa Cruz"", ""iprov"": ""07"", ""nombre_prov"": ""Cordillera"", ""imun"": ""04"", ""nombre_mun"": ""Cuevo"", ""capital"": ""Cuevo"", ""superficie_km2"": 883.6, ""code"": ""070704""}"
Feature,"{""type"": ""Polygon"", ""coordinates"": [[[-63.3725, -18.9229], [-63.4494, -18.9333], [-63.5364, -18.922], [-63.5467, -19.0457], [-63.5989, -19.097], [-63.6669, -19.09], [-63.7052, -19.0431], [-63.7445, -19.1852], [-63.7145, -19.2721], [-63.7243, -19.3938], [-63.6107, -19.424], [-63.5894, -19.6357], [-63.5292, -19.7505], [-63.5217, -19.8952], [-63.4151, -19.8615], [-63.3144, -19.8653], [-63.3265, -19.659], [-63.3614, -19.418], [-63.3262, -19.3794], [-63.3949, -19.2926], [-63.4221, -19.2262], [-63.3877, -19.1752], [-63.412, -19.0835], [-63.3866, -19.0165], [-63.3725, -18.9229]]]}","{""idep"": ""07"", ""nombre_dep"": ""Santa Cruz"", ""iprov"": ""07"", ""nombre_prov"": ""Cordillera"", ""imun"": ""05"", ""nombre_mun"": ""Gutiérrez (Autonomía Indígena Kereimba Iyaambae)"", ""capital"": ""Gutiérrez"", ""superficie_km2"": 2856.1, ""code"": ""070705""}"
Feature,"{""type"": ""Polygon"", ""coordinates"": [[[-63.3144, -19.8653], [-63.4151, -19.8615], [-63.5217, -19.8952], [-63.5772, -19.9182], [-63.5939, -20.0111], [-63.6923, -20.1487], [-63.6875, -20.1891], [-63.5343, -20.2308], [-63.4807, -20.1976], [-63.4558, -20.0859], [-63.3916, -20.1011], [-63.2933, -20.0132], [-63.3144, -19.8653]]]}","{""idep"": ""07"", ""nombre_dep"": ""Santa Cruz"", ""iprov"": ""07"", ""nombre_prov"": ""Cordillera"", ""imun"": ""06"", ""nombre_mun"": ""Camiri"", ""capital"": ""Camiri"", ""superficie_km2"": 1003.1, ""code"": ""070706""}"
Feature,"{""type"": ""Polygon"", ""coordinates"": [[[-62.6925, -20.4422], [-62.691, -20.2724], [-63.107, -20.2721], [-63.1869, -20.266], [-63.1981, -20.1801], [-63.2874, -20.1766], [-63.3795, -20.1567], [-63.4321, -20.1847], [-63.4024, -20.2031], [-63.3982, -20.2636], [-63.3426, -20.3243], [-63.3997, -20.3986], [-63.3571, -20.3925], [-63.3576, -20.4601], [-63.2491, -20.4606], [-63.0219, -20.4442], [-62.6925, -20.4422]]]}","{""idep"": ""07"", ""nombre_dep"": ""Santa Cruz"", ""iprov"": ""07"", ""nombre_prov"": ""Cordillera"", ""imun"": ""07"", ""nombre_mun"": ""Boyuibe"", ""capital"": ""Boyuibe"", ""superficie_km2"": 1618.6, ""code"": ""070707""}"
Feature,"{""type"": ""Polygon"", ""coordinates"": [[[-64.0448, -18.3702], [-64.0658, -18.4291], [-64.1179, -18.4187], [-64.1341, -18.3713], [-64.1883, -18.3648], [-64.2274, -18.2925], [-64.256, -18.3432], [-64.2865, -18.4671], [-64.2848, -18.554], [-64.2888, -18.6109], [-64.2036, -18.6106], [-64.0617, -18.6868], [-64.0641, -18.7779], [-64.1158, -18.7946], [-64.1371, -18.8378], [-64.1079, -18.9092], [-64.1101, -18.9711], [-64.0685, -19.0053], [-64.0225, -19.1567], [-64.0099, -19.1798], [-63.9467, -19.1819], [-63.9132, -19.1528], [-63.9086, -19.0503], [-63.8844, -19.0294], [-63.8102, -19.0544], [-63.7699, -19.0319], [-63.7052, -19.0431], [-63.6669, -19.09], [-63.5989, -19.097], [-63.5467, -19.0457], [-63.5364, -18.922], [-63.5313, -18.8818], [-63.5829, -18.8386], [-63.7153, -18.7827], [-63.755, -18.8032], [-63.8544, -18.7594], [-63.9102, -18.6917], [-63.9052, -18.6398], [-63.9212, -18.5207], [-63.9459, -18.4407], [-63.9888, -18.4315], [-64.0448, -18.3702]]]}","{""idep"": ""07"", ""nombre_dep"": ""Santa Cruz"", ""iprov"": ""08"", ""nombre_prov"": ""Valle Grande"", ""imun"": ""01"", ""nombre_mun"": ""Vallegrande"", ""capital"": ""Vallegrande"", ""superficie_km2"": 3198.8, ""code"": ""070801""}"
Feature,"{""type"": ""Polygon"", ""coordinates"": [[[-64.0483, -18.3471], [-64.0529, -18.2523], [-64.0987, -18.1733], [-64.2222, -18.1918], [-64.2489, -18.2356], [-64.2274, -18.2925], [-64.1883, -18.3648], [-64.1341, -18.3713], [-64.1179, -18.4187], [-64.0658, -18.4291], [-64.0448, -18.3702], [-64.0483, -18.3471]]]}","{""idep"": ""07"", ""nombre_dep"": ""Santa Cruz"", ""iprov"": ""08"", ""nombre_prov"": ""Valle Grande"", ""imun"": ""02"", ""nombre_mun"": ""Trigal"", ""capital"": ""Trigal"", ""superficie_km2"": 398, ""code"": ""070802""}"
Feature,"{""type"": ""Polygon"", ""coordinates"": [[[-64.2222, -18.1918], [-64.3142, -18.1597], [-64.3634, -18.2013], [-64.4942, -18.2345], [-64.465, -18.3214], [-64.4337, -18.3363], [-64.4329, -18.4038], [-64.4105, -18.4427], [-64.3028, -18.5005], [-64.2848, -18.554], [-64.2865, -18.4671], [-64.256, -18.3432], [-64.2274, -18.2925], [-64.2489, -18.2356], [-64.2222, -18.1918]]]}","{""idep"": ""07"", ""nombre_dep"": ""Santa Cruz"", ""iprov"": ""08"", ""nombre_prov"": ""Valle Grande"", ""imun"": ""03"", ""nombre_mun"": ""Moromoro"", ""capital"": ""Moromoro"", ""superficie_km2"": 676, ""code"": ""070803""}"
Feature,"{""type"": ""Polygon"", ""coordinates"": [[[-63.6509, -18.4092], [-63.7002, -18.4019], [-63.744, -18.4342], [-63.8451, -18.4421], [-63.9459, -18.4407], [-63.9212, -18.5207], [-63.9052, -18.6398], [-63.9102, -18.6917], [-63.8544, -18.7594], [-63.755, -18.8032], [-63.7153, -18.7827], [-63.5829, -18.8386], [-63.545, -18.8128], [-63.5301, -18.7276], [-63.6068, -18.7409], [-63.695, -18.5965], [-63.7002, -18.4809], [-63.6509, -18.4092]]]}","{""idep"": ""07"", ""nombre_dep"": ""Santa Cruz"", ""iprov"": ""08"", ""nombre_prov"": ""Valle Grande"", ""imun"": ""04"", ""nombre_mun"": ""Postrervalle"", ""capital"": ""Postrervalle"", ""superficie_km2"": 1110.8, ""code"": ""070804""}"
Feature,"{""type"": ""Polygon"", ""coordinates"": [[[-64.1101, -18.9711], [-64.1079, -18.9092], [-64.1371, -18.8378], [-64.1158, -18.7946], [-64.0641, -18.7779], [-64.0617, -18.6868], [-64.2036, -18.6106], [-64.2888, -18.6109], [-64.3292, -18.6655], [-64.3198, -18.7267], [-64.2583, -18.8374], [-64.2143, -18.8811], [-64.1959, -18.9482], [-64.1101, -18.9711]]]}","{""idep"": ""07"", ""nombre_dep"": ""Santa Cruz"", ""iprov"": ""08"", ""nombre_prov"": ""Valle Grande"", ""imun"": ""05"", ""nombre_mun"": ""Pucará"", ""capital"": ""Pucará"", ""superficie_km2"": 679.4, ""code"": ""070805""}"
Feature,"{""type"": ""Polygon"", ""coordinates"": [[[-63.6168, -18.0162], [-63.6863, -18.0068], [-63.7509, -18.0239], [-63.7629, -17.9432], [-63.7936, -17.8609], [-63.8465, -17.8846], [-63.9223, -17.882], [-64.0003, -17.8286], [-64.0083, -17.8725], [-63.9522, -17.906], [-63.8636, -18.0636], [-63.9522, -18.1731], [-63.9531, -18.2459], [-63.9529, -18.2527], [-63.9261, -18.3235], [-63.8675, -18.314], [-63.8221, -18.4272], [-63.8451, -18.4421], [-63.744, -18.4342], [-63.7002, -18.4019], [-63.6509, -18.4092], [-63.6143, -18.3656], [-63.5093, -18.3402], [-63.5141, -18.28], [-63.5695, -18.1237], [-63.5842, -18.0383], [-63.6168, -18.0162]]]}","{""idep"": ""07"", ""nombre_dep"": ""Santa Cruz"", ""iprov"": ""09"", ""nombre_prov"": ""Florida"", ""imun"": ""01"", ""nombre_mun"": ""Samaipata"", ""capital"": ""Samaipata"", ""superficie_km2"": 1913.3, ""code"": ""070901""}"
Feature,"{""type"": ""Polygon"", ""coordinates"": [[[-64.1532, -17.7921], [-64.2187, -17.7495], [-64.2479, -17.8112], [-64.2568, -17.9279], [-64.2412, -17.9576], [-64.283, -18.0238], [-64.2685, -18.0857], [-64.3099, -18.1154], [-64.3142, -18.1597], [-64.2222, -18.1918], [-64.0987, -18.1733], [-64.0529, -18.2523], [-64.0483, -18.3471], [-63.9529, -18.2527], [-63.9531, -18.2459], [-64.0108, -18.2101], [-64.0367, -18.1513], [-64.045, -18.0484], [-64.0988, -17.9376], [-64.1532, -17.7921]]]}","{""idep"": ""07"", ""nombre_dep"": ""Santa Cruz"", ""iprov"": ""09"", ""nombre_prov"": ""Florida"", ""imun"": ""02"", ""nombre_mun"": ""Pampagrande"", ""capital"": ""Pampa Grande"", ""superficie_km2"": 1000.1, ""code"": ""070902""}"
Feature,"{""type"": ""Polygon"", ""coordinates"": [[[-64.0003, -17.8286], [-64.0532, -17.7514], [-64.0986, -17.749], [-64.1532, -17.7921], [-64.0988, -17.9376], [-64.045, -18.0484], [-64.0367, -18.1513], [-64.0108, -18.2101], [-63.9531, -18.2459], [-63.9522, -18.1731], [-63.8636, -18.0636], [-63.9522, -17.906], [-64.0083, -17.8725], [-64.0003, -17.8286]]]}","{""idep"": ""07"", ""nombre_dep"": ""Santa Cruz"", ""iprov"": ""09"", ""nombre_prov"": ""Florida"", ""imun"": ""03"", ""nombre_mun"": ""Mairana"", ""capital"": ""Mairana"", ""superficie_km2"": 738.9, ""code"": ""070903""}"
Feature,"{""type"": ""Polygon"", ""coordinates"": [[[-63.8451, -18.4421], [-63.8221, -18.4272], [-63.8675, -18.314], [-63.9261, -18.3235], [-63.9529, -18.2527], [-64.0483, -18.3471], [-64.0448, -18.3702], [-63.9888, -18.4315], [-63.9459, -18.4407], [-63.8451, -18.4421]]]}","{""idep"": ""07"", ""nombre_dep"": ""Santa Cruz"", ""iprov"": ""09"", ""nombre_prov"": ""Florida"", ""imun"": ""04"", ""nombre_mun"": ""Quirusillas"", ""capital"": ""Quirusillas"", ""superficie_km2"": 285.4, ""code"": ""070904""}"
Feature,"{""type"": ""Polygon"", ""coordinates"": [[[-63.1307, -17.2802], [-63.2368, -17.2897], [-63.2469, -17.2551], [-63.3187, -17.2568], [-63.3321, -17.3753], [-63.2581, -17.427], [-63.2336, -17.3757], [-63.1556, -17.3551], [-63.1307, -17.2802]]]}","{""idep"": ""07"", ""nombre_dep"": ""Santa Cruz"", ""iprov"": ""10"", ""nombre_prov"": ""Obispo Santisteban"", ""imun"": ""01"", ""nombre_mun"": ""Montero"", ""capital"": ""Montero"", ""superficie_km2"": 245, ""code"": ""071001""}"
Feature,"{""type"": ""Polygon"", ""coordinates"": [[[-63.0345, -17.0358], [-63.0504, -16.991], [-63.1724, -17.0568], [-63.1756, -17.1139], [-63.3427, -17.164], [-63.3187, -17.2568], [-63.2469, -17.2551], [-63.2368, -17.2897], [-63.1307, -17.2802], [-63.0857, -17.2325], [-63.0582, -17.1253], [-63.0768, -17.0783], [-63.0345, -17.0358]]]}","{""idep"": ""07"", ""nombre_dep"": ""Santa Cruz"", ""iprov"": ""10"", ""nombre_prov"": ""Obispo Santisteban"", ""imun"": ""02"", ""nombre_mun"": ""General Saavedra"", ""capital"": ""General Saavedra"", ""superficie_km2"": 531, ""code"": ""071002""}"
Feature,"{""type"": ""Polygon"", ""coordinates"": [[[-63.0488, -16.9647], [-63.1707, -16.9894], [-63.1707, -17.0223], [-63.2838, -17.0473], [-63.3316, -17.0258], [-63.3594, -16.9457], [-63.4439, -16.9647], [-63.3514, -17.1527], [-63.3427, -17.164], [-63.1756, -17.1139], [-63.1724, -17.0568], [-63.0504, -16.991], [-63.0488, -16.9647]]]}","{""idep"": ""07"", ""nombre_dep"": ""Santa Cruz"", ""iprov"": ""10"", ""nombre_prov"": ""Obispo Santisteban"", ""imun"": ""03"", ""nombre_mun"": ""Mineros"", ""capital"": ""Mineros"", ""superficie_km2"": 424.1, ""code"": ""071003""}"
Feature,"{""type"": ""Polygon"", ""coordinates"": [[[-63.0488, -16.9647], [-63.0877, -16.8791], [-63.0795, -16.8094], [-63.1378, -16.7773], [-63.1639, -16.7079], [-63.2196, -16.6949], [-63.2254, -16.7393], [-63.2788, -16.8144], [-63.3307, -16.7975], [-63.3265, -16.8813], [-63.3594, -16.9457], [-63.3316, -17.0258], [-63.2838, -17.0473], [-63.1707, -17.0223], [-63.1707, -16.9894], [-63.0488, -16.9647]]]}","{""idep"": ""07"", ""nombre_dep"": ""Santa Cruz"", ""iprov"": ""10"", ""nombre_prov"": ""Obispo Santisteban"", ""imun"": ""04"", ""nombre_mun"": ""Fernández Alonso"", ""capital"": ""Fernández Alonso"", ""superficie_km2"": 759, ""code"": ""071004""}"
Feature,"{""type"": ""Polygon"", ""coordinates"": [[[-63.451, -16.5042], [-63.4654, -16.3945], [-63.5249, -16.3721], [-63.5452, -16.3187], [-63.6136, -16.3076], [-63.6405, -16.2635], [-63.7022, -16.2378], [-63.7432, -16.1885], [-63.8328, -16.1815], [-63.9612, -16.1034], [-64.0105, -16.0423], [-64.0823, -16.0783], [-64.1236, -16.0688], [-64.23, -16.102], [-64.1706, -16.1191], [-64.1014, -16.0961], [-64.0336, -16.172], [-63.9774, -16.1844], [-63.9204, -16.2581], [-63.8985, -16.339], [-63.8163, -16.393], [-63.8004, -16.4406], [-63.8315, -16.5353], [-63.7395, -16.5466], [-63.6966, -16.5916], [-63.6863, -16.6995], [-63.5934, -16.7628], [-63.5761, -16.808], [-63.4731, -16.8862], [-63.4725, -16.9462], [-63.4439, -16.9647], [-63.3594, -16.9457], [-63.3265, -16.8813], [-63.3307, -16.7975], [-63.2788, -16.8144], [-63.2254, -16.7393], [-63.2196, -16.6949], [-63.2721, -16.6481], [-63.3856, -16.5783], [-63.3949, -16.5417], [-63.451, -16.5042]]]}","{""idep"": ""07"", ""nombre_dep"": ""Santa Cruz"", ""iprov"": ""10"", ""nombre_prov"": ""Obispo Santisteban"", ""imun"": ""05"", ""nombre_mun"": ""San Pedro"", ""capital"": ""San Pedro"", ""superficie_km2"": 3053, ""code"": ""071005""}"
Feature,"{""type"": ""Polygon"", ""coordinates"": [[[-61.6974, -16.2653], [-61.6759, -16.1739], [-61.6875, -16.1434], [-61.6751, -16.0203], [-61.644, -15.944], [-61.5969, -15.9138], [-61.5721, -15.856], [-61.5996, -15.7659], [-61.5515, -15.7787], [-61.5314, -15.7403], [-61.4879, -15.317], [-61.509, -15.2317], [-61.4794, -15.1132], [-61.4934, -15.0852], [-61.4956, -14.9376], [-61.5354, -14.8025], [-61.5847, -14.7067], [-61.6206, -14.6997], [-61.7049, -14.5871], [-61.7442, -14.504], [-61.8904, -14.395], [-61.9342, -14.3739], [-62.1222, -14.2427], [-62.1409, -14.1984], [-62.1447, -14.007], [-62.1392, -13.7624], [-62.7049, -13.9758], [-62.6755, -14.0472], [-62.7043, -14.1144], [-62.7566, -14.1729], [-62.7705, -14.2565], [-62.7964, -14.3037], [-62.761, -14.3586], [-62.7404, -14.4525], [-62.6756, -14.6064], [-62.621, -14.6501], [-62.6161, -14.7002], [-62.6514, -14.7795], [-62.6361, -14.869], [-62.6407, -14.9888], [-62.5845, -15.0068], [-62.5338, -15.0943], [-62.4919, -15.1215], [-62.5249, -15.2025], [-62.5132, -15.3593], [-62.5589, -15.4316], [-62.5159, -15.4644], [-62.531, -15.5216], [-62.5871, -15.8477], [-62.4652, -15.8802], [-62.4255, -15.9078], [-62.42, -15.9834], [-62.3741, -16.0284], [-62.3783, -16.0605], [-62.3154, -16.117], [-62.2885, -16.2656], [-62.291, -16.3521], [-62.3147, -16.3698], [-62.3434, -16.506], [-62.2591, -16.563], [-62.3074, -16.6344], [-62.3499, -16.6459], [-62.429, -16.6293], [-62.4292, -16.7074], [-62.4215, -16.8083], [-62.3841, -16.8243], [-62.3444, -16.9423], [-62.3272, -17.0412], [-62.1804, -17.0271], [-61.9663, -17.0381], [-62.0213, -16.9981], [-62.0854, -16.9858], [-62.1717, -16.8896], [-62.1036, -16.7608], [-61.9676, -16.5424], [-61.9081, -16.5457], [-61.8014, -16.6295], [-61.7384, -16.5574], [-61.6638, -16.535], [-61.6398, -16.5021], [-61.6593, -16.4327], [-61.6735, -16.2984], [-61.6974, -16.2653]]]}","{""idep"": ""07"", ""nombre_dep"": ""Santa Cruz"", ""iprov"": ""11"", ""nombre_prov"": ""Ñuflo de Chávez"", ""imun"": ""01"", ""nombre_mun"": ""Concepción"", ""capital"": ""Concepción"", ""superficie_km2"": 28943, ""code"": ""071101""}"
Feature,"{""type"": ""Polygon"", ""coordinates"": [[[-62.3434, -16.506], [-62.3147, -16.3698], [-62.291, -16.3521], [-62.2885, -16.2656], [-62.3154, -16.117], [-62.3783, -16.0605], [-62.3741, -16.0284], [-62.42, -15.9834], [-62.4255, -15.9078], [-62.4652, -15.8802], [-62.5871, -15.8477], [-62.6387, -16.1856], [-62.6714, -16.3964], [-62.6673, -16.4491], [-62.6963, -16.4964], [-62.6481, -16.5711], [-62.6072, -16.5454], [-62.5231, -16.4935], [-62.4803, -16.4852], [-62.3907, -16.5186], [-62.3434, -16.506]]]}","{""idep"": ""07"", ""nombre_dep"": ""Santa Cruz"", ""iprov"": ""11"", ""nombre_prov"": ""Ñuflo de Chávez"", ""imun"": ""02"", ""nombre_mun"": ""San Javier"", ""capital"": ""San Javier"", ""superficie_km2"": 2256.1, ""code"": ""071102""}"
Feature,"{""type"": ""Polygon"", ""coordinates"": [[[-62.6072, -16.5454], [-62.6481, -16.5711], [-62.6963, -16.4964], [-62.7763, -16.5027], [-63.451, -16.5042], [-63.3949, -16.5417], [-63.3856, -16.5783], [-63.2721, -16.6481], [-63.2196, -16.6949], [-63.1639, -16.7079], [-63.1378, -16.7773], [-63.0795, -16.8094], [-63.0877, -16.8791], [-63.0488, -16.9647], [-63.0504, -16.991], [-63.0345, -17.0358], [-62.9855, -17.0527], [-62.9742, -17.0924], [-62.9211, -17.1182], [-62.8118, -17.1448], [-62.7849, -17.1715], [-62.6487, -17.0749], [-62.6028, -17.1003], [-62.42, -17.049], [-62.3272, -17.0412], [-62.3444, -16.9423], [-62.3841, -16.8243], [-62.4215, -16.8083], [-62.4292, -16.7074], [-62.4887, -16.6702], [-62.5417, -16.6087], [-62.5825, -16.5941], [-62.6072, -16.5454]]]}","{""idep"": ""07"", ""nombre_dep"": ""Santa Cruz"", ""iprov"": ""11"", ""nombre_prov"": ""Ñuflo de Chávez"", ""imun"": ""03"", ""nombre_mun"": ""San Julián"", ""capital"": ""San Julián"", ""superficie_km2"": 5022, ""code"": ""071103""}"
Feature,"{""type"": ""Polygon"", ""coordinates"": [[[-61.8509, -17.0339], [-61.7422, -17.0448], [-61.6621, -17.015], [-61.6398, -16.5021], [-61.6638, -16.535], [-61.7384, -16.5574], [-61.8014, -16.6295], [-61.9081, -16.5457], [-61.9676, -16.5424], [-62.1036, -16.7608], [-62.1717, -16.8896], [-62.0854, -16.9858], [-62.0213, -16.9981], [-61.9663, -17.0381], [-61.8509, -17.0339]]]}","{""idep"": ""07"", ""nombre_dep"": ""Santa Cruz"", ""iprov"": ""11"", ""nombre_prov"": ""Ñuflo de Chávez"", ""imun"": ""04"", ""nombre_mun"": ""San Antonio de Lomerio"", ""capital"": ""San Antonio de Lomerio"", ""superficie_km2"": 2369.6, ""code"": ""071104""}"
Feature,"{""type"": ""Polygon"", ""coordinates"": [[[-62.3434, -16.506], [-62.3907, -16.5186], [-62.4803, -16.4852], [-62.5231, -16.4935], [-62.6072, -16.5454], [-62.5825, -16.5941], [-62.5417, -16.6087], [-62.4887, -16.6702], [-62.4292, -16.7074], [-62.429, -16.6293], [-62.3499, -16.6459], [-62.3074, -16.6344], [-62.2591, -16.563], [-62.3434, -16.506]]]}","{""idep"": ""07"", ""nombre_dep"": ""Santa Cruz"", ""iprov"": ""11"", ""nombre_prov"": ""Ñuflo de Chávez"", ""imun"": ""05"", ""nombre_mun"": ""San Ramón"", ""capital"": ""San Ramón"", ""superficie_km2"": 500.3, ""code"": ""071105""}"
Feature,"{""type"": ""Polygon"", ""coordinates"": [[[-61.9663, -17.0381], [-62.1804, -17.0271], [-62.3272, -17.0412], [-62.42, -17.049], [-62.6028, -17.1003], [-62.6487, -17.0749], [-62.7849, -17.1715], [-62.7277, -17.2494], [-62.7566, -17.3839], [-62.7522, -17.4672], [-62.7862, -17.5019], [-62.6207, -17.466], [-62.5403, -17.4614], [-62.0471, -17.3807], [-61.7795, -17.3415], [-61.5686, -17.2575], [-61.6043, -17.1936], [-61.6791, -17.1492], [-61.8349, -17.0863], [-61.8509, -17.0339], [-61.9663, -17.0381]]]}","{""idep"": ""07"", ""nombre_dep"": ""Santa Cruz"", ""iprov"": ""11"", ""nombre_prov"": ""Ñuflo de Chávez"", ""imun"": ""06"", ""nombre_mun"": ""Cuatro Cañadas"", ""capital"": ""Cuatro Cañadas"", ""superficie_km2"": 4426, ""code"": ""071106""}"
Feature,"{""type"": ""Polygon"", ""coordinates"": [[[-57.6365, -17.9816], [-57.7229, -17.8302], [-57.6851, -17.8106], [-57.7833, -17.6375], [-57.7513, -17.5507], [-57.8878, -17.4528], [-57.9695, -17.5145], [-58.0436, -17.4929], [-58.0527, -17.4603], [-58.1215, -17.4483], [-58.159, -17.3847], [-58.2646, -17.3458], [-58.2766, -17.305], [-58.3692, -17.1999], [-58.3974, -17.1864], [-58.3995, -17.0838], [-58.4313, -17.0656], [-58.4327, -16.9911], [-58.4761, -16.9384], [-58.4613, -16.904], [-58.4767, -16.8306], [-58.4593, -16.6528], [-58.4219, -16.5752], [-58.3381, -16.5163], [-58.355, -16.4392], [-58.3096, -16.3614], [-58.3037, -16.3097], [-58.3289, -16.2712], [-58.389, -16.2628], [-58.4311, -16.3224], [-59.0013, -16.2994], [-59.4956, -16.2793], [-59.5011, -16.4434], [-59.5202, -17.0091], [-59.5258, -17.6467], [-59.5279, -18.0178], [-59.2503, -18.1152], [-58.8048, -17.9708], [-58.0338, -17.9968], [-58.0224, -17.9791], [-57.7142, -17.9815], [-57.6365, -17.9816]]]}","{""idep"": ""07"", ""nombre_dep"": ""Santa Cruz"", ""iprov"": ""12"", ""nombre_prov"": ""Ángel Sandoval"", ""imun"": ""01"", ""nombre_mun"": ""San Matías"", ""capital"": ""San Matías"", ""superficie_km2"": 26918.9, ""code"": ""071201""}"
Feature,"{""type"": ""Polygon"", ""coordinates"": [[[-64.2539, -17.4255], [-64.358, -17.4452], [-64.4063, -17.4707], [-64.4323, -17.56], [-64.6025, -17.5574], [-64.5884, -17.6006], [-64.6391, -17.7057], [-64.699, -17.7154], [-64.7565, -17.7509], [-64.8064, -17.8931], [-64.7866, -17.9333], [-64.697, -17.9221], [-64.66, -17.9519], [-64.5842, -17.9253], [-64.5514, -18.0321], [-64.4919, -18.1137], [-64.523, -18.1694], [-64.4942, -18.2345], [-64.3634, -18.2013], [-64.3142, -18.1597], [-64.3099, -18.1154], [-64.2685, -18.0857], [-64.283, -18.0238], [-64.2412, -17.9576], [-64.2568, -17.9279], [-64.2479, -17.8112], [-64.2187, -17.7495], [-64.1637, -17.6913], [-64.1204, -17.6075], [-64.1223, -17.549], [-64.2065, -17.5227], [-64.241, -17.4928], [-64.2539, -17.4255]]]}","{""idep"": ""07"", ""nombre_dep"": ""Santa Cruz"", ""iprov"": ""13"", ""nombre_prov"": ""Manuel María Caballero"", ""imun"": ""01"", ""nombre_mun"": ""Comarapa"", ""capital"": ""Comarapa"", ""superficie_km2"": 3294.8, ""code"": ""071301""}"
Feature,"{""type"": ""Polygon"", ""coordinates"": [[[-64.523, -18.1694], [-64.4919, -18.1137], [-64.5514, -18.0321], [-64.5842, -17.9253], [-64.66, -17.9519], [-64.697, -17.9221], [-64.7866, -17.9333], [-64.7663, -17.9849], [-64.6998, -18.0897], [-64.6112, -18.0962], [-64.523, -18.1694]]]}","{""idep"": ""07"", ""nombre_dep"": ""Santa Cruz"", ""iprov"": ""13"", ""nombre_prov"": ""Manuel María Caballero"", ""imun"": ""02"", ""nombre_mun"": ""Saipina"", ""capital"": ""Saipina"", ""superficie_km2"": 446.9, ""code"": ""071302""}"
Feature,"{""type"": ""Polygon"", ""coordinates"": [[[-57.7142, -17.9815], [-58.0224, -17.9791], [-58.0338, -17.9968], [-58.2296, -18.213], [-57.9408, -18.8255], [-58.4044, -18.8904], [-58.4052, -18.9907], [-58.9864, -18.9853], [-59.0996, -19.3494], [-58.8235, -19.4969], [-58.6406, -19.5864], [-58.2354, -19.7755], [-58.1648, -19.8271], [-58.2019, -19.8648], [-58.1619, -20.0749], [-58.0937, -20.1087], [-58.0459, -20.102], [-57.9331, -20.0209], [-57.9048, -20.0439], [-57.8591, -19.9718], [-58.1314, -19.7584], [-57.8264, -19.1243], [-57.8589, -19.1086], [-57.7883, -19.0021], [-57.7973, -18.9356], [-57.7142, -17.9815]]]}","{""idep"": ""07"", ""nombre_dep"": ""Santa Cruz"", ""iprov"": ""14"", ""nombre_prov"": ""Germán Busch"", ""imun"": ""01"", ""nombre_mun"": ""Puerto Suárez"", ""capital"": ""Puerto Suarez"", ""superficie_km2"": 13335.5, ""code"": ""071401""}"
Feature,"{""type"": ""Polygon"", ""coordinates"": [[[-57.6365, -17.9816], [-57.7142, -17.9815], [-57.7973, -18.9356], [-57.7883, -19.0021], [-57.8589, -19.1086], [-57.8264, -19.1243], [-57.7837, -19.0352], [-57.711, -19.0348], [-57.7188, -18.8984], [-57.7672, -18.9005], [-57.5597, -18.2421], [-57.5082, -18.1987], [-57.5797, -18.1201], [-57.6365, -17.9816]]]}","{""idep"": ""07"", ""nombre_dep"": ""Santa Cruz"", ""iprov"": ""14"", ""nombre_prov"": ""Germán Busch"", ""imun"": ""02"", ""nombre_mun"": ""Puerto Quijarro"", ""capital"": ""Puerto Quijarro"", ""superficie_km2"": 1429.6, ""code"": ""071402""}"
Feature,"{""type"": ""Polygon"", ""coordinates"": [[[-58.0338, -17.9968], [-58.8048, -17.9708], [-59.2503, -18.1152], [-58.9888, -18.624], [-58.9614, -18.664], [-58.8704, -18.7968], [-58.9864, -18.9853], [-58.4052, -18.9907], [-58.4044, -18.8904], [-57.9408, -18.8255], [-58.2296, -18.213], [-58.0338, -17.9968]]]}","{""idep"": ""07"", ""nombre_dep"": ""Santa Cruz"", ""iprov"": ""14"", ""nombre_prov"": ""Germán Busch"", ""imun"": ""03"", ""nombre_mun"": ""El Carmen Rivero Tórrez"", ""capital"": ""El Carmen Rivero Tórrez"", ""superficie_km2"": 10616.6, ""code"": ""071403""}"
Feature,"{""type"": ""Polygon"", ""coordinates"": [[[-62.5871, -15.8477], [-62.823, -15.8422], [-62.9222, -15.773], [-63.0169, -15.7408], [-63.2818, -15.7407], [-63.2945, -15.686], [-63.3592, -15.6021], [-63.3033, -15.4882], [-63.3254, -15.4532], [-63.2968, -15.3988], [-63.3034, -15.3114], [-63.3393, -15.2118], [-63.3234, -15.1334], [-63.3516, -15.1087], [-63.421, -15.1303], [-63.4822, -15.1005], [-63.5738, -14.9612], [-63.6353, -14.7805], [-63.5346, -14.7127], [-63.5783, -14.6528], [-63.5302, -14.5798], [-63.4423, -14.5422], [-63.4736, -14.4761], [-63.4926, -14.3816], [-63.5244, -14.2969], [-63.5612, -14.2966], [-63.5622, -14.2969], [-63.975, -14.7284], [-63.927, -14.7706], [-63.9466, -14.8807], [-63.918, -15.0332], [-63.9615, -15.0619], [-63.9361, -15.1677], [-63.9011, -15.1667], [-63.8318, -15.353], [-63.7779, -15.3913], [-63.7844, -15.4391], [-63.6797, -15.4995], [-63.6932, -15.5542], [-63.6284, -15.6353], [-63.5122, -15.6655], [-63.4446, -15.7791], [-63.4289, -15.8451], [-63.3806, -15.8839], [-63.3269, -15.9002], [-63.3005, -15.993], [-63.2708, -16.0304], [-63.1638, -16.0613], [-63.1125, -16.1028], [-63.0423, -16.1145], [-62.8992, -16.1078], [-62.8169, -16.1319], [-62.7737, -16.1069], [-62.6387, -16.1856], [-62.5871, -15.8477]]]}","{""idep"": ""07"", ""nombre_dep"": ""Santa Cruz"", ""iprov"": ""15"", ""nombre_prov"": ""Guarayos"", ""imun"": ""01"", ""nombre_mun"": ""Ascención de Guarayos"", ""capital"": ""Ascención de Guarayos"", ""superficie_km2"": 8974.6, ""code"": ""071501""}"
Feature,"{""type"": ""Polygon"", ""coordinates"": [[[-62.5871, -15.8477], [-62.531, -15.5216], [-62.5159, -15.4644], [-62.5589, -15.4316], [-62.5132, -15.3593], [-62.5249, -15.2025], [-62.4919, -15.1215], [-62.5338, -15.0943], [-62.5845, -15.0068], [-62.6407, -14.9888], [-62.6361, -14.869], [-62.6514, -14.7795], [-62.6161, -14.7002], [-62.621, -14.6501], [-62.6756, -14.6064], [-62.7404, -14.4525], [-62.761, -14.3586], [-62.7964, -14.3037], [-62.7705, -14.2565], [-62.7566, -14.1729], [-62.7043, -14.1144], [-62.6755, -14.0472], [-62.7049, -13.9758], [-63.0907, -14.1204], [-63.5612, -14.2966], [-63.5244, -14.2969], [-63.4926, -14.3816], [-63.4736, -14.4761], [-63.4423, -14.5422], [-63.5302, -14.5798], [-63.5783, -14.6528], [-63.5346, -14.7127], [-63.6353, -14.7805], [-63.5738, -14.9612], [-63.4822, -15.1005], [-63.421, -15.1303], [-63.3516, -15.1087], [-63.3234, -15.1334], [-63.3393, -15.2118], [-63.3034, -15.3114], [-63.2968, -15.3988], [-63.3254, -15.4532], [-63.3033, -15.4882], [-63.3592, -15.6021], [-63.2945, -15.686], [-63.2818, -15.7407], [-63.0169, -15.7408], [-62.9222, -15.773], [-62.823, -15.8422], [-62.5871, -15.8477]]]}","{""idep"": ""07"", ""nombre_dep"": ""Santa Cruz"", ""iprov"": ""15"", ""nombre_prov"": ""Guarayos"", ""imun"": ""02"", ""nombre_mun"": ""Urubichá"", ""capital"": ""Urubicha"", ""superficie_km2"": 16226.3, ""code"": ""071502""}"
Feature,"{""type"": ""Polygon"", ""coordinates"": [[[-64.487, -15.8251], [-64.7297, -15.802], [-64.6893, -15.8664], [-64.5991, -15.9311], [-64.5541, -15.9156], [-64.5156, -15.973], [-64.4546, -15.969], [-64.408, -15.9932], [-64.2384, -16.0375], [-64.23, -16.102], [-64.1236, -16.0688], [-64.0823, -16.0783], [-64.0105, -16.0423], [-63.9612, -16.1034], [-63.8328, -16.1815], [-63.7432, -16.1885], [-63.7022, -16.2378], [-63.6405, -16.2635], [-63.6136, -16.3076], [-63.5452, -16.3187], [-63.5249, -16.3721], [-63.4654, -16.3945], [-63.451, -16.5042], [-62.7763, -16.5027], [-62.6963, -16.4964], [-62.6673, -16.4491], [-62.6714, -16.3964], [-62.6387, -16.1856], [-62.7737, -16.1069], [-62.8169, -16.1319], [-62.8992, -16.1078], [-63.0423, -16.1145], [-63.1125, -16.1028], [-63.1638, -16.0613], [-63.2708, -16.0304], [-63.3005, -15.993], [-63.3269, -15.9002], [-63.3806, -15.8839], [-64.487, -15.8251]]]}","{""idep"": ""07"", ""nombre_dep"": ""Santa Cruz"", ""iprov"": ""15"", ""nombre_prov"": ""Guarayos"", ""imun"": ""03"", ""nombre_mun"": ""El Puente"", ""capital"": ""El Puente"", ""superficie_km2"": 7884.2, ""code"": ""071503""}"
Feature,"{""type"": ""Polygon"", ""coordinates"": [[[-64.7706, -14.965], [-64.6423, -14.9171], [-64.4099, -14.8801], [-63.975, -14.7284], [-65.0432, -14.7441], [-65.0614, -14.7927], [-65.0288, -14.8324], [-65.0307, -14.9109], [-65.0116, -15.0413], [-64.7706, -14.965]]]}","{""idep"": ""08"", ""nombre_dep"": ""Beni"", ""iprov"": ""01"", ""nombre_prov"": ""Cercado"", ""imun"": ""01"", ""nombre_mun"": ""Trinidad"", ""capital"": ""Trinidad"", ""superficie_km2"": 1882, ""code"": ""080101""}"
Feature,"{""type"": ""Polygon"", ""coordinates"": [[[-64.383, -14.1436], [-65.082, -14.0167], [-65.1054, -14.0167], [-65.071, -14.037], [-65.0327, -14.1075], [-65.0471, -14.1576], [-65.0127, -14.2611], [-64.9763, -14.2939], [-65.0083, -14.3457], [-64.9447, -14.4306], [-64.9269, -14.4761], [-64.9494, -14.5484], [-64.9883, -14.5705], [-65.0405, -14.6631], [-65.0432, -14.7441], [-63.975, -14.7284], [-63.5622, -14.2969], [-63.6448, -14.3138], [-63.7564, -14.2554], [-64.383, -14.1436]]]}","{""idep"": ""08"", ""nombre_dep"": ""Beni"", ""iprov"": ""01"", ""nombre_prov"": ""Cercado"", ""imun"": ""02"", ""nombre_mun"": ""San Javier"", ""capital"": ""San Javier"", ""superficie_km2"": 8736, ""code"": ""080102""}"
Feature,"{""type"": ""Polygon"", ""coordinates"": [[[-65.7335, -10.7069], [-65.8126, -10.7433], [-65.8603, -10.6926], [-65.903, -10.7456], [-65.8518, -10.7844], [-65.8597, -10.8355], [-65.9688, -10.7977], [-66.0103, -10.8131], [-66.0718, -10.8475], [-66.0473, -10.903], [-66.0558, -10.982], [-66.0923, -10.9901], [-66.1374, -11.0422], [-66.1216, -11.1003], [-66.1601, -11.1312], [-66.2029, -11.2028], [-66.267, -11.2172], [-66.2776, -11.2777], [-66.3416, -11.3643], [-66.4359, -11.3743], [-66.4987, -11.4423], [-66.5471, -11.4144], [-66.6892, -11.4434], [-66.7009, -11.4925], [-66.6758, -11.5617], [-66.7128, -11.6105], [-66.7117, -11.6818], [-66.7741, -11.7134], [-66.8261, -11.7062], [-66.8567, -11.8226], [-66.8937, -11.8579], [-66.9791, -11.9], [-66.9276, -11.9239], [-66.8939, -12.0059], [-66.6226, -12.0035], [-66.2679, -12], [-65.4607, -12], [-65.5059, -11.9615], [-65.4955, -11.8542], [-65.5274, -11.8275], [-65.6188, -11.6169], [-65.6526, -11.6073], [-65.6565, -11.5427], [-65.6992, -11.4914], [-65.689, -11.4282], [-65.65, -11.3929], [-65.6763, -11.3197], [-65.6819, -11.1547], [-65.6501, -11.0134], [-65.5803, -10.9979], [-65.567, -10.9663], [-65.5935, -10.8175], [-65.5411, -10.7702], [-65.5861, -10.7328], [-65.6634, -10.7361], [-65.7335, -10.7069]]]}","{""idep"": ""08"", ""nombre_dep"": ""Beni"", ""iprov"": ""02"", ""nombre_prov"": ""Vaca Diez"", ""imun"": ""01"", ""nombre_mun"": ""Riberalta"", ""capital"": ""Riberalta"", ""superficie_km2"": 12797.9, ""code"": ""080201""}"
Feature,"{""type"": ""Polygon"", ""coordinates"": [[[-65.0216, -11.9278], [-65.0179, -11.8964], [-65.0736, -11.8576], [-65.0629, -11.7749], [-65.0971, -11.7038], [-65.2178, -11.744], [-65.2612, -11.7025], [-65.2245, -11.6647], [-65.2328, -11.6112], [-65.2175, -11.5198], [-65.3046, -11.5014], [-65.3619, -11.2243], [-65.3607, -11.1361], [-65.2833, -11.09], [-65.2971, -11.0247], [-65.2507, -10.9841], [-65.2743, -10.9451], [-65.274, -10.8748], [-65.3592, -10.7961], [-65.3436, -10.7596], [-65.3526, -10.6625], [-65.405, -10.6409], [-65.3958, -10.5853], [-65.4305, -10.4823], [-65.3806, -10.4276], [-65.391, -10.3812], [-65.4006, -10.4073], [-65.4838, -10.4381], [-65.5351, -10.5036], [-65.6473, -10.5661], [-65.7232, -10.565], [-65.7019, -10.6514], [-65.7335, -10.7069], [-65.6634, -10.7361], [-65.5861, -10.7328], [-65.5411, -10.7702], [-65.5935, -10.8175], [-65.567, -10.9663], [-65.5803, -10.9979], [-65.6501, -11.0134], [-65.6819, -11.1547], [-65.6763, -11.3197], [-65.65, -11.3929], [-65.689, -11.4282], [-65.6992, -11.4914], [-65.6565, -11.5427], [-65.6526, -11.6073], [-65.6188, -11.6169], [-65.5274, -11.8275], [-65.4955, -11.8542], [-65.5059, -11.9615], [-65.4607, -12], [-65.1217, -12.0001], [-65.0689, -11.9904], [-65.0642, -11.9302], [-65.0216, -11.9278]]]}","{""idep"": ""08"", ""nombre_dep"": ""Beni"", ""iprov"": ""02"", ""nombre_prov"": ""Vaca Diez"", ""imun"": ""02"", ""nombre_mun"": ""Guayaramerín"", ""capital"": ""Guayaramerín"", ""superficie_km2"": 6492.9, ""code"": ""080202""}"
Feature,"{""type"": ""Polygon"", ""coordinates"": [[[-66.9862, -14.3662], [-66.9902, -14.2296], [-66.9963, -13.5437], [-66.9593, -13.5277], [-66.8946, -13.4269], [-66.8334, -13.3588], [-66.82, -13.2598], [-66.7762, -13.1931], [-66.734, -13.1745], [-66.7311, -12.9927], [-66.6902, -12.9246], [-66.6956, -12.8275], [-66.6575, -12.7984], [-66.6423, -12.7393], [-66.5949, -12.6529], [-66.6576, -12.5489], [-66.6348, -12.5266], [-66.6995, -12.3666], [-66.6655, -12.3428], [-66.649, -12.2196], [-66.6193, -12.1822], [-66.6412, -12.1269], [-66.602, -12.0589], [-66.6226, -12.0035], [-66.8939, -12.0059], [-66.8731, -12.1063], [-66.9236, -12.1554], [-66.8858, -12.2147], [-66.8869, -12.2512], [-66.9466, -12.3267], [-66.9, -12.3517], [-66.9686, -12.4247], [-66.9673, -12.4903], [-66.9205, -12.5284], [-66.973, -12.5716], [-66.9468, -12.5994], [-66.9806, -12.7406], [-66.9739, -12.8186], [-67.0434, -13.0131], [-67.1591, -13.1029], [-67.1662, -13.1674], [-67.2207, -13.1662], [-67.2667, -13.2096], [-67.2664, -13.2928], [-67.3485, -13.3405], [-67.3959, -13.4377], [-67.3579, -13.5653], [-67.3633, -13.609], [-67.4322, -13.6561], [-67.419, -13.6995], [-67.4902, -13.769], [-67.5221, -13.7793], [-67.4739, -13.8644], [-67.4861, -13.9198], [-67.5361, -13.9726], [-67.4984, -14.0601], [-67.5346, -14.1659], [-67.5126, -14.2196], [-67.5103, -14.2907], [-67.5403, -14.3433], [-67.4256, -14.3781], [-67.2871, -14.3875], [-67.0737, -14.6361], [-66.9851, -14.4962], [-66.9862, -14.3662]]]}","{""idep"": ""08"", ""nombre_dep"": ""Beni"", ""iprov"": ""03"", ""nombre_prov"": ""General José Ballivián"", ""imun"": ""01"", ""nombre_mun"": ""Reyes"", ""capital"": ""Reyes"", ""superficie_km2"": 11846.3, ""code"": ""080301""}"
Feature,"{""type"": ""Polygon"", ""coordinates"": [[[-66.5315, -15.5655], [-66.5211, -14.3107], [-66.8228, -14.3203], [-66.8209, -14.3596], [-66.9862, -14.3662], [-66.9851, -14.4962], [-67.0737, -14.6361], [-67.1177, -14.8292], [-67.1148, -14.8954], [-67.1469, -15.0032], [-67.2282, -14.9974], [-67.2883, -15.0299], [-67.238, -15.0624], [-67.1381, -15.2189], [-67.132, -15.2631], [-67.0823, -15.3122], [-67.1168, -15.388], [-66.9746, -15.4995], [-66.8992, -15.6152], [-66.8735, -15.694], [-66.7954, -15.7851], [-66.7953, -15.783], [-66.7523, -15.8007], [-66.6961, -15.7373], [-66.7204, -15.7127], [-66.6503, -15.6344], [-66.5315, -15.5655]]]}","{""idep"": ""08"", ""nombre_dep"": ""Beni"", ""iprov"": ""03"", ""nombre_prov"": ""General José Ballivián"", ""imun"": ""02"", ""nombre_mun"": ""San Borja"", ""capital"": ""San Borja"", ""superficie_km2"": 8739.1, ""code"": ""080302""}"
Feature,"{""type"": ""Polygon"", ""coordinates"": [[[-66.5158, -13.5711], [-66.5137, -12.7257], [-66.4886, -12.7073], [-66.4403, -12.5889], [-66.4385, -12.5426], [-66.268, -12.307], [-66.2646, -12.2675], [-66.3062, -12.2301], [-66.2837, -12.017], [-66.2679, -12], [-66.6226, -12.0035], [-66.602, -12.0589], [-66.6412, -12.1269], [-66.6193, -12.1822], [-66.649, -12.2196], [-66.6655, -12.3428], [-66.6995, -12.3666], [-66.6348, -12.5266], [-66.6576, -12.5489], [-66.5949, -12.6529], [-66.6423, -12.7393], [-66.6575, -12.7984], [-66.6956, -12.8275], [-66.6902, -12.9246], [-66.7311, -12.9927], [-66.734, -13.1745], [-66.7762, -13.1931], [-66.82, -13.2598], [-66.8334, -13.3588], [-66.8946, -13.4269], [-66.9593, -13.5277], [-66.9963, -13.5437], [-66.9902, -14.2296], [-66.9862, -14.3662], [-66.8209, -14.3596], [-66.8228, -14.3203], [-66.5211, -14.3107], [-66.5158, -13.5711]]]}","{""idep"": ""08"", ""nombre_dep"": ""Beni"", ""iprov"": ""03"", ""nombre_prov"": ""General José Ballivián"", ""imun"": ""03"", ""nombre_mun"": ""Santa Rosa"", ""capital"": ""Santa Rosa"", ""superficie_km2"": 9456.6, ""code"": ""080303""}"
Feature,"{""type"": ""Polygon"", ""coordinates"": [[[-67.0737, -14.6361], [-67.2871, -14.3875], [-67.4256, -14.3781], [-67.5403, -14.3433], [-67.5546, -14.3668], [-67.5345, -14.4477], [-67.4967, -14.5223], [-67.5376, -14.5931], [-67.5291, -14.6378], [-67.4249, -14.7396], [-67.4041, -14.7949], [-67.4285, -14.9222], [-67.4136, -14.9929], [-67.3494, -15.0381], [-67.2883, -15.0299], [-67.2282, -14.9974], [-67.1469, -15.0032], [-67.1148, -14.8954], [-67.1177, -14.8292], [-67.0737, -14.6361]]]}","{""idep"": ""08"", ""nombre_dep"": ""Beni"", ""iprov"": ""03"", ""nombre_prov"": ""General José Ballivián"", ""imun"": ""04"", ""nombre_mun"": ""Puerto Menor de Rurrenabaque"", ""capital"": ""Rurrenabaque"", ""superficie_km2"": 2503.3, ""code"": ""080304""}"
Feature,"{""type"": ""Polygon"", ""coordinates"": [[[-65.1138, -13.9788], [-65.1631, -13.8879], [-65.2002, -13.8873], [-65.2479, -13.7979], [-65.3255, -13.7331], [-65.3267, -13.5847], [-65.6719, -13.5813], [-66.5158, -13.5711], [-66.5211, -14.3107], [-66.5315, -15.5655], [-66.4287, -15.5059], [-66.501, -15.4139], [-66.4199, -15.4112], [-66.4203, -15.3222], [-66.3699, -15.2178], [-66.3163, -15.1504], [-66.2937, -15.0414], [-66.236, -15.0221], [-66.1742, -15.0597], [-65.9988, -14.9963], [-66.0393, -14.905], [-65.9572, -14.845], [-65.894, -14.7428], [-65.794, -14.7052], [-65.7439, -14.7036], [-65.7438, -14.7035], [-65.7174, -14.673], [-65.6666, -14.6727], [-65.6136, -14.5884], [-65.5431, -14.5241], [-65.5094, -14.4507], [-65.4963, -14.3712], [-65.4454, -14.319], [-65.43, -14.2052], [-65.3831, -14.154], [-65.0471, -14.1576], [-65.0327, -14.1075], [-65.071, -14.037], [-65.1054, -14.0167], [-65.1138, -13.9788]]]}","{""idep"": ""08"", ""nombre_dep"": ""Beni"", ""iprov"": ""04"", ""nombre_prov"": ""Yacuma"", ""imun"": ""01"", ""nombre_mun"": ""Santa Ana"", ""capital"": ""Santa Ana de Yacuma"", ""superficie_km2"": 18643.1, ""code"": ""080401""}"
Feature,"{""type"": ""Polygon"", ""coordinates"": [[[-65.0046, -12.8033], [-65.0211, -12.7274], [-65.0543, -12.6938], [-65.0272, -12.5838], [-65.0642, -12.556], [-65.1775, -12.3855], [-65.1111, -12.3544], [-65.1169, -12.2589], [-65.1489, -12.1948], [-65.0727, -12.1118], [-65.0845, -12.0327], [-65.1217, -12.0001], [-65.4607, -12], [-66.2679, -12], [-66.2837, -12.017], [-66.3062, -12.2301], [-66.2646, -12.2675], [-66.268, -12.307], [-66.4385, -12.5426], [-66.4403, -12.5889], [-66.4886, -12.7073], [-66.5137, -12.7257], [-66.5158, -13.5711], [-65.6719, -13.5813], [-65.3267, -13.5847], [-65.259, -13.5415], [-65.2767, -13.4717], [-65.2268, -13.4282], [-65.2608, -13.3574], [-65.2175, -13.3359], [-65.2364, -13.2758], [-65.1775, -13.181], [-65.2009, -13.1096], [-65.1293, -13.129], [-65.0635, -13.0464], [-65.0283, -13.0308], [-65.0192, -12.9474], [-65.0567, -12.8466], [-65.0046, -12.8033]]]}","{""idep"": ""08"", ""nombre_dep"": ""Beni"", ""iprov"": ""04"", ""nombre_prov"": ""Yacuma"", ""imun"": ""02"", ""nombre_mun"": ""Exaltación"", ""capital"": ""Exaltación"", ""superficie_km2"": 24835.4, ""code"": ""080402""}"
Feature,"{""type"": ""Polygon"", ""coordinates"": [[[-65.0432, -14.7441], [-65.0405, -14.6631], [-64.9883, -14.5705], [-64.9494, -14.5484], [-64.9269, -14.4761], [-64.9447, -14.4306], [-65.0083, -14.3457], [-64.9763, -14.2939], [-65.0127, -14.2611], [-65.0471, -14.1576], [-65.3831, -14.154], [-65.43, -14.2052], [-65.4454, -14.319], [-65.4963, -14.3712], [-65.5094, -14.4507], [-65.5431, -14.5241], [-65.6136, -14.5884], [-65.6666, -14.6727], [-65.7174, -14.673], [-65.7438, -14.7035], [-65.7435, -14.7033], [-65.7208, -14.7179], [-65.7269, -14.7983], [-65.7502, -14.8455], [-65.7548, -14.9247], [-65.833, -15.0874], [-65.753, -15.1882], [-65.7754, -15.2398], [-65.7267, -15.2559], [-65.7471, -15.3377], [-65.778, -15.5741], [-65.7568, -15.6062], [-65.8026, -15.6488], [-65.8609, -15.7552], [-65.8462, -15.8335], [-66.1276, -15.9724], [-66.1583, -15.9708], [-66.2427, -15.7454], [-66.4287, -15.5059], [-66.5315, -15.5655], [-66.6503, -15.6344], [-66.7204, -15.7127], [-66.6961, -15.7373], [-66.7523, -15.8007], [-66.7953, -15.783], [-66.7948, -15.786], [-66.8075, -15.828], [-66.7071, -15.8939], [-66.6388, -15.916], [-66.6156, -15.9517], [-66.4769, -16.0044], [-66.3393, -16.1172], [-66.2311, -16.2857], [-66.1697, -16.3628], [-65.9712, -16.467], [-65.8617, -16.4917], [-65.5945, -16.4601], [-65.3534, -16.4006], [-65.2995, -16.2991], [-65.2912, -16.1958], [-65.3285, -16.0202], [-65.3169, -15.8612], [-65.2586, -15.8053], [-65.1823, -15.7761], [-65.1313, -15.6525], [-65.1366, -15.5495], [-65.121, -15.5272], [-65.2487, -15.3438], [-65.2125, -15.3262], [-65.1737, -15.2263], [-65.1208, -15.1951], [-65.0712, -15.1221], [-64.9856, -15.0758], [-65.0116, -15.0413], [-65.0307, -14.9109], [-65.0288, -14.8324], [-65.0614, -14.7927], [-65.0432, -14.7441]]]}","{""idep"": ""08"", ""nombre_dep"": ""Beni"", ""iprov"": ""05"", ""nombre_prov"": ""Moxos"", ""imun"": ""01"", ""nombre_mun"": ""San Ignacio"", ""capital"": ""San Ignacio"", ""superficie_km2"": 21045.7, ""code"": ""080501""}"
Feature,"{""type"": ""Polygon"", ""coordinates"": [[[-64.487, -15.8251], [-64.4885, -15.5405], [-64.5292, -15.5109], [-64.5833, -15.364], [-64.5777, -15.2988], [-64.5926, -15.1991], [-64.7552, -15.0512], [-64.7451, -14.9965], [-64.7706, -14.965], [-65.0116, -15.0413], [-64.9856, -15.0758], [-65.0712, -15.1221], [-65.1208, -15.1951], [-65.1737, -15.2263], [-65.2125, -15.3262], [-65.2487, -15.3438], [-65.121, -15.5272], [-65.1366, -15.5495], [-65.1313, -15.6525], [-65.1823, -15.7761], [-65.2586, -15.8053], [-65.3169, -15.8612], [-65.3285, -16.0202], [-65.2912, -16.1958], [-65.2995, -16.2991], [-65.3534, -16.4006], [-65.2399, -16.3688], [-65.1398, -16.2366], [-65.1162, -16.188], [-65.0807, -15.931], [-65.0412, -15.858], [-64.9583, -15.801], [-64.7297, -15.802], [-64.487, -15.8251]]]}","{""idep"": ""08"", ""nombre_dep"": ""Beni"", ""iprov"": ""06"", ""nombre_prov"": ""Marbán"", ""imun"": ""01"", ""nombre_mun"": ""Loreto"", ""capital"": ""Loreto"", ""superficie_km2"": 6778, ""code"": ""080601""}"
Feature,"{""type"": ""Polygon"", ""coordinates"": [[[-63.3806, -15.8839], [-63.4289, -15.8451], [-63.4446, -15.7791], [-63.5122, -15.6655], [-63.6284, -15.6353], [-63.6932, -15.5542], [-63.6797, -15.4995], [-63.7844, -15.4391], [-63.7779, -15.3913], [-63.8318, -15.353], [-63.9011, -15.1667], [-63.9361, -15.1677], [-63.9615, -15.0619], [-63.918, -15.0332], [-63.9466, -14.8807], [-63.927, -14.7706], [-63.975, -14.7284], [-64.4099, -14.8801], [-64.6423, -14.9171], [-64.7706, -14.965], [-64.7451, -14.9965], [-64.7552, -15.0512], [-64.5926, -15.1991], [-64.5777, -15.2988], [-64.5833, -15.364], [-64.5292, -15.5109], [-64.4885, -15.5405], [-64.487, -15.8251], [-63.3806, -15.8839]]]}","{""idep"": ""08"", ""nombre_dep"": ""Beni"", ""iprov"": ""06"", ""nombre_prov"": ""Marbán"", ""imun"": ""02"", ""nombre_mun"": ""San Andrés"", ""capital"": ""San Andrés"", ""superficie_km2"": 9899.7, ""code"": ""080602""}"
Feature,"{""type"": ""Polygon"", ""coordinates"": [[[-64.3778, -12.4529], [-64.5087, -12.3608], [-64.4936, -12.2889], [-64.5094, -12.2272], [-64.547, -12.2396], [-64.694, -12.1871], [-64.7653, -12.0973], [-64.813, -12.0962], [-64.84, -12.0104], [-64.9258, -12.0267], [-65.0364, -11.9957], [-65.039, -11.9669], [-65.0372, -12.0213], [-64.9629, -12.0595], [-64.9435, -12.1199], [-64.9527, -12.2057], [-64.94, -12.2754], [-64.8688, -12.3527], [-64.8146, -12.4576], [-64.82, -12.7048], [-64.8831, -12.7949], [-64.9319, -12.8258], [-65.0046, -12.8033], [-65.0567, -12.8466], [-65.0192, -12.9474], [-65.0283, -13.0308], [-65.0635, -13.0464], [-65.1293, -13.129], [-65.2009, -13.1096], [-65.1775, -13.181], [-65.2364, -13.2758], [-65.2175, -13.3359], [-65.2608, -13.3574], [-65.2268, -13.4282], [-65.2767, -13.4717], [-65.259, -13.5415], [-65.3267, -13.5847], [-65.3255, -13.7331], [-65.2479, -13.7979], [-65.2002, -13.8873], [-65.1631, -13.8879], [-65.1138, -13.9788], [-65.0667, -13.971], [-65.0215, -13.7748], [-65.0232, -13.7177], [-64.9637, -13.7083], [-64.9815, -13.6195], [-64.9149, -13.5746], [-64.9288, -13.5219], [-64.9066, -13.4703], [-64.8634, -13.4361], [-64.8429, -13.3573], [-64.784, -13.3525], [-64.7445, -13.3106], [-64.6727, -13.2829], [-64.6452, -13.0672], [-64.6474, -12.9903], [-64.6194, -12.9377], [-64.5281, -12.8358], [-64.5177, -12.785], [-64.4157, -12.7261], [-64.3699, -12.5397], [-64.3778, -12.4529]]]}","{""idep"": ""08"", ""nombre_dep"": ""Beni"", ""iprov"": ""07"", ""nombre_prov"": ""Mamoré"", ""imun"": ""01"", ""nombre_mun"": ""San Joaquín"", ""capital"": ""San Joaquín"", ""superficie_km2"": 8646.3, ""code"": ""080701""}"
Feature,"{""type"": ""Polygon"", ""coordinates"": [[[-64.3716, -13.4474], [-64.3741, -13.3631], [-64.3501, -13.348], [-64.283, -13.1616], [-64.2548, -13.1429], [-64.2445, -13.071], [-64.2817, -12.9696], [-64.2892, -12.8634], [-64.2462, -12.8291], [-64.2875, -12.7951], [-64.2819, -12.741], [-64.3168, -12.6933], [-64.3265, -12.634], [-64.3699, -12.5397], [-64.4157, -12.7261], [-64.5177, -12.785], [-64.5281, -12.8358], [-64.6194, -12.9377], [-64.6474, -12.9903], [-64.6452, -13.0672], [-64.6727, -13.2829], [-64.7445, -13.3106], [-64.784, -13.3525], [-64.8429, -13.3573], [-64.8634, -13.4361], [-64.9066, -13.4703], [-64.9288, -13.5219], [-64.9149, -13.5746], [-64.9815, -13.6195], [-64.9637, -13.7083], [-65.0232, -13.7177], [-65.0215, -13.7748], [-65.0667, -13.971], [-65.1138, -13.9788], [-65.1054, -14.0167], [-65.082, -14.0167], [-64.383, -14.1436], [-64.3716, -13.4474]]]}","{""idep"": ""08"", ""nombre_dep"": ""Beni"", ""iprov"": ""07"", ""nombre_prov"": ""Mamoré"", ""imun"": ""02"", ""nombre_mun"": ""San Ramón"", ""capital"": ""San Ramón"", ""superficie_km2"": 7952.9, ""code"": ""080702""}"
Feature,"{""type"": ""Polygon"", ""coordinates"": [[[-65.039, -11.9669], [-65.0216, -11.9278], [-65.0642, -11.9302], [-65.0689, -11.9904], [-65.1217, -12.0001], [-65.0845, -12.0327], [-65.0727, -12.1118], [-65.1489, -12.1948], [-65.1169, -12.2589], [-65.1111, -12.3544], [-65.1775, -12.3855], [-65.0642, -12.556], [-65.0272, -12.5838], [-65.0543, -12.6938], [-65.0211, -12.7274], [-65.0046, -12.8033], [-64.9319, -12.8258], [-64.8831, -12.7949], [-64.82, -12.7048], [-64.8146, -12.4576], [-64.8688, -12.3527], [-64.94, -12.2754], [-64.9527, -12.2057], [-64.9435, -12.1199], [-64.9629, -12.0595], [-65.0372, -12.0213], [-65.039, -11.9669]]]}","{""idep"": ""08"", ""nombre_dep"": ""Beni"", ""iprov"": ""07"", ""nombre_prov"": ""Mamoré"", ""imun"": ""03"", ""nombre_mun"": ""Puerto Siles"", ""capital"": ""Puerto Siles"", ""superficie_km2"": 2079.7, ""code"": ""080703""}"
Feature,"{""type"": ""Polygon"", ""coordinates"": [[[-63.0001, -12.8416], [-63.039, -12.7566], [-63.1039, -12.6553], [-63.1517, -12.634], [-63.2897, -12.6833], [-63.3706, -12.6596], [-63.4356, -12.566], [-63.508, -12.5628], [-63.5513, -12.5085], [-63.7256, -12.4395], [-63.785, -12.4289], [-63.8349, -12.4641], [-63.8807, -12.4449], [-63.8976, -12.4997], [-63.9567, -12.5311], [-63.9907, -12.5045], [-64.0427, -12.5146], [-64.089, -12.4882], [-64.1531, -12.511], [-64.2329, -12.4541], [-64.3778, -12.4529], [-64.3699, -12.5397], [-64.3265, -12.634], [-64.3168, -12.6933], [-64.2819, -12.741], [-64.2875, -12.7951], [-64.2462, -12.8291], [-64.2892, -12.8634], [-64.2817, -12.9696], [-64.2445, -13.071], [-64.2548, -13.1429], [-64.283, -13.1616], [-64.3501, -13.348], [-64.3741, -13.3631], [-64.3716, -13.4474], [-63.7501, -13.4499], [-63, -13.4511], [-63.0001, -12.8416]]]}","{""idep"": ""08"", ""nombre_dep"": ""Beni"", ""iprov"": ""08"", ""nombre_prov"": ""Iténez"", ""imun"": ""01"", ""nombre_mun"": ""Magdalena"", ""capital"": ""Magdalena"", ""superficie_km2"": 14048.8, ""code"": ""080801""}"
Feature,"{""type"": ""Polygon"", ""coordinates"": [[[-61.5279, -13.5298], [-61.5875, -13.5023], [-61.6939, -13.5056], [-61.7636, -13.5398], [-61.8563, -13.5376], [-61.9154, -13.433], [-62.0019, -13.3672], [-62.1145, -13.2581], [-62.1202, -13.1523], [-62.3422, -13.1448], [-62.4108, -13.1268], [-62.4347, -13.0829], [-62.5398, -13.0738], [-62.6133, -13.0392], [-62.6339, -12.9881], [-62.7804, -13.0082], [-62.8316, -12.9355], [-62.8745, -12.9059], [-62.9177, -12.8424], [-63.0001, -12.8416], [-63, -13.4511], [-63.7501, -13.4499], [-63.7252, -13.5046], [-63.7343, -13.5826], [-63.7758, -13.6389], [-63.7525, -13.7005], [-63.7958, -13.7873], [-63.7663, -13.8668], [-63.8079, -13.9392], [-63.7549, -14.0002], [-63.7564, -14.2554], [-63.6448, -14.3138], [-63.5622, -14.2969], [-63.5612, -14.2966], [-63.0907, -14.1204], [-62.7049, -13.9758], [-62.1392, -13.7624], [-61.5279, -13.5298]]]}","{""idep"": ""08"", ""nombre_dep"": ""Beni"", ""iprov"": ""08"", ""nombre_prov"": ""Iténez"", ""imun"": ""02"", ""nombre_mun"": ""Baures"", ""capital"": ""Baures"", ""superficie_km2"": 17596.7, ""code"": ""080802""}"
Feature,"{""type"": ""Polygon"", ""coordinates"": [[[-63.7564, -14.2554], [-63.7549, -14.0002], [-63.8079, -13.9392], [-63.7663, -13.8668], [-63.7958, -13.7873], [-63.7525, -13.7005], [-63.7758, -13.6389], [-63.7343, -13.5826], [-63.7252, -13.5046], [-63.7501, -13.4499], [-64.3716, -13.4474], [-64.383, -14.1436], [-63.7564, -14.2554]]]}","{""idep"": ""08"", ""nombre_dep"": ""Beni"", ""iprov"": ""08"", ""nombre_prov"": ""Iténez"", ""imun"": ""03"", ""nombre_mun"": ""Huacaraje"", ""capital"": ""Huacaraje"", ""superficie_km2"": 5484.3, ""code"": ""080803""}"
Feature,"{""type"": ""Polygon"", ""coordinates"": [[[-65.7439, -14.7036], [-65.794, -14.7052], [-65.894, -14.7428], [-65.9572, -14.845], [-66.0393, -14.905], [-65.9988, -14.9963], [-66.1742, -15.0597], [-66.236, -15.0221], [-66.2937, -15.0414], [-66.3163, -15.1504], [-66.3699, -15.2178], [-66.4203, -15.3222], [-66.4199, -15.4112], [-66.501, -15.4139], [-66.4287, -15.5059], [-66.2427, -15.7454], [-66.1583, -15.9708], [-66.1276, -15.9724], [-65.8462, -15.8335], [-65.8609, -15.7552], [-65.8026, -15.6488], [-65.7568, -15.6062], [-65.778, -15.5741], [-65.7471, -15.3377], [-65.7267, -15.2559], [-65.7754, -15.2398], [-65.753, -15.1882], [-65.833, -15.0874], [-65.7548, -14.9247], [-65.7502, -14.8455], [-65.7269, -14.7983], [-65.7208, -14.7179], [-65.7435, -14.7033], [-65.7439, -14.7036]]]}","{""idep"": ""08"", ""nombre_dep"": ""Beni"", ""iprov"": ""09"", ""nombre_prov"": ""Territorio Indígena Multiétnico"", ""imun"": ""01"", ""nombre_mun"": ""TIOC-Territorio Indígena Multiétnico"", ""capital"": ""Territorio Indigena Multiétnico"", ""superficie_km2"": 6427.9, ""code"": ""080901""}"
Feature,"{""type"": ""Polygon"", ""coordinates"": [[[-68.7156, -11.1475], [-68.7218, -11.1073], [-68.766, -11.069], [-68.7476, -11.0115], [-68.8503, -10.9939], [-68.9113, -11.0226], [-68.966, -10.9884], [-69.0017, -11.01], [-69.0017, -11.1505], [-68.7156, -11.1475]]]}","{""idep"": ""09"", ""nombre_dep"": ""Pando"", ""iprov"": ""01"", ""nombre_prov"": ""Nicolás Suárez"", ""imun"": ""01"", ""nombre_mun"": ""Cobija"", ""capital"": ""Cobija"", ""superficie_km2"": 450, ""code"": ""090101""}"
Feature,"{""type"": ""Polygon"", ""coordinates"": [[[-68.5016, -11.2526], [-68.5017, -11.0637], [-68.5448, -11.1088], [-68.7156, -11.1475], [-69.0017, -11.1505], [-69.0017, -11.4314], [-68.93, -11.4095], [-68.7531, -11.3221], [-68.7332, -11.271], [-68.6659, -11.2499], [-68.5257, -11.23], [-68.5016, -11.2526]]]}","{""idep"": ""09"", ""nombre_dep"": ""Pando"", ""iprov"": ""01"", ""nombre_prov"": ""Nicolás Suárez"", ""imun"": ""02"", ""nombre_mun"": ""Porvenir"", ""capital"": ""Porvenir"", ""superficie_km2"": 1074.9, ""code"": ""090102""}"
Feature,"{""type"": ""Polygon"", ""coordinates"": [[[-69.0017, -11.4314], [-69.0017, -11.1505], [-69.0017, -11.01], [-69.0724, -10.9678], [-69.1276, -10.9679], [-69.2322, -10.9402], [-69.2919, -10.9504], [-69.4047, -10.929], [-69.5623, -10.9666], [-69.3232, -11.3555], [-69.2556, -11.4575], [-69.1496, -11.4537], [-69.0771, -11.4248], [-69.0017, -11.4314]]]}","{""idep"": ""09"", ""nombre_dep"": ""Pando"", ""iprov"": ""01"", ""nombre_prov"": ""Nicolás Suárez"", ""imun"": ""03"", ""nombre_mun"": ""Bolpebra"", ""capital"": ""Bolpebra"", ""superficie_km2"": 2479.4, ""code"": ""090103""}"
Feature,"{""type"": ""Polygon"", ""coordinates"": [[[-67.185, -10.3375], [-67.2305, -10.3135], [-67.3179, -10.3201], [-67.3185, -10.3704], [-67.3543, -10.3946], [-67.4073, -10.3775], [-67.4529, -10.4603], [-67.57, -10.5027], [-67.6626, -10.6168], [-67.7088, -10.7093], [-67.736, -10.7119], [-67.8222, -10.6518], [-68.0232, -10.652], [-68.0778, -10.6853], [-68.1088, -10.7337], [-68.1072, -10.7814], [-68.2246, -10.9153], [-68.2367, -10.961], [-68.3365, -11.009], [-68.5017, -11.0637], [-68.5016, -11.2526], [-68.4076, -11.2677], [-68.3826, -11.2359], [-68.2905, -11.2417], [-68.2087, -11.2956], [-68.1102, -11.2796], [-68.0561, -11.292], [-68.0016, -11.2654], [-67.8749, -11.2178], [-67.8679, -11.1911], [-67.7848, -11.1345], [-67.6447, -11.157], [-67.5612, -11.1072], [-67.7066, -10.7174], [-67.5884, -10.6873], [-67.5285, -10.6384], [-67.4529, -10.6045], [-67.4269, -10.5566], [-67.3482, -10.5164], [-67.2815, -10.401], [-67.185, -10.3375]]]}","{""idep"": ""09"", ""nombre_dep"": ""Pando"", ""iprov"": ""01"", ""nombre_prov"": ""Nicolás Suárez"", ""imun"": ""04"", ""nombre_mun"": ""Bella Flor"", ""capital"": ""Bella Flor"", ""superficie_km2"": 5233.2, ""code"": ""090104""}"
Feature,"{""type"": ""Polygon"", ""coordinates"": [[[-67.0016, -10.9701], [-67.074, -11.0022], [-67.3126, -11.0832], [-67.369, -11.0132], [-67.4336, -11.0012], [-67.4543, -11.026], [-67.5248, -11.0372], [-67.5612, -11.1072], [-67.6447, -11.157], [-67.7848, -11.1345], [-67.8679, -11.1911], [-67.8749, -11.2178], [-68.0016, -11.2654], [-67.9963, -11.8497], [-67.8952, -11.6951], [-67.7884, -11.6985], [-67.7318, -11.6666], [-67.6716, -11.5912], [-67.6681, -11.5126], [-67.6088, -11.4727], [-67.5392, -11.4663], [-67.4979, -11.4957], [-67.3393, -11.5367], [-67.3134, -11.496], [-67.2272, -11.4595], [-67.2171, -11.4141], [-67.1612, -11.3487], [-67.0016, -11.3359], [-67.0016, -10.9701]]]}","{""idep"": ""09"", ""nombre_dep"": ""Pando"", ""iprov"": ""02"", ""nombre_prov"": ""Manuripi"", ""imun"": ""01"", ""nombre_mun"": ""Puerto Rico"", ""capital"": ""Puerto Rico"", ""superficie_km2"": 5254.9, ""code"": ""090201""}"
Feature,"{""type"": ""Polygon"", ""coordinates"": [[[-66.0103, -10.8131], [-66.0868, -10.826], [-66.1189, -10.8018], [-66.2895, -10.8531], [-66.4462, -10.8257], [-66.4919, -10.8326], [-66.5433, -10.8753], [-66.6096, -10.9007], [-66.6817, -10.9764], [-66.7962, -10.986], [-66.9089, -10.9659], [-66.9334, -10.9489], [-67.0016, -10.9701], [-67.0016, -11.3359], [-66.9507, -11.308], [-66.9152, -11.2393], [-66.8574, -11.3029], [-66.8059, -11.267], [-66.7913, -11.1675], [-66.7211, -11.2238], [-66.6408, -11.1876], [-66.6366, -11.1275], [-66.5799, -11.1636], [-66.5016, -11.0873], [-66.3599, -11.076], [-66.3351, -11.0077], [-66.276, -11.0248], [-66.2161, -11.0082], [-66.1546, -10.9132], [-66.1036, -10.9266], [-66.0923, -10.9901], [-66.0558, -10.982], [-66.0473, -10.903], [-66.0718, -10.8475], [-66.0103, -10.8131]]]}","{""idep"": ""09"", ""nombre_dep"": ""Pando"", ""iprov"": ""02"", ""nombre_prov"": ""Manuripi"", ""imun"": ""02"", ""nombre_mun"": ""San Pedro"", ""capital"": ""San Pedro"", ""superficie_km2"": 2639.3, ""code"": ""090202""}"
Feature,"{""type"": ""Polygon"", ""coordinates"": [[[-68.0016, -11.2654], [-68.0561, -11.292], [-68.1102, -11.2796], [-68.2087, -11.2956], [-68.2905, -11.2417], [-68.3826, -11.2359], [-68.4076, -11.2677], [-68.5016, -11.2526], [-68.5257, -11.23], [-68.6659, -11.2499], [-68.7332, -11.271], [-68.7531, -11.3221], [-68.93, -11.4095], [-69.0017, -11.4314], [-69.0771, -11.4248], [-69.1496, -11.4537], [-69.2556, -11.4575], [-69.1486, -11.6364], [-68.97, -11.9125], [-68.6522, -12.4977], [-68.5626, -12.4591], [-68.5712, -12.3897], [-68.4609, -12.4203], [-68.4046, -12.3636], [-68.4117, -12.2641], [-68.3687, -12.226], [-68.3015, -12.2281], [-68.2443, -12.1874], [-68.2253, -12.1383], [-68.2334, -12.0108], [-68.0983, -12.0348], [-67.9776, -11.9359], [-67.9963, -11.8497], [-68.0016, -11.2654]]]}","{""idep"": ""09"", ""nombre_dep"": ""Pando"", ""iprov"": ""02"", ""nombre_prov"": ""Manuripi"", ""imun"": ""03"", ""nombre_mun"": ""Filadelfia"", ""capital"": ""Filadelfia"", ""superficie_km2"": 11750.2, ""code"": ""090203""}"
Feature,"{""type"": ""Polygon"", ""coordinates"": [[[-66.0923, -10.9901], [-66.1036, -10.9266], [-66.1546, -10.9132], [-66.2161, -11.0082], [-66.276, -11.0248], [-66.3351, -11.0077], [-66.3599, -11.076], [-66.5016, -11.0873], [-66.4987, -11.4423], [-66.4359, -11.3743], [-66.3416, -11.3643], [-66.2776, -11.2777], [-66.267, -11.2172], [-66.2029, -11.2028], [-66.1601, -11.1312], [-66.1216, -11.1003], [-66.1374, -11.0422], [-66.0923, -10.9901]]]}","{""idep"": ""09"", ""nombre_dep"": ""Pando"", ""iprov"": ""03"", ""nombre_prov"": ""Madre de Dios"", ""imun"": ""01"", ""nombre_mun"": ""Puerto Gonzalo Moreno"", ""capital"": ""Puerto Gonzalo Moreno"", ""superficie_km2"": 1269.4, ""code"": ""090301""}"
Feature,"{""type"": ""Polygon"", ""coordinates"": [[[-66.4987, -11.4423], [-66.5016, -11.0873], [-66.5799, -11.1636], [-66.6366, -11.1275], [-66.6408, -11.1876], [-66.7211, -11.2238], [-66.7913, -11.1675], [-66.8059, -11.267], [-66.8574, -11.3029], [-66.9152, -11.2393], [-66.9507, -11.308], [-67.0016, -11.3359], [-67.0016, -12.0036], [-67.0003, -12.4699], [-66.9673, -12.4903], [-66.9686, -12.4247], [-66.9, -12.3517], [-66.9466, -12.3267], [-66.8869, -12.2512], [-66.8858, -12.2147], [-66.9236, -12.1554], [-66.8731, -12.1063], [-66.8939, -12.0059], [-66.9276, -11.9239], [-66.9791, -11.9], [-66.8937, -11.8579], [-66.8567, -11.8226], [-66.8261, -11.7062], [-66.7741, -11.7134], [-66.7117, -11.6818], [-66.7128, -11.6105], [-66.6758, -11.5617], [-66.7009, -11.4925], [-66.6892, -11.4434], [-66.5471, -11.4144], [-66.4987, -11.4423]]]}","{""idep"": ""09"", ""nombre_dep"": ""Pando"", ""iprov"": ""03"", ""nombre_prov"": ""Madre de Dios"", ""imun"": ""02"", ""nombre_mun"": ""San Lorenzo"", ""capital"": ""San Lorenzo"", ""superficie_km2"": 3160.7, ""code"": ""090302""}"
Feature,"{""type"": ""Polygon"", ""coordinates"": [[[-67.0016, -11.3359], [-67.1612, -11.3487], [-67.2171, -11.4141], [-67.2272, -11.4595], [-67.3134, -11.496], [-67.3393, -11.5367], [-67.4979, -11.4957], [-67.5392, -11.4663], [-67.6088, -11.4727], [-67.6681, -11.5126], [-67.6716, -11.5912], [-67.7318, -11.6666], [-67.7884, -11.6985], [-67.8952, -11.6951], [-67.9963, -11.8497], [-67.0003, -12.4699], [-67.0016, -12.0036], [-67.0016, -11.3359]]]}","{""idep"": ""09"", ""nombre_dep"": ""Pando"", ""iprov"": ""03"", ""nombre_prov"": ""Madre de Dios"", ""imun"": ""03"", ""nombre_mun"": ""Sena"", ""capital"": ""Sena"", ""superficie_km2"": 7540.3, ""code"": ""090303""}"
Feature,"{""type"": ""Polygon"", ""coordinates"": [[[-67.0016, -10.9701], [-67.0016, -10.2293], [-67.0794, -10.2904], [-67.1371, -10.2983], [-67.185, -10.3375], [-67.2815, -10.401], [-67.3482, -10.5164], [-67.4269, -10.5566], [-67.4529, -10.6045], [-67.5285, -10.6384], [-67.5884, -10.6873], [-67.7066, -10.7174], [-67.5612, -11.1072], [-67.5248, -11.0372], [-67.4543, -11.026], [-67.4336, -11.0012], [-67.369, -11.0132], [-67.3126, -11.0832], [-67.074, -11.0022], [-67.0016, -10.9701]]]}","{""idep"": ""09"", ""nombre_dep"": ""Pando"", ""iprov"": ""04"", ""nombre_prov"": ""Abuná"", ""imun"": ""01"", ""nombre_mun"": ""Santa Rosa"", ""capital"": ""Santa Rosa"", ""superficie_km2"": 4416.1, ""code"": ""090401""}"
Feature,"{""type"": ""Polygon"", ""coordinates"": [[[-66.5922, -9.9018], [-66.6492, -9.9474], [-66.7223, -9.9797], [-66.8452, -10.0869], [-66.8959, -10.1102], [-66.911, -10.1467], [-66.9759, -10.185], [-67.0016, -10.2293], [-67.0016, -10.9701], [-66.9334, -10.9489], [-66.9089, -10.9659], [-66.7962, -10.986], [-66.6817, -10.9764], [-66.6096, -10.9007], [-66.5433, -10.8753], [-66.4919, -10.8326], [-66.4462, -10.8257], [-66.4981, -10.5036], [-66.5922, -9.9018]]]}","{""idep"": ""09"", ""nombre_dep"": ""Pando"", ""iprov"": ""04"", ""nombre_prov"": ""Abuná"", ""imun"": ""02"", ""nombre_mun"": ""Ingavi"", ""capital"": ""Ingavi"", ""superficie_km2"": 5435.7, ""code"": ""090402""}"
Feature,"{""type"": ""Polygon"", ""coordinates"": [[[-65.391, -10.3812], [-65.3267, -10.3048], [-65.2918, -10.2237], [-65.3027, -10.1064], [-65.3304, -10.0637], [-65.3206, -10.0039], [-65.3351, -9.9359], [-65.2868, -9.8566], [-65.3229, -9.8157], [-65.3562, -9.7225], [-65.395, -9.6882], [-65.5001, -9.7302], [-65.5146, -9.794], [-65.5957, -9.8444], [-65.673, -9.783], [-65.7515, -9.7815], [-65.7515, -10.5036], [-65.5351, -10.5036], [-65.4838, -10.4381], [-65.4006, -10.4073], [-65.391, -10.3812]]]}","{""idep"": ""09"", ""nombre_dep"": ""Pando"", ""iprov"": ""05"", ""nombre_prov"": ""Federico Román"", ""imun"": ""01"", ""nombre_mun"": ""Nueva Esperanza"", ""capital"": ""Nueva Esperanza"", ""superficie_km2"": 3664.2, ""code"": ""090501""}"
Feature,"{""type"": ""Polygon"", ""coordinates"": [[[-65.7335, -10.7069], [-65.7019, -10.6514], [-65.7232, -10.565], [-65.6473, -10.5661], [-65.5351, -10.5036], [-65.7515, -10.5036], [-66.4981, -10.5036], [-66.4462, -10.8257], [-66.2895, -10.8531], [-66.1189, -10.8018], [-66.0868, -10.826], [-66.0103, -10.8131], [-65.9688, -10.7977], [-65.8597, -10.8355], [-65.8518, -10.7844], [-65.903, -10.7456], [-65.8603, -10.6926], [-65.8126, -10.7433], [-65.7335, -10.7069]]]}","{""idep"": ""09"", ""nombre_dep"": ""Pando"", ""iprov"": ""05"", ""nombre_prov"": ""Federico Román"", ""imun"": ""02"", ""nombre_mun"": ""Villa Nueva"", ""capital"": ""Loma Alta"", ""superficie_km2"": 2828.4, ""code"": ""090502""}"
Feature,"{""type"": ""Polygon"", ""coordinates"": [[[-65.7515, -9.7815], [-65.8043, -9.7921], [-65.8759, -9.7562], [-65.9754, -9.7785], [-65.9754, -9.8], [-66.1502, -9.7894], [-66.2025, -9.8395], [-66.235, -9.8181], [-66.3576, -9.8643], [-66.4335, -9.8657], [-66.5922, -9.9018], [-66.4981, -10.5036], [-65.7515, -10.5036], [-65.7515, -9.7815]]]}","{""idep"": ""09"", ""nombre_dep"": ""Pando"", ""iprov"": ""05"", ""nombre_prov"": ""Federico Román"", ""imun"": ""03"", ""nombre_mun"": ""Santos Mercado"", ""capital"": ""Santos Mercado"", ""superficie_km2"": 6639.5, ""code"": ""090503""}"
