"Departamento";"Provincia";"Municipio";"Localidad";"Área";"Hombres";"Mujeres";"Población";"0–4";"5–17";"18–24";"60+";"UE vinculadas";"Matrícula vinculada"
"CHUQUISACA";"OROPEZA";"SUCRE";"COMUNIDAD C.O. ULUPICA";"RURAL";"52";"37";"89";"3";"21";"7";"13";"0";"0"
"CHUQUISACA";"OROPEZA";"SUCRE";"LLINFI";"RURAL";"3";"2";"5";"1";"3";"0";"0";"0";"0"
"CHUQUISACA";"OROPEZA";"SUCRE";"TAMBO KASA";"RURAL";"21";"21";"42";"2";"11";"1";"13";"0";"0"
"CHUQUISACA";"OROPEZA";"YOTALA";"PITANTORILLA";"RURAL";"68";"66";"134";"9";"28";"10";"35";"0";"0"
"CHUQUISACA";"AZURDUY";"TARVITA";"VISANCHE";"RURAL";"19";"19";"38";"1";"10";"1";"14";"0";"0"
"CHUQUISACA";"ZUDÁÑEZ";"MOJOCOYA";"SACHA PAMPA";"RURAL";"77";"56";"133";"9";"35";"16";"10";"1";"8"
"CHUQUISACA";"ZUDÁÑEZ";"MOJOCOYA";"SAN JULIAN";"RURAL";"6";"10";"16";"0";"5";"2";"0";"0";"0"
"CHUQUISACA";"ZUDÁÑEZ";"ICLA";"UYUNI";"RURAL";"176";"180";"356";"20";"67";"40";"45";"1";"75"
"CHUQUISACA";"TOMINA";"PADILLA";"THIYUMAYU";"RURAL";"126";"124";"250";"17";"46";"20";"49";"0";"0"
"CHUQUISACA";"TOMINA";"TOMINA";"TARABUQUILLO";"RURAL";"173";"160";"333";"21";"77";"36";"48";"1";"131"
"CHUQUISACA";"HERNANDO SILES";"MONTEAGUDO";"CAMALOTE";"RURAL";"53";"49";"102";"8";"19";"6";"25";"1";"16"
"CHUQUISACA";"HERNANDO SILES";"HUACARETA";"ITACARAY";"RURAL";"44";"42";"86";"4";"16";"10";"22";"1";"6"
"CHUQUISACA";"HERNANDO SILES";"HUACARETA";"SAN JORGE DE IPATY";"RURAL";"132";"147";"279";"12";"93";"23";"40";"1";"100"
"CHUQUISACA";"NOR CINTI";"CAMARGO";"QUITUCANCHA CONDORIRI";"RURAL";"45";"32";"77";"4";"20";"1";"11";"0";"0"
"CHUQUISACA";"NOR CINTI";"SAN LUCAS";"MALLIRI";"RURAL";"28";"22";"50";"1";"5";"4";"13";"0";"0"
"CHUQUISACA";"BELISARIO BOETO";"VILLA SERRANO";"HUAYACAN";"RURAL";"12";"11";"23";"2";"4";"1";"3";"0";"0"
"CHUQUISACA";"SUD CINTI";"VILLA ABECIA";"MOLLE AGUADA";"RURAL";"18";"29";"47";"3";"3";"8";"13";"0";"0"
"CHUQUISACA";"LUIS CALVO";"MACHARETÍ";"EL SIMBOLAR";"RURAL";"62";"48";"110";"3";"14";"7";"27";"0";"0"
"CHUQUISACA";"TOMINA";"ALCALÁ";"GARZAS GRANDE";"RURAL";"65";"62";"127";"11";"26";"17";"21";"0";"0"
"CHUQUISACA";"OROPEZA";"SUCRE";"LA PALMA";"RURAL";"93";"101";"194";"6";"48";"15";"41";"1";"157"
"CHUQUISACA";"OROPEZA";"SUCRE";"MEDIA LUNA";"RURAL";"67";"49";"116";"3";"18";"9";"29";"0";"0"
"CHUQUISACA";"OROPEZA";"SUCRE";"MOSOJ LLAJTA";"RURAL";"6";"10";"16";"1";"4";"3";"2";"0";"0"
"CHUQUISACA";"OROPEZA";"SUCRE";"PAMPA HUASI";"RURAL";"2";"5";"7";"1";"0";"1";"2";"0";"0"
"CHUQUISACA";"OROPEZA";"SUCRE";"SANTA ROSALIA";"RURAL";"29";"30";"59";"0";"4";"7";"17";"1";"6"
"CHUQUISACA";"OROPEZA";"SUCRE";"KACHA KACHA";"RURAL";"72";"65";"137";"10";"34";"17";"20";"0";"0"
"CHUQUISACA";"OROPEZA";"POROMA";"CHALLCHA ALTA";"RURAL";"87";"104";"191";"14";"52";"26";"27";"0";"0"
"CHUQUISACA";"OROPEZA";"POROMA";"COMUNIDAD ZANABRIA";"RURAL";"106";"115";"221";"17";"59";"19";"36";"1";"11"
"CHUQUISACA";"YAMPARÁEZ";"TARABUCO";"MORADO CKASSA";"RURAL";"231";"217";"448";"20";"67";"67";"107";"0";"0"
"CHUQUISACA";"NOR CINTI";"SAN LUCAS";"PILALO GRANDE";"RURAL";"118";"122";"240";"25";"86";"21";"37";"1";"42"
"CHUQUISACA";"BELISARIO BOETO";"VILLA SERRANO";"TRAMPA MAYU";"RURAL";"11";"10";"21";"0";"4";"6";"4";"0";"0"
"CHUQUISACA";"SUD CINTI";"CULPINA";"COMUNIDAD SALVIANI";"RURAL";"46";"49";"95";"12";"25";"16";"8";"1";"32"
"CHUQUISACA";"LUIS CALVO";"MACHARETÍ";"EL QUEBRACHO";"RURAL";"12";"6";"18";"0";"0";"1";"7";"0";"0"
"CHUQUISACA";"LUIS CALVO";"MACHARETÍ";"CAMATINDI";"RURAL";"185";"146";"331";"17";"81";"21";"59";"1";"124"
"CHUQUISACA";"AZURDUY";"TARVITA";"MOSOJ LLAJTA";"RURAL";"57";"41";"98";"4";"22";"11";"26";"0";"0"
"CHUQUISACA";"AZURDUY";"TARVITA";"PAMPAS DE LEQUE";"RURAL";"137";"127";"264";"42";"77";"35";"15";"1";"169"
"CHUQUISACA";"AZURDUY";"TARVITA";"PIEDRA GRANDE";"RURAL";"53";"50";"103";"7";"36";"14";"13";"0";"0"
"CHUQUISACA";"ZUDÁÑEZ";"PRESTO";"MISION PAMPA";"RURAL";"136";"124";"260";"18";"65";"32";"34";"2";"20"
"CHUQUISACA";"ZUDÁÑEZ";"ICLA";"SANTA LUCIA";"RURAL";"46";"33";"79";"3";"22";"10";"9";"1";"7"
"CHUQUISACA";"HERNANDO SILES";"HUACARETA";"URUGUAY";"RURAL";"184";"211";"395";"32";"105";"33";"73";"0";"0"
"CHUQUISACA";"HERNANDO SILES";"HUACARETA";"PILCOMAYO SUR";"RURAL";"30";"28";"58";"4";"20";"2";"9";"0";"0"
"CHUQUISACA";"YAMPARÁEZ";"TARABUCO";"JATUN QUINCHANI";"RURAL";"19";"22";"41";"3";"6";"3";"12";"1";"5"
"CHUQUISACA";"OROPEZA";"SUCRE";"GUADALUPE";"RURAL";"23";"6";"29";"0";"0";"1";"8";"1";"7"
"CHUQUISACA";"OROPEZA";"SUCRE";"PUNILLA GRANDE";"RURAL";"45";"43";"88";"7";"21";"15";"10";"0";"0"
"CHUQUISACA";"OROPEZA";"POROMA";"COMUNIDAD ALTO POMANASA";"RURAL";"12";"6";"18";"0";"3";"0";"6";"0";"0"
"CHUQUISACA";"AZURDUY";"AZURDUY";"AZURDUY";"URBANO";"630";"701";"1331";"119";"350";"110";"192";"3";"581"
"CHUQUISACA";"ZUDÁÑEZ";"MOJOCOYA";"RUMI CAMCHA";"RURAL";"67";"78";"145";"11";"42";"28";"13";"1";"7"
"CHUQUISACA";"TOMINA";"TOMINA";"COMUNIDAD VILLA FLORES";"RURAL";"163";"158";"321";"34";"86";"54";"35";"1";"34"
"CHUQUISACA";"HERNANDO SILES";"MONTEAGUDO";"SAN MIGUEL DEL BAÑADO";"RURAL";"154";"163";"317";"14";"77";"19";"66";"0";"0"
"CHUQUISACA";"HERNANDO SILES";"HUACARETA";"HUACARETA";"URBANO";"758";"769";"1527";"123";"391";"141";"210";"2";"488"
"CHUQUISACA";"HERNANDO SILES";"HUACARETA";"ÑACAMIRI";"RURAL";"83";"82";"165";"14";"37";"14";"32";"1";"99"
"CHUQUISACA";"YAMPARÁEZ";"YAMPARÁEZ";"ESCANA";"RURAL";"50";"44";"94";"5";"20";"4";"33";"0";"0"
"CHUQUISACA";"OROPEZA";"POROMA";"SINDICATO AGRARIO RETIRO TOCALA";"RURAL";"43";"32";"75";"2";"26";"3";"18";"0";"0"
"CHUQUISACA";"NOR CINTI";"CAMARGO";"SANTA ROSA DE CUCHILLUNI";"RURAL";"63";"49";"112";"8";"31";"9";"9";"1";"5"
"CHUQUISACA";"NOR CINTI";"SAN LUCAS";"CUTANAZU";"RURAL";"47";"48";"95";"5";"27";"6";"24";"1";"6"
"CHUQUISACA";"LUIS CALVO";"MACHARETÍ";"YAPI";"RURAL";"24";"18";"42";"2";"7";"3";"12";"0";"0"
"CHUQUISACA";"BELISARIO BOETO";"VILLA SERRANO";"URRIOLAGOITIA";"RURAL";"30";"25";"55";"0";"16";"6";"10";"0";"0"
"CHUQUISACA";"ZUDÁÑEZ";"PRESTO";"QHOCHI";"RURAL";"144";"95";"239";"23";"71";"38";"22";"1";"7"
"CHUQUISACA";"ZUDÁÑEZ";"PRESTO";"RIMU CANCHA";"RURAL";"84";"73";"157";"8";"38";"19";"25";"1";"6"
"CHUQUISACA";"YAMPARÁEZ";"YAMPARÁEZ";"GUADALUPE";"RURAL";"34";"23";"57";"1";"12";"12";"10";"0";"0"
"CHUQUISACA";"NOR CINTI";"CAMARGO";"THOTA";"RURAL";"152";"159";"311";"35";"82";"35";"22";"0";"0"
"CHUQUISACA";"NOR CINTI";"SAN LUCAS";"CHANCHAJLI";"RURAL";"51";"57";"108";"15";"16";"8";"26";"0";"0"
"CHUQUISACA";"SUD CINTI";"CULPINA";"COMUNIDAD HUAYCO PUJYO";"RURAL";"21";"20";"41";"3";"6";"3";"10";"1";"7"
"CHUQUISACA";"OROPEZA";"SUCRE";"COMUNIDAD ORIGINARIA KHOCHA PAMPA";"RURAL";"43";"55";"98";"6";"23";"11";"20";"0";"0"
"CHUQUISACA";"OROPEZA";"SUCRE";"SAN ANTONIO";"RURAL";"50";"55";"105";"9";"25";"9";"14";"2";"17"
"CHUQUISACA";"OROPEZA";"SUCRE";"SUCURANI";"RURAL";"30";"23";"53";"6";"12";"5";"9";"0";"0"
"CHUQUISACA";"OROPEZA";"YOTALA";"TASAPAMPA";"RURAL";"171";"150";"321";"18";"69";"38";"59";"1";"57"
"CHUQUISACA";"OROPEZA";"POROMA";"POROMA";"URBANO";"463";"510";"973";"117";"318";"103";"101";"1";"503"
"CHUQUISACA";"OROPEZA";"POROMA";"COMUNIDAD MOLLE ORKO";"RURAL";"86";"76";"162";"11";"54";"16";"23";"1";"19"
"CHUQUISACA";"NOR CINTI";"SAN LUCAS";"SOSCOLO";"RURAL";"48";"51";"99";"9";"43";"11";"11";"1";"20"
"CHUQUISACA";"NOR CINTI";"INCAHUASI";"JOLENCIA";"RURAL";"127";"177";"304";"31";"65";"35";"29";"0";"0"
"CHUQUISACA";"NOR CINTI";"INCAHUASI";"COMUNIDAD EL PUENTE";"RURAL";"56";"51";"107";"7";"20";"11";"17";"0";"0"
"CHUQUISACA";"NOR CINTI";"CAMARGO";"CUEVA PAMPA";"RURAL";"22";"21";"43";"3";"4";"3";"14";"0";"0"
"CHUQUISACA";"NOR CINTI";"CAMARGO";"SALAPAMPA";"RURAL";"55";"47";"102";"4";"21";"15";"19";"0";"0"
"CHUQUISACA";"NOR CINTI";"CAMARGO";"CARUSLA";"RURAL";"34";"34";"68";"4";"14";"9";"12";"0";"0"
"CHUQUISACA";"NOR CINTI";"SAN LUCAS";"RUMI RUMI";"RURAL";"73";"56";"129";"10";"34";"15";"17";"1";"9"
"CHUQUISACA";"SUD CINTI";"CULPINA";"COMUNIDAD VALLECITO";"RURAL";"27";"17";"44";"1";"13";"6";"3";"0";"0"
"CHUQUISACA";"OROPEZA";"SUCRE";"SURIMA";"RURAL";"435";"441";"876";"52";"241";"102";"125";"0";"0"
"CHUQUISACA";"OROPEZA";"YOTALA";"PITANTORILLA";"RURAL";"16";"19";"35";"2";"8";"2";"3";"0";"0"
"CHUQUISACA";"AZURDUY";"AZURDUY";"CIMIENTOS";"RURAL";"150";"129";"279";"26";"62";"23";"51";"1";"16"
"CHUQUISACA";"AZURDUY";"AZURDUY";"TABLANI";"RURAL";"217";"232";"449";"40";"130";"47";"81";"1";"125"
"CHUQUISACA";"AZURDUY";"TARVITA";"PUCYUNI";"RURAL";"118";"106";"224";"19";"64";"33";"27";"1";"17"
"CHUQUISACA";"HERNANDO SILES";"HUACARETA";"CASA ALTA";"RURAL";"37";"35";"72";"8";"19";"9";"6";"1";"10"
"CHUQUISACA";"YAMPARÁEZ";"TARABUCO";"CHIQUERO";"RURAL";"12";"11";"23";"0";"7";"5";"3";"0";"0"
"CHUQUISACA";"YAMPARÁEZ";"TARABUCO";"HIGUERA CHILLCA";"RURAL";"77";"65";"142";"12";"43";"15";"25";"1";"14"
"CHUQUISACA";"YAMPARÁEZ";"TARABUCO";"SAN ANTONIO DE TOCA";"RURAL";"21";"19";"40";"1";"13";"3";"14";"0";"0"
"CHUQUISACA";"YAMPARÁEZ";"TARABUCO";"TUNAS CHILLCA";"RURAL";"60";"49";"109";"6";"26";"11";"34";"1";"5"
"CHUQUISACA";"YAMPARÁEZ";"TARABUCO";"TARCAUI BAJA";"RURAL";"35";"31";"66";"3";"27";"7";"8";"0";"0"
"CHUQUISACA";"ZUDÁÑEZ";"ZUDÁÑEZ";"SAUCE MAYU";"RURAL";"56";"37";"93";"3";"16";"18";"12";"0";"0"
"CHUQUISACA";"ZUDÁÑEZ";"PRESTO";"ARAMASI";"RURAL";"214";"196";"410";"47";"128";"59";"48";"2";"73"
"CHUQUISACA";"ZUDÁÑEZ";"ICLA";"JATUN WASI";"RURAL";"93";"74";"167";"5";"43";"17";"40";"1";"9"
"CHUQUISACA";"TOMINA";"SOPACHUY";"COMUNIDAD MAMA WASI";"RURAL";"211";"191";"402";"33";"101";"62";"72";"1";"77"
"CHUQUISACA";"TOMINA";"EL VILLAR";"MUSKA";"RURAL";"80";"83";"163";"9";"32";"13";"26";"1";"8"
"CHUQUISACA";"TOMINA";"EL VILLAR";"YOTALA";"RURAL";"101";"71";"172";"13";"31";"17";"20";"1";"9"
"CHUQUISACA";"HERNANDO SILES";"MONTEAGUDO";"LAS PALMITAS";"RURAL";"14";"20";"34";"4";"6";"0";"7";"0";"0"
"CHUQUISACA";"YAMPARÁEZ";"YAMPARÁEZ";"SOTOMAYOR";"RURAL";"323";"263";"586";"46";"98";"45";"122";"0";"0"
"CHUQUISACA";"HERNANDO SILES";"MONTEAGUDO";"VALLECITOS";"RURAL";"29";"17";"46";"1";"13";"2";"13";"1";"3"
"CHUQUISACA";"YAMPARÁEZ";"TARABUCO";"JATUN KASA";"RURAL";"38";"45";"83";"4";"22";"12";"14";"0";"0"
"CHUQUISACA";"YAMPARÁEZ";"TARABUCO";"TIPAVILLQUE";"RURAL";"61";"55";"116";"12";"25";"15";"23";"1";"24"
"CHUQUISACA";"OROPEZA";"SUCRE";"CHAURURO";"RURAL";"11";"11";"22";"1";"4";"1";"3";"0";"0"
"CHUQUISACA";"OROPEZA";"SUCRE";"COMUNIDAD C.I.O.C. DE SOCAPAMPA";"RURAL";"47";"54";"101";"7";"22";"6";"25";"0";"0"
"CHUQUISACA";"AZURDUY";"TARVITA";"PAMPA HUASI";"RURAL";"118";"152";"270";"17";"66";"31";"70";"0";"0"
"CHUQUISACA";"ZUDÁÑEZ";"PRESTO";"PASOPAYA";"RURAL";"657";"550";"1207";"108";"285";"213";"128";"0";"0"
"CHUQUISACA";"ZUDÁÑEZ";"MOJOCOYA";"QUIVALE";"RURAL";"97";"102";"199";"13";"51";"14";"34";"0";"0"
"CHUQUISACA";"TOMINA";"PADILLA";"LAMPACILLOS";"RURAL";"17";"18";"35";"6";"5";"5";"4";"0";"0"
"CHUQUISACA";"TOMINA";"PADILLA";"PINCAL";"RURAL";"27";"26";"53";"11";"14";"6";"1";"0";"0"
"CHUQUISACA";"TOMINA";"PADILLA";"RIO ACERO";"RURAL";"12";"13";"25";"0";"6";"0";"9";"1";"4"
"CHUQUISACA";"TOMINA";"SOPACHUY";"SOPACHUY";"URBANO";"877";"1021";"1898";"123";"515";"191";"288";"2";"293"
"CHUQUISACA";"HERNANDO SILES";"MONTEAGUDO";"PEÑADERIA";"RURAL";"110";"120";"230";"17";"43";"24";"31";"1";"18"
"CHUQUISACA";"NOR CINTI";"INCAHUASI";"ENTRE RIOS";"RURAL";"32";"37";"69";"7";"12";"15";"11";"0";"0"
"CHUQUISACA";"YAMPARÁEZ";"YAMPARÁEZ";"MOLLES";"RURAL";"24";"18";"42";"2";"11";"1";"15";"0";"0"
"CHUQUISACA";"OROPEZA";"SUCRE";"COMUNIDAD C.O. TACCHI";"RURAL";"92";"97";"189";"11";"44";"13";"34";"0";"0"
"CHUQUISACA";"OROPEZA";"SUCRE";"FALA FAYA";"RURAL";"62";"48";"110";"9";"24";"12";"17";"0";"0"
"CHUQUISACA";"OROPEZA";"SUCRE";"VALLE HERMOSO";"RURAL";"45";"35";"80";"7";"11";"14";"11";"0";"0"
"CHUQUISACA";"OROPEZA";"YOTALA";"PULQUI";"RURAL";"130";"129";"259";"23";"64";"31";"40";"1";"22"
"CHUQUISACA";"OROPEZA";"POROMA";"COMUNIDAD ORIGINARIA SACABAMBA";"RURAL";"107";"115";"222";"18";"57";"25";"44";"1";"19"
"CHUQUISACA";"AZURDUY";"AZURDUY";"LA TRANCA";"RURAL";"7";"9";"16";"1";"0";"2";"9";"0";"0"
"CHUQUISACA";"AZURDUY";"AZURDUY";"SAN LEON";"RURAL";"42";"44";"86";"8";"27";"9";"15";"1";"16"
"CHUQUISACA";"AZURDUY";"AZURDUY";"TABLAMAYU";"RURAL";"50";"51";"101";"21";"33";"6";"10";"1";"32"
"CHUQUISACA";"LUIS CALVO";"MACHARETÍ";"TIMBOICITO";"RURAL";"5";"4";"9";"0";"2";"0";"3";"1";"7"
"CHUQUISACA";"YAMPARÁEZ";"YAMPARÁEZ";"SAJPAYA";"RURAL";"95";"90";"185";"8";"50";"20";"47";"1";"0"
"CHUQUISACA";"NOR CINTI";"SAN LUCAS";"PADCOYO";"RURAL";"267";"309";"576";"37";"161";"70";"86";"0";"0"
"CHUQUISACA";"NOR CINTI";"SAN LUCAS";"CHANKA";"RURAL";"103";"95";"198";"14";"58";"19";"48";"1";"17"
"CHUQUISACA";"NOR CINTI";"SAN LUCAS";"CORMA";"RURAL";"121";"140";"261";"28";"81";"27";"30";"0";"0"
"CHUQUISACA";"BELISARIO BOETO";"VILLA SERRANO";"URRIOLAGOITIA";"RURAL";"55";"29";"84";"3";"17";"6";"24";"0";"0"
"CHUQUISACA";"SUD CINTI";"LAS CARRERAS";"LAS CARRERAS";"RURAL";"9";"7";"16";"0";"2";"3";"5";"0";"0"
"CHUQUISACA";"LUIS CALVO";"HUACAYA (AUTONOMÍA GUARANÍ CHAQUEÑO DE HUACAYA)";"ITIRONQUE";"RURAL";"55";"42";"97";"7";"23";"17";"12";"0";"0"
"CHUQUISACA";"LUIS CALVO";"HUACAYA (AUTONOMÍA GUARANÍ CHAQUEÑO DE HUACAYA)";"SANTA ROSA";"RURAL";"195";"210";"405";"45";"108";"61";"34";"0";"0"
"CHUQUISACA";"NOR CINTI";"INCAHUASI";"INCAHUASI";"URBANO";"1534";"1484";"3018";"215";"610";"357";"316";"2";"627"
"CHUQUISACA";"YAMPARÁEZ";"TARABUCO";"MOLLE ORCKO";"RURAL";"30";"30";"60";"0";"11";"8";"14";"0";"0"
"CHUQUISACA";"OROPEZA";"SUCRE";"IMILLA HUAÑUSKA";"RURAL";"62";"73";"135";"3";"37";"10";"34";"1";"20"
"CHUQUISACA";"OROPEZA";"SUCRE";"KORA KORA GUADALUPE";"RURAL";"64";"51";"115";"5";"20";"15";"23";"0";"0"
"CHUQUISACA";"OROPEZA";"SUCRE";"PATA LLINFI";"RURAL";"31";"22";"53";"3";"21";"4";"5";"0";"0"
"CHUQUISACA";"NOR CINTI";"CAMARGO";"SANTA MARIA";"RURAL";"4";"7";"11";"0";"2";"0";"1";"0";"0"
"CHUQUISACA";"OROPEZA";"POROMA";"COMUNIDAD CHIJMURI";"RURAL";"84";"71";"155";"9";"34";"15";"32";"1";"84"
"CHUQUISACA";"AZURDUY";"TARVITA";"VISANCHE";"RURAL";"88";"91";"179";"14";"57";"17";"27";"0";"0"
"CHUQUISACA";"AZURDUY";"TARVITA";"SAN LUIS DE MARCAVI";"RURAL";"63";"53";"116";"5";"28";"8";"30";"0";"0"
"CHUQUISACA";"TOMINA";"PADILLA";"MOLLE PAMPA";"RURAL";"46";"64";"110";"8";"26";"12";"24";"1";"6"
"CHUQUISACA";"TOMINA";"ALCALÁ";"HUANCA PAMPA";"RURAL";"157";"138";"295";"22";"60";"32";"40";"1";"16"
"CHUQUISACA";"NOR CINTI";"SAN LUCAS";"MARANCELAYOJ";"RURAL";"1";"1";"2";"0";"0";"0";"2";"0";"0"
"CHUQUISACA";"NOR CINTI";"SAN LUCAS";"PUCA LOMA";"RURAL";"88";"83";"171";"12";"49";"16";"35";"1";"24"
"CHUQUISACA";"NOR CINTI";"SAN LUCAS";"TOROJCHI";"RURAL";"51";"50";"101";"10";"18";"11";"22";"1";"16"
"CHUQUISACA";"NOR CINTI";"SAN LUCAS";"OCURI";"RURAL";"240";"255";"495";"47";"154";"50";"69";"0";"0"
"CHUQUISACA";"NOR CINTI";"VILLA CHARCAS";"VILLA CHARCAS";"URBANO";"1242";"1416";"2658";"214";"707";"360";"193";"3";"677"
"CHUQUISACA";"NOR CINTI";"VILLA CHARCAS";"SANTA ELENA";"RURAL";"116";"127";"243";"24";"76";"22";"28";"0";"0"
"CHUQUISACA";"OROPEZA";"POROMA";"POJPO";"RURAL";"38";"26";"64";"6";"11";"5";"16";"0";"0"
"CHUQUISACA";"BELISARIO BOETO";"VILLA SERRANO";"CAÑADILLAS";"RURAL";"60";"57";"117";"6";"20";"9";"37";"1";"11"
"CHUQUISACA";"LUIS CALVO";"VILLA VACA GUZMÁN";"IRIPITY";"RURAL";"38";"25";"63";"2";"13";"6";"5";"1";"3"
"CHUQUISACA";"LUIS CALVO";"MACHARETÍ";"VALLE HERMOSO";"RURAL";"38";"32";"70";"3";"10";"6";"11";"0";"0"
"CHUQUISACA";"HERNANDO SILES";"MONTEAGUDO";"HIERBA PAMPA";"RURAL";"36";"30";"66";"1";"29";"3";"10";"1";"5"
"CHUQUISACA";"HERNANDO SILES";"HUACARETA";"GUAYABILLAR";"RURAL";"62";"64";"126";"8";"33";"7";"26";"1";"13"
"CHUQUISACA";"YAMPARÁEZ";"TARABUCO";"ANGOLA";"RURAL";"52";"41";"93";"6";"20";"6";"31";"1";"10"
"CHUQUISACA";"OROPEZA";"SUCRE";"ESPERANZA";"RURAL";"39";"33";"72";"6";"6";"4";"19";"0";"0"
"CHUQUISACA";"OROPEZA";"SUCRE";"SAN JUAN DE CACHIMAYO";"RURAL";"54";"53";"107";"5";"12";"2";"39";"0";"0"
"CHUQUISACA";"SUD CINTI";"CULPINA";"COMUNIDAD CERRO BRAVO";"RURAL";"64";"62";"126";"7";"28";"22";"16";"1";"8"
"CHUQUISACA";"SUD CINTI";"LAS CARRERAS";"LIME";"RURAL";"154";"139";"293";"9";"53";"31";"53";"0";"0"
"CHUQUISACA";"LUIS CALVO";"VILLA VACA GUZMÁN";"PENTIRENDA";"RURAL";"65";"66";"131";"11";"47";"16";"11";"0";"0"
"CHUQUISACA";"LUIS CALVO";"VILLA VACA GUZMÁN";"MUYUPAMPA";"URBANO";"2957";"2264";"5221";"245";"980";"1275";"380";"3";"962"
"CHUQUISACA";"OROPEZA";"POROMA";"PIOCERA";"RURAL";"34";"24";"58";"5";"5";"3";"15";"1";"17"
"CHUQUISACA";"OROPEZA";"POROMA";"COMUNIDAD ORIGINARIA PALAJLA 1";"RURAL";"76";"66";"142";"21";"38";"23";"15";"1";"28"
"CHUQUISACA";"OROPEZA";"POROMA";"POJPO";"RURAL";"10";"10";"20";"3";"3";"3";"5";"0";"0"
"CHUQUISACA";"OROPEZA";"POROMA";"COMUNIDAD POMANASA";"RURAL";"76";"67";"143";"11";"40";"16";"24";"1";"69"
"CHUQUISACA";"AZURDUY";"AZURDUY";"BARBECHOS";"RURAL";"42";"36";"78";"8";"18";"2";"16";"1";"18"
"CHUQUISACA";"AZURDUY";"AZURDUY";"PAMPAS SEPULTURAS";"RURAL";"87";"84";"171";"19";"49";"14";"25";"1";"18"
"CHUQUISACA";"TOMINA";"PADILLA";"THURU PAMPA";"RURAL";"29";"19";"48";"2";"5";"4";"12";"0";"0"
"CHUQUISACA";"HERNANDO SILES";"MONTEAGUDO";"LOS ARCOS";"RURAL";"67";"48";"115";"9";"35";"9";"16";"1";"16"
"CHUQUISACA";"LUIS CALVO";"VILLA VACA GUZMÁN";"MONTE GRANDE";"RURAL";"118";"96";"214";"15";"84";"21";"15";"0";"0"
"CHUQUISACA";"YAMPARÁEZ";"YAMPARÁEZ";"KATEQUILLA";"RURAL";"17";"11";"28";"0";"3";"2";"8";"0";"0"
"CHUQUISACA";"NOR CINTI";"CAMARGO";"CUTANIPAMPA";"RURAL";"27";"31";"58";"2";"12";"4";"12";"0";"0"
"CHUQUISACA";"NOR CINTI";"CAMARGO";"LLINKI PAMPA";"RURAL";"61";"61";"122";"2";"26";"11";"28";"0";"0"
"CHUQUISACA";"NOR CINTI";"SAN LUCAS";"COCHA PATA";"RURAL";"38";"40";"78";"4";"19";"6";"26";"0";"0"
"CHUQUISACA";"NOR CINTI";"SAN LUCAS";"JANKOYO";"RURAL";"56";"55";"111";"13";"38";"16";"6";"1";"19"
"CHUQUISACA";"NOR CINTI";"INCAHUASI";"PUEBLO BAJO";"RURAL";"204";"185";"389";"21";"93";"42";"47";"0";"0"
"CHUQUISACA";"BELISARIO BOETO";"VILLA SERRANO";"NUEVO MUNDO";"RURAL";"8";"4";"12";"0";"2";"0";"6";"0";"0"
"CHUQUISACA";"LUIS CALVO";"MACHARETÍ";"SAN JOSE";"RURAL";"8";"3";"11";"0";"3";"1";"2";"0";"0"
"CHUQUISACA";"LUIS CALVO";"HUACAYA (AUTONOMÍA GUARANÍ CHAQUEÑO DE HUACAYA)";"ANCAHUAZU";"RURAL";"46";"30";"76";"3";"24";"6";"5";"1";"20"
"CHUQUISACA";"LUIS CALVO";"MACHARETÍ";"MACHARETI";"URBANO";"719";"784";"1503";"113";"416";"147";"146";"2";"494"
"CHUQUISACA";"LUIS CALVO";"VILLA VACA GUZMÁN";"BAICUA";"RURAL";"41";"23";"64";"2";"19";"4";"16";"1";"6"
"CHUQUISACA";"NOR CINTI";"SAN LUCAS";"CANCHAS BLANCAS";"RURAL";"111";"113";"224";"13";"62";"23";"47";"1";"93"
"CHUQUISACA";"NOR CINTI";"SAN LUCAS";"CHURQUI PAMPA";"RURAL";"45";"34";"79";"2";"26";"14";"10";"0";"0"
"CHUQUISACA";"OROPEZA";"SUCRE";"PAMPA GRANDE";"RURAL";"19";"13";"32";"0";"9";"4";"4";"0";"0"
"CHUQUISACA";"OROPEZA";"POROMA";"COMUNIDAD ORIGINARIA CALASAMANA";"RURAL";"62";"57";"119";"8";"39";"14";"20";"1";"33"
"CHUQUISACA";"HERNANDO SILES";"MONTEAGUDO";"PACARA ALTO";"RURAL";"37";"23";"60";"2";"15";"5";"8";"0";"0"
"CHUQUISACA";"HERNANDO SILES";"HUACARETA";"CAMPO LARGO";"RURAL";"46";"51";"97";"9";"30";"8";"14";"1";"16"
"CHUQUISACA";"HERNANDO SILES";"HUACARETA";"ITAKISE";"RURAL";"35";"31";"66";"9";"26";"5";"9";"0";"0"
"CHUQUISACA";"HERNANDO SILES";"HUACARETA";"ROSARIO DEL INGRE";"RURAL";"41";"25";"66";"4";"15";"5";"13";"0";"0"
"CHUQUISACA";"NOR CINTI";"SAN LUCAS";"SABALA";"RURAL";"45";"31";"76";"3";"18";"7";"19";"1";"7"
"CHUQUISACA";"NOR CINTI";"SAN LUCAS";"SANTA ROSA";"RURAL";"89";"73";"162";"12";"35";"34";"19";"1";"34"
"CHUQUISACA";"NOR CINTI";"INCAHUASI";"COMUNIDAD PUEBLO ALTO CENTRO";"RURAL";"61";"56";"117";"12";"23";"9";"13";"1";"32"
"CHUQUISACA";"OROPEZA";"POROMA";"COMUNIDAD PANGORASI ALTA";"RURAL";"81";"79";"160";"19";"51";"19";"20";"1";"29"
"CHUQUISACA";"AZURDUY";"TARVITA";"AMAYLA";"RURAL";"30";"31";"61";"9";"9";"7";"10";"0";"0"
"CHUQUISACA";"ZUDÁÑEZ";"ZUDÁÑEZ";"AYRAMPO";"RURAL";"207";"177";"384";"13";"54";"56";"59";"0";"0"
"CHUQUISACA";"ZUDÁÑEZ";"PRESTO";"JOYA CHARAL";"RURAL";"183";"149";"332";"32";"96";"55";"26";"1";"14"
"CHUQUISACA";"ZUDÁÑEZ";"ICLA";"JULA JULA";"RURAL";"56";"45";"101";"6";"14";"13";"19";"0";"0"
"CHUQUISACA";"ZUDÁÑEZ";"ICLA";"YANA KOLLPA";"RURAL";"68";"59";"127";"6";"36";"13";"22";"0";"0"
"CHUQUISACA";"TOMINA";"PADILLA";"LA CIENEGA";"RURAL";"89";"75";"164";"9";"31";"13";"50";"1";"26"
"CHUQUISACA";"TOMINA";"SOPACHUY";"COMUNIDAD MILANES";"RURAL";"94";"84";"178";"16";"37";"19";"41";"1";"9"
"CHUQUISACA";"NOR CINTI";"VILLA CHARCAS";"SUPAS";"RURAL";"182";"145";"327";"33";"113";"39";"36";"1";"96"
"CHUQUISACA";"NOR CINTI";"INCAHUASI";"SAN ANDRES";"RURAL";"122";"130";"252";"28";"94";"33";"21";"1";"69"
"CHUQUISACA";"NOR CINTI";"INCAHUASI";"SULTACA BAJA";"RURAL";"224";"182";"406";"17";"55";"32";"98";"1";"135"
"CHUQUISACA";"YAMPARÁEZ";"TARABUCO";"TARCAUI BAJA";"RURAL";"22";"19";"41";"4";"8";"4";"13";"0";"0"
"CHUQUISACA";"NOR CINTI";"CAMARGO";"QUISKAPAMPA";"RURAL";"19";"18";"37";"3";"6";"3";"9";"1";"5"
"CHUQUISACA";"NOR CINTI";"SAN LUCAS";"BUENA VISTA";"RURAL";"62";"82";"144";"9";"36";"10";"48";"1";"56"
"CHUQUISACA";"BELISARIO BOETO";"VILLA SERRANO";"BLANCA FLOR";"RURAL";"11";"12";"23";"0";"5";"1";"7";"0";"0"
"CHUQUISACA";"NOR CINTI";"VILLA CHARCAS";"CAIZ K";"RURAL";"235";"240";"475";"46";"136";"80";"50";"1";"121"
"CHUQUISACA";"HERNANDO SILES";"MONTEAGUDO";"PUCAMAYU";"RURAL";"33";"32";"65";"4";"15";"3";"8";"0";"0"
"CHUQUISACA";"HERNANDO SILES";"HUACARETA";"ABRA DEL IVIO";"RURAL";"68";"56";"124";"10";"30";"8";"27";"1";"10"
"CHUQUISACA";"HERNANDO SILES";"HUACARETA";"NAMBIASI";"RURAL";"7";"12";"19";"1";"5";"2";"2";"0";"0"
"CHUQUISACA";"YAMPARÁEZ";"TARABUCO";"TARABUCO";"URBANO";"1294";"1429";"2723";"230";"714";"300";"458";"3";"698"
"CHUQUISACA";"YAMPARÁEZ";"TARABUCO";"SUINDIRI";"RURAL";"45";"37";"82";"5";"28";"8";"23";"1";"15"
"CHUQUISACA";"YAMPARÁEZ";"TARABUCO";"SURIMA GRANDE";"RURAL";"90";"78";"168";"18";"41";"16";"38";"1";"24"
"CHUQUISACA";"YAMPARÁEZ";"YAMPARÁEZ";"LAVADERO";"RURAL";"39";"42";"81";"2";"18";"9";"16";"0";"0"
"CHUQUISACA";"ZUDÁÑEZ";"PRESTO";"MACHACA";"RURAL";"119";"128";"247";"19";"67";"21";"38";"1";"22"
"CHUQUISACA";"ZUDÁÑEZ";"PRESTO";"MALA VISTA";"RURAL";"23";"21";"44";"9";"8";"7";"4";"0";"0"
"CHUQUISACA";"ZUDÁÑEZ";"PRESTO";"SAN JOSE DE TOCA";"RURAL";"106";"91";"197";"17";"42";"20";"27";"1";"9"
"CHUQUISACA";"ZUDÁÑEZ";"MOJOCOYA";"CASA GRANDE";"RURAL";"143";"122";"265";"13";"67";"34";"45";"0";"0"
"CHUQUISACA";"TOMINA";"PADILLA";"CHA SKA ORCKO";"RURAL";"12";"7";"19";"2";"5";"0";"4";"0";"0"
"CHUQUISACA";"TOMINA";"SOPACHUY";"COMUNIDAD PAMPAS DEL CARMEN";"RURAL";"87";"67";"154";"9";"17";"23";"23";"1";"12"
"CHUQUISACA";"HERNANDO SILES";"MONTEAGUDO";"MAICHAMAYU";"RURAL";"49";"48";"97";"6";"27";"8";"21";"1";"14"
"CHUQUISACA";"HERNANDO SILES";"MONTEAGUDO";"PAMPA LA LIMA";"RURAL";"35";"29";"64";"3";"11";"4";"15";"1";"10"
"CHUQUISACA";"SUD CINTI";"CULPINA";"COMUNIDAD QUISANA";"RURAL";"71";"62";"133";"7";"27";"24";"23";"1";"19"
"CHUQUISACA";"LUIS CALVO";"HUACAYA (AUTONOMÍA GUARANÍ CHAQUEÑO DE HUACAYA)";"CHIMBE";"RURAL";"33";"33";"66";"4";"25";"5";"7";"1";"24"
"CHUQUISACA";"LUIS CALVO";"HUACAYA (AUTONOMÍA GUARANÍ CHAQUEÑO DE HUACAYA)";"CURURUY";"RURAL";"19";"20";"39";"6";"8";"10";"2";"0";"0"
"CHUQUISACA";"OROPEZA";"SUCRE";"PUCA PUCA SANTIAGO";"RURAL";"50";"60";"110";"4";"38";"8";"16";"0";"0"
"CHUQUISACA";"OROPEZA";"SUCRE";"SOICO";"RURAL";"88";"93";"181";"23";"54";"16";"25";"1";"87"
"CHUQUISACA";"OROPEZA";"SUCRE";"TEJA HUASI";"RURAL";"98";"106";"204";"12";"42";"12";"62";"0";"0"
"CHUQUISACA";"OROPEZA";"SUCRE";"KUCHU TAMBO";"URBANO";"1377";"1565";"2942";"317";"954";"363";"220";"1";"707"
"CHUQUISACA";"OROPEZA";"SUCRE";"TAPIAL";"RURAL";"39";"44";"83";"6";"20";"5";"15";"0";"0"
"CHUQUISACA";"AZURDUY";"TARVITA";"TORRE PAMPA";"RURAL";"101";"86";"187";"17";"39";"23";"35";"1";"16"
"CHUQUISACA";"NOR CINTI";"SAN LUCAS";"PIRHUANI";"RURAL";"109";"112";"221";"19";"84";"7";"41";"1";"98"
"CHUQUISACA";"NOR CINTI";"SAN LUCAS";"QUIRPINI";"RURAL";"114";"115";"229";"21";"52";"30";"27";"1";"20"
"CHUQUISACA";"NOR CINTI";"INCAHUASI";"CHILLAJARA";"RURAL";"38";"45";"83";"11";"21";"11";"8";"0";"0"
"CHUQUISACA";"NOR CINTI";"INCAHUASI";"ENTRE RIOS";"RURAL";"50";"49";"99";"9";"21";"18";"10";"0";"0"
"CHUQUISACA";"NOR CINTI";"INCAHUASI";"SANTIAGO DE JOLENCIA";"RURAL";"174";"158";"332";"19";"68";"54";"42";"0";"0"
"CHUQUISACA";"BELISARIO BOETO";"VILLA SERRANO";"LA TAPERA";"RURAL";"39";"17";"56";"1";"7";"4";"12";"0";"0"
"CHUQUISACA";"SUD CINTI";"CULPINA";"CULPINA";"URBANO";"1594";"1810";"3404";"282";"921";"334";"438";"5";"1066"
"CHUQUISACA";"SUD CINTI";"CULPINA";"COMUNIDAD CHARCOMA";"RURAL";"98";"118";"216";"16";"68";"27";"29";"0";"0"
"CHUQUISACA";"NOR CINTI";"SAN LUCAS";"HUAYLLANI GRANDE";"RURAL";"78";"94";"172";"13";"45";"12";"43";"0";"0"
"CHUQUISACA";"LUIS CALVO";"VILLA VACA GUZMÁN";"ENTIERRILLOS";"RURAL";"93";"81";"174";"16";"43";"27";"22";"1";"9"
"CHUQUISACA";"OROPEZA";"SUCRE";"PORONGO";"RURAL";"56";"65";"121";"17";"25";"13";"14";"0";"0"
"CHUQUISACA";"OROPEZA";"YOTALA";"ACEITUNO";"RURAL";"24";"27";"51";"7";"9";"7";"8";"0";"0"
"CHUQUISACA";"OROPEZA";"YOTALA";"HUASA ÑUCCHU";"RURAL";"49";"53";"102";"10";"19";"11";"17";"0";"0"
"CHUQUISACA";"OROPEZA";"POROMA";"COMUNIDAD CHILLCANI";"RURAL";"45";"37";"82";"5";"24";"5";"23";"1";"8"
"CHUQUISACA";"OROPEZA";"POROMA";"COMUNIDAD CUCURI";"RURAL";"138";"129";"267";"20";"69";"25";"36";"1";"71"
"CHUQUISACA";"OROPEZA";"POROMA";"SAN ANTONIO";"RURAL";"68";"43";"111";"6";"26";"14";"20";"0";"0"
"CHUQUISACA";"AZURDUY";"TARVITA";"TARVITA";"RURAL";"551";"595";"1146";"86";"316";"98";"110";"2";"263"
"CHUQUISACA";"AZURDUY";"TARVITA";"MARA PAMPA";"RURAL";"213";"176";"389";"35";"97";"44";"76";"1";"79"
"CHUQUISACA";"YAMPARÁEZ";"TARABUCO";"LAMBOYO";"RURAL";"112";"120";"232";"31";"50";"30";"36";"1";"28"
"CHUQUISACA";"SUD CINTI";"LAS CARRERAS";"PURON DE ESCAPANA";"RURAL";"32";"32";"64";"6";"11";"9";"9";"1";"4"
"CHUQUISACA";"LUIS CALVO";"HUACAYA (AUTONOMÍA GUARANÍ CHAQUEÑO DE HUACAYA)";"COMUNIDAD NUEVA ESPERANZA";"RURAL";"3";"1";"4";"0";"1";"0";"0";"0";"0"
"CHUQUISACA";"OROPEZA";"SUCRE";"COMUNIDAD C.O. HUMACA";"RURAL";"133";"136";"269";"17";"64";"32";"43";"1";"9"
"CHUQUISACA";"OROPEZA";"SUCRE";"COMUNIDAD YURUBAMBA";"RURAL";"47";"43";"90";"7";"11";"4";"12";"0";"0"
"CHUQUISACA";"OROPEZA";"SUCRE";"JUCHUY LLINFI";"RURAL";"55";"65";"120";"11";"33";"9";"13";"0";"0"
"CHUQUISACA";"OROPEZA";"SUCRE";"PATA KATALLA";"RURAL";"25";"29";"54";"4";"9";"5";"14";"0";"0"
"CHUQUISACA";"AZURDUY";"TARVITA";"EL SALTO";"RURAL";"206";"384";"590";"52";"163";"108";"62";"0";"0"
"CHUQUISACA";"ZUDÁÑEZ";"ZUDÁÑEZ";"CAPILLA LLAVE";"RURAL";"107";"111";"218";"21";"59";"28";"11";"0";"0"
"CHUQUISACA";"ZUDÁÑEZ";"MOJOCOYA";"SERIPONA";"RURAL";"20";"18";"38";"2";"7";"5";"7";"0";"0"
"CHUQUISACA";"TOMINA";"PADILLA";"SAN ISIDRO DEL VALLE";"RURAL";"32";"19";"51";"3";"21";"6";"5";"0";"0"
"CHUQUISACA";"TOMINA";"EL VILLAR";"LA REVUELTA";"RURAL";"60";"58";"118";"13";"24";"11";"15";"0";"0"
"CHUQUISACA";"HERNANDO SILES";"MONTEAGUDO";"NARANJITOS";"RURAL";"28";"26";"54";"0";"10";"6";"13";"0";"0"
"CHUQUISACA";"HERNANDO SILES";"MONTEAGUDO";"ÑAURENDA";"RURAL";"71";"53";"124";"12";"37";"9";"17";"1";"24"
"CHUQUISACA";"HERNANDO SILES";"HUACARETA";"ARENAL";"RURAL";"30";"17";"47";"5";"12";"0";"2";"1";"4"
"CHUQUISACA";"BELISARIO BOETO";"VILLA SERRANO";"EL ORO";"RURAL";"76";"73";"149";"16";"43";"17";"16";"1";"27"
"CHUQUISACA";"YAMPARÁEZ";"TARABUCO";"RINCON LUPIARA";"RURAL";"67";"60";"127";"5";"20";"8";"40";"0";"0"
"CHUQUISACA";"NOR CINTI";"SAN LUCAS";"TUNTOCO";"RURAL";"48";"36";"84";"8";"15";"12";"10";"0";"0"
"CHUQUISACA";"NOR CINTI";"INCAHUASI";"EL FUERTE";"RURAL";"151";"147";"298";"41";"113";"41";"21";"1";"69"
"CHUQUISACA";"NOR CINTI";"INCAHUASI";"QUIRUSILLAS";"RURAL";"89";"90";"179";"16";"57";"23";"17";"0";"0"
"CHUQUISACA";"SUD CINTI";"CULPINA";"COMUNIDAD CIENEGA CKASA";"RURAL";"31";"32";"63";"7";"18";"5";"9";"1";"8"
"CHUQUISACA";"SUD CINTI";"CULPINA";"COMUNIDAD CREDO MAYU";"RURAL";"58";"56";"114";"14";"34";"14";"18";"1";"15"
"CHUQUISACA";"YAMPARÁEZ";"TARABUCO";"SIPUCO";"RURAL";"33";"29";"62";"2";"11";"6";"18";"1";"8"
"CHUQUISACA";"AZURDUY";"AZURDUY";"DURAZNAL";"RURAL";"194";"170";"364";"37";"112";"32";"43";"1";"100"
"CHUQUISACA";"AZURDUY";"AZURDUY";"HORCAS";"RURAL";"27";"31";"58";"7";"20";"4";"7";"1";"15"
"CHUQUISACA";"AZURDUY";"TARVITA";"CRUCEÑO PAMPA";"RURAL";"76";"81";"157";"23";"35";"22";"17";"0";"0"
"CHUQUISACA";"AZURDUY";"TARVITA";"TAREA PAMPA";"RURAL";"164";"142";"306";"22";"79";"45";"48";"1";"24"
"CHUQUISACA";"HERNANDO SILES";"MONTEAGUDO";"COMUNIDAD 16 DE FEBRERO";"RURAL";"160";"163";"323";"19";"96";"29";"54";"0";"0"
"CHUQUISACA";"NOR CINTI";"CAMARGO";"SUQUISTACA";"RURAL";"112";"125";"237";"21";"49";"21";"46";"0";"0"
"CHUQUISACA";"NOR CINTI";"SAN LUCAS";"LADERAS";"RURAL";"63";"53";"116";"13";"42";"10";"15";"1";"13"
"CHUQUISACA";"NOR CINTI";"SAN LUCAS";"PATA CANCHA";"RURAL";"51";"46";"97";"9";"36";"8";"19";"1";"13"
"CHUQUISACA";"NOR CINTI";"SAN LUCAS";"YAPUSIRI";"RURAL";"139";"163";"302";"15";"102";"26";"48";"1";"154"
"CHUQUISACA";"HERNANDO SILES";"MONTEAGUDO";"CANIZAL";"RURAL";"52";"47";"99";"5";"23";"6";"25";"1";"18"
"CHUQUISACA";"HERNANDO SILES";"MONTEAGUDO";"PALMARCITO";"RURAL";"51";"46";"97";"4";"25";"4";"23";"1";"16"
"CHUQUISACA";"HERNANDO SILES";"MONTEAGUDO";"SIVIGAMAYU B";"RURAL";"115";"108";"223";"20";"52";"18";"31";"1";"7"
"CHUQUISACA";"BELISARIO BOETO";"VILLA SERRANO";"ESCALERAS";"RURAL";"81";"68";"149";"8";"32";"12";"40";"0";"0"
"CHUQUISACA";"BELISARIO BOETO";"VILLA SERRANO";"ZAMORA";"RURAL";"91";"67";"158";"4";"43";"10";"41";"0";"0"
"CHUQUISACA";"SUD CINTI";"VILLA ABECIA";"VILLA ABECIA";"URBANO";"1102";"1154";"2256";"155";"529";"290";"250";"2";"356"
"CHUQUISACA";"SUD CINTI";"VILLA ABECIA";"RODEO";"RURAL";"89";"58";"147";"13";"37";"17";"15";"1";"3"
"CHUQUISACA";"SUD CINTI";"VILLA ABECIA";"TARCANA";"RURAL";"114";"82";"196";"15";"38";"21";"27";"0";"0"
"CHUQUISACA";"SUD CINTI";"CULPINA";"COMUNIDAD EL CENTRO";"RURAL";"183";"191";"374";"25";"99";"37";"62";"1";"41"
"CHUQUISACA";"SUD CINTI";"CULPINA";"EL PALMAR";"RURAL";"126";"125";"251";"17";"69";"24";"20";"0";"0"
"CHUQUISACA";"OROPEZA";"SUCRE";"CHACARILLA";"RURAL";"39";"37";"76";"8";"17";"6";"10";"0";"0"
"CHUQUISACA";"OROPEZA";"SUCRE";"MELONARCITO";"RURAL";"6";"7";"13";"0";"5";"2";"2";"0";"0"
"CHUQUISACA";"OROPEZA";"SUCRE";"SOJTA PATA";"RURAL";"33";"20";"53";"1";"9";"9";"13";"1";"7"
"CHUQUISACA";"OROPEZA";"YOTALA";"VILLA SANTA ROSA";"RURAL";"43";"50";"93";"7";"16";"9";"14";"0";"0"
"CHUQUISACA";"OROPEZA";"POROMA";"SINDICATO AGRARIO KARPA CHACA";"RURAL";"35";"22";"57";"1";"10";"5";"19";"0";"0"
"CHUQUISACA";"LUIS CALVO";"VILLA VACA GUZMÁN";"PALMA PAMPA";"RURAL";"42";"42";"84";"2";"19";"13";"18";"0";"0"
"CHUQUISACA";"NOR CINTI";"INCAHUASI";"EL QUEMADO";"RURAL";"262";"245";"507";"54";"152";"60";"62";"1";"120"
"CHUQUISACA";"NOR CINTI";"VILLA CHARCAS";"DISPUCO";"RURAL";"63";"43";"106";"4";"34";"8";"15";"1";"5"
"CHUQUISACA";"NOR CINTI";"VILLA CHARCAS";"HUANCARANI BAJO";"RURAL";"340";"306";"646";"37";"167";"97";"73";"2";"143"
"CHUQUISACA";"OROPEZA";"SUCRE";"CORZO MAYU";"RURAL";"16";"15";"31";"3";"11";"1";"4";"0";"0"
"CHUQUISACA";"OROPEZA";"SUCRE";"POTOLO";"RURAL";"545";"551";"1096";"83";"270";"135";"150";"2";"251"
"CHUQUISACA";"OROPEZA";"YOTALA";"ACHUMA";"RURAL";"23";"31";"54";"4";"9";"6";"16";"0";"0"
"CHUQUISACA";"OROPEZA";"YOTALA";"LA CALERA";"RURAL";"5";"5";"10";"0";"1";"0";"2";"0";"0"
"CHUQUISACA";"OROPEZA";"YOTALA";"SIGUAYO";"RURAL";"111";"87";"198";"9";"23";"18";"67";"1";"4"
"CHUQUISACA";"OROPEZA";"POROMA";"COMUNIDAD CHIVITOS";"RURAL";"34";"23";"57";"5";"12";"3";"10";"0";"0"
"CHUQUISACA";"NOR CINTI";"CAMARGO";"CHICHAMAYO";"RURAL";"37";"30";"67";"4";"15";"8";"19";"0";"0"
"CHUQUISACA";"NOR CINTI";"CAMARGO";"FALSURI";"RURAL";"27";"29";"56";"4";"7";"2";"19";"0";"0"
"CHUQUISACA";"ZUDÁÑEZ";"PRESTO";"JARCA PAMPA";"RURAL";"25";"21";"46";"2";"15";"3";"9";"0";"0"
"CHUQUISACA";"ZUDÁÑEZ";"ICLA";"CHAWARANI";"RURAL";"267";"245";"512";"51";"128";"76";"70";"1";"36"
"CHUQUISACA";"ZUDÁÑEZ";"ICLA";"POTOLO";"RURAL";"78";"67";"145";"10";"48";"25";"21";"1";"20"
"CHUQUISACA";"ZUDÁÑEZ";"ICLA";"THACU PAMPA";"RURAL";"323";"301";"624";"44";"144";"78";"97";"1";"139"
"CHUQUISACA";"TOMINA";"TOMINA";"SOBO SOBO";"RURAL";"154";"156";"310";"19";"71";"50";"46";"1";"25"
"CHUQUISACA";"HERNANDO SILES";"MONTEAGUDO";"CANDUA";"URBANO";"1728";"1787";"3515";"338";"956";"429";"366";"1";"436"
"CHUQUISACA";"YAMPARÁEZ";"TARABUCO";"QUIRUSILLAS";"RURAL";"8";"4";"12";"0";"0";"1";"8";"0";"0"
"CHUQUISACA";"YAMPARÁEZ";"YAMPARÁEZ";"ESCANA";"RURAL";"113";"112";"225";"15";"40";"19";"52";"0";"0"
"CHUQUISACA";"SUD CINTI";"CULPINA";"COMUNIDAD CAÑON VERDE - LAS ABRAS";"RURAL";"90";"100";"190";"16";"43";"18";"27";"2";"34"
"CHUQUISACA";"SUD CINTI";"CULPINA";"VILLA FLORES";"RURAL";"101";"117";"218";"17";"54";"16";"41";"0";"0"
"CHUQUISACA";"SUD CINTI";"LAS CARRERAS";"CHAÑARHUAYCO";"RURAL";"38";"30";"68";"1";"8";"6";"24";"0";"0"
"CHUQUISACA";"NOR CINTI";"CAMARGO";"LA PALCA";"RURAL";"64";"54";"118";"6";"30";"16";"24";"1";"20"
"CHUQUISACA";"NOR CINTI";"SAN LUCAS";"CORMA";"RURAL";"22";"21";"43";"1";"7";"3";"15";"0";"0"
"CHUQUISACA";"NOR CINTI";"SAN LUCAS";"MOLLE MOLLE";"RURAL";"71";"79";"150";"11";"48";"14";"25";"1";"26"
"CHUQUISACA";"NOR CINTI";"SAN LUCAS";"SAN LEON";"RURAL";"57";"61";"118";"20";"34";"16";"14";"1";"7"
"CHUQUISACA";"NOR CINTI";"SAN LUCAS";"PAYACOTA DEL CARMEN";"RURAL";"88";"94";"182";"15";"57";"18";"18";"0";"0"
"CHUQUISACA";"SUD CINTI";"VILLA ABECIA";"COLPANAYOC";"RURAL";"173";"169";"342";"26";"77";"50";"42";"2";"42"
"CHUQUISACA";"TOMINA";"SOPACHUY";"COMUNIDAD SIPICANI";"RURAL";"188";"183";"371";"34";"81";"62";"52";"1";"33"
"CHUQUISACA";"TOMINA";"EL VILLAR";"SAN BLAS";"RURAL";"200";"196";"396";"21";"89";"44";"68";"1";"17"
"CHUQUISACA";"HERNANDO SILES";"HUACARETA";"URUGUAY";"RURAL";"65";"38";"103";"10";"16";"10";"20";"0";"0"
"CHUQUISACA";"YAMPARÁEZ";"TARABUCO";"SAN JOSE DE YURAC PUJYU";"RURAL";"17";"8";"25";"0";"4";"1";"9";"0";"0"
"CHUQUISACA";"YAMPARÁEZ";"TARABUCO";"VISCACHANI";"RURAL";"54";"50";"104";"8";"22";"14";"23";"1";"11"
"CHUQUISACA";"NOR CINTI";"CAMARGO";"LA TORRE";"RURAL";"41";"35";"76";"3";"19";"1";"23";"0";"0"
"CHUQUISACA";"OROPEZA";"SUCRE";"COMUNIDAD LA PALCA";"RURAL";"17";"13";"30";"3";"9";"0";"10";"0";"0"
"CHUQUISACA";"OROPEZA";"SUCRE";"SURIMITA";"RURAL";"3";"0";"3";"0";"0";"0";"2";"0";"0"
"CHUQUISACA";"OROPEZA";"YOTALA";"PERAS PAMPA";"RURAL";"45";"37";"82";"8";"15";"6";"14";"0";"0"
"CHUQUISACA";"OROPEZA";"YOTALA";"ZONA LOURDES";"RURAL";"14";"11";"25";"2";"8";"0";"4";"0";"0"
"CHUQUISACA";"OROPEZA";"POROMA";"COMUNIDAD RUMI CANCHA";"RURAL";"12";"6";"18";"1";"4";"2";"6";"0";"0"
"CHUQUISACA";"OROPEZA";"POROMA";"COMUNIDAD TEJAHUASI";"RURAL";"52";"31";"83";"3";"20";"8";"21";"0";"0"
"CHUQUISACA";"NOR CINTI";"SAN LUCAS";"SAN MARTIN";"RURAL";"92";"77";"169";"21";"44";"19";"29";"1";"16"
"CHUQUISACA";"NOR CINTI";"SAN LUCAS";"TAMBILLOS";"RURAL";"90";"86";"176";"7";"47";"14";"52";"1";"90"
"CHUQUISACA";"NOR CINTI";"SAN LUCAS";"ANDAMARCA";"RURAL";"121";"125";"246";"15";"61";"34";"37";"0";"0"
"CHUQUISACA";"NOR CINTI";"VILLA CHARCAS";"ARPAJA CENTRO";"RURAL";"41";"35";"76";"5";"14";"5";"24";"0";"0"
"CHUQUISACA";"SUD CINTI";"CULPINA";"COMUNIDAD TIMBOY DE MONTE MAYOR";"RURAL";"68";"68";"136";"21";"28";"18";"6";"1";"24"
"CHUQUISACA";"OROPEZA";"POROMA";"COMUNIDAD WAÑOMA BAJA";"RURAL";"172";"134";"306";"27";"104";"18";"50";"1";"111"
"CHUQUISACA";"AZURDUY";"AZURDUY";"REY LOMA";"RURAL";"87";"85";"172";"17";"57";"24";"12";"1";"28"
"CHUQUISACA";"AZURDUY";"AZURDUY";"THIUMAYU";"RURAL";"56";"55";"111";"10";"22";"10";"26";"1";"7"
"CHUQUISACA";"AZURDUY";"TARVITA";"CAPACTALA";"RURAL";"75";"99";"174";"8";"53";"12";"41";"0";"0"
"CHUQUISACA";"AZURDUY";"TARVITA";"SAN JOSE DE ALISOS";"RURAL";"95";"105";"200";"21";"54";"28";"36";"1";"95"
"CHUQUISACA";"ZUDÁÑEZ";"PRESTO";"PASOPAYA";"RURAL";"39";"37";"76";"7";"5";"14";"9";"0";"0"
"CHUQUISACA";"NOR CINTI";"SAN LUCAS";"CHURISAYA";"RURAL";"147";"125";"272";"23";"54";"38";"26";"1";"33"
"CHUQUISACA";"NOR CINTI";"SAN LUCAS";"SAN CRISTOBAL";"RURAL";"17";"15";"32";"4";"4";"2";"8";"0";"0"
"CHUQUISACA";"LUIS CALVO";"HUACAYA (AUTONOMÍA GUARANÍ CHAQUEÑO DE HUACAYA)";"CAMATINDY";"RURAL";"64";"53";"117";"14";"28";"10";"14";"1";"15"
"CHUQUISACA";"ZUDÁÑEZ";"MOJOCOYA";"CHURICANA";"RURAL";"39";"37";"76";"4";"15";"7";"15";"0";"0"
"CHUQUISACA";"TOMINA";"PADILLA";"THIYUMAYU";"RURAL";"35";"50";"85";"9";"17";"10";"9";"0";"0"
"CHUQUISACA";"NOR CINTI";"INCAHUASI";"SAN MARCOS";"RURAL";"183";"175";"358";"30";"90";"69";"20";"1";"31"
"CHUQUISACA";"OROPEZA";"SUCRE";"SACOPAYA";"RURAL";"113";"98";"211";"21";"50";"28";"26";"1";"12"
"CHUQUISACA";"OROPEZA";"YOTALA";"VILLA EL CARMEN";"RURAL";"4";"4";"8";"0";"1";"1";"3";"0";"0"
"CHUQUISACA";"HERNANDO SILES";"MONTEAGUDO";"LIMONAL";"RURAL";"60";"45";"105";"4";"30";"9";"14";"1";"8"
"CHUQUISACA";"YAMPARÁEZ";"TARABUCO";"KHARA KHARA";"RURAL";"37";"39";"76";"8";"30";"7";"10";"0";"0"
"CHUQUISACA";"YAMPARÁEZ";"TARABUCO";"PAMPA LUPIARA";"RURAL";"380";"374";"754";"42";"148";"87";"176";"1";"107"
"CHUQUISACA";"NOR CINTI";"VILLA CHARCAS";"ANCOMARCA";"RURAL";"138";"116";"254";"20";"83";"31";"42";"1";"35"
"CHUQUISACA";"NOR CINTI";"VILLA CHARCAS";"CHARCOSI";"RURAL";"63";"73";"136";"18";"46";"21";"9";"1";"19"
"CHUQUISACA";"OROPEZA";"POROMA";"COMUNIDAD QUILA QUILILLA";"RURAL";"35";"25";"60";"1";"17";"4";"17";"0";"0"
"CHUQUISACA";"AZURDUY";"AZURDUY";"LAS ABRAS";"RURAL";"60";"70";"130";"5";"26";"16";"41";"1";"4"
"CHUQUISACA";"ZUDÁÑEZ";"ICLA";"SUMALA";"RURAL";"145";"115";"260";"22";"70";"41";"24";"0";"0"
"CHUQUISACA";"TOMINA";"PADILLA";"MOJOTORILLO";"RURAL";"88";"88";"176";"15";"27";"22";"34";"1";"14"
"CHUQUISACA";"TOMINA";"TOMINA";"KAWASIRI";"RURAL";"82";"79";"161";"16";"51";"24";"15";"1";"10"
"CHUQUISACA";"TOMINA";"TOMINA";"QUIRUSILLAS";"RURAL";"58";"57";"115";"9";"31";"18";"18";"0";"0"
"CHUQUISACA";"TOMINA";"ALCALÁ";"MATELA";"RURAL";"77";"74";"151";"5";"34";"14";"30";"1";"3"
"CHUQUISACA";"TOMINA";"EL VILLAR";"EL PALMAR";"RURAL";"43";"24";"67";"7";"19";"12";"8";"0";"0"
"CHUQUISACA";"BELISARIO BOETO";"VILLA SERRANO";"LAMPAZOS";"RURAL";"46";"51";"97";"6";"32";"14";"12";"0";"0"
"CHUQUISACA";"BELISARIO BOETO";"VILLA SERRANO";"SIPOTENDI";"RURAL";"154";"145";"299";"14";"101";"39";"33";"2";"101"
"CHUQUISACA";"NOR CINTI";"CAMARGO";"COCHACA";"RURAL";"74";"74";"148";"6";"39";"15";"32";"2";"82"
"CHUQUISACA";"NOR CINTI";"CAMARGO";"SALADILLO";"RURAL";"39";"29";"68";"1";"18";"4";"17";"0";"0"
"CHUQUISACA";"NOR CINTI";"SAN LUCAS";"CAPIRA";"RURAL";"181";"170";"351";"55";"119";"49";"28";"1";"43"
"CHUQUISACA";"NOR CINTI";"SAN LUCAS";"SUMCHU PAMPA";"RURAL";"25";"19";"44";"2";"6";"5";"17";"0";"0"
"CHUQUISACA";"NOR CINTI";"INCAHUASI";"BUENA VISTA CENTRO";"RURAL";"90";"103";"193";"21";"42";"28";"25";"0";"0"
"CHUQUISACA";"LUIS CALVO";"MACHARETÍ";"IVO";"RURAL";"539";"372";"911";"36";"132";"507";"40";"0";"0"
"CHUQUISACA";"LUIS CALVO";"MACHARETÍ";"LA HABANA";"RURAL";"16";"15";"31";"2";"7";"2";"2";"0";"0"
"CHUQUISACA";"OROPEZA";"SUCRE";"COMUNIDAD MELGARAYUK";"RURAL";"41";"47";"88";"5";"9";"8";"13";"0";"0"
"CHUQUISACA";"OROPEZA";"SUCRE";"SEVENCANI";"RURAL";"19";"12";"31";"2";"6";"5";"5";"0";"0"
"CHUQUISACA";"OROPEZA";"YOTALA";"MOSOJ LLACTA";"RURAL";"280";"267";"547";"53";"127";"73";"83";"1";"226"
"CHUQUISACA";"OROPEZA";"YOTALA";"CABEZAS";"RURAL";"149";"138";"287";"19";"69";"27";"44";"1";"20"
"CHUQUISACA";"AZURDUY";"TARVITA";"SAN JOSE DE TROJE";"RURAL";"49";"52";"101";"9";"28";"10";"23";"1";"4"
"CHUQUISACA";"TOMINA";"PADILLA";"CHINCANA";"RURAL";"31";"32";"63";"6";"8";"12";"12";"0";"0"
"CHUQUISACA";"TOMINA";"TOMINA";"ARQUILLOS";"RURAL";"110";"117";"227";"24";"63";"28";"25";"0";"0"
"CHUQUISACA";"HERNANDO SILES";"MONTEAGUDO";"CABAYURE";"RURAL";"62";"41";"103";"3";"24";"10";"11";"0";"0"
"CHUQUISACA";"YAMPARÁEZ";"TARABUCO";"CORORO";"RURAL";"31";"30";"61";"1";"12";"15";"2";"0";"0"
"CHUQUISACA";"NOR CINTI";"CAMARGO";"BELLA VISTA";"RURAL";"54";"49";"103";"2";"19";"11";"26";"0";"0"
"CHUQUISACA";"NOR CINTI";"SAN LUCAS";"LAJA KASA";"RURAL";"124";"125";"249";"26";"81";"31";"35";"1";"127"
"CHUQUISACA";"NOR CINTI";"SAN LUCAS";"LECORI";"RURAL";"28";"19";"47";"5";"3";"7";"15";"0";"0"
"CHUQUISACA";"NOR CINTI";"SAN LUCAS";"PUCA CANCHA";"RURAL";"48";"33";"81";"5";"15";"8";"21";"1";"5"
"CHUQUISACA";"BELISARIO BOETO";"VILLA SERRANO";"LAGUNITA";"RURAL";"45";"51";"96";"4";"30";"12";"11";"1";"8"
"CHUQUISACA";"SUD CINTI";"CULPINA";"COMUNIDAD COCHA";"RURAL";"59";"43";"102";"6";"40";"4";"16";"1";"15"
"CHUQUISACA";"SUD CINTI";"CULPINA";"COMUNIDAD TOJLASA";"RURAL";"246";"307";"553";"47";"136";"58";"107";"1";"187"
"CHUQUISACA";"LUIS CALVO";"VILLA VACA GUZMÁN";"CAMOTAL";"RURAL";"72";"71";"143";"9";"33";"20";"15";"1";"11"
"CHUQUISACA";"BELISARIO BOETO";"VILLA SERRANO";"TRAMPA MAYU";"RURAL";"48";"43";"91";"9";"24";"6";"21";"0";"0"
"CHUQUISACA";"SUD CINTI";"CULPINA";"COMUNIDAD COLLPA";"RURAL";"53";"38";"91";"8";"16";"18";"20";"1";"7"
"CHUQUISACA";"OROPEZA";"SUCRE";"NARANJOS";"RURAL";"34";"28";"62";"4";"17";"5";"15";"0";"0"
"CHUQUISACA";"OROPEZA";"POROMA";"COMUNIDAD CAMPESINA COLQUEBAMBA";"RURAL";"93";"95";"188";"15";"71";"14";"27";"1";"21"
"CHUQUISACA";"OROPEZA";"POROMA";"COMUNIDAD KAINACAS";"RURAL";"53";"48";"101";"4";"22";"11";"25";"1";"68"
"CHUQUISACA";"OROPEZA";"POROMA";"COMUNIDAD PIOCERA";"RURAL";"73";"74";"147";"12";"37";"11";"34";"0";"0"
"CHUQUISACA";"AZURDUY";"TARVITA";"CAPACTALA";"RURAL";"192";"183";"375";"36";"105";"59";"30";"0";"0"
"CHUQUISACA";"ZUDÁÑEZ";"PRESTO";"SAN FRANCISCO";"RURAL";"85";"103";"188";"21";"52";"25";"39";"0";"0"
"CHUQUISACA";"TOMINA";"TOMINA";"ICHUPAMPA";"RURAL";"86";"72";"158";"12";"40";"25";"21";"1";"16"
"CHUQUISACA";"TOMINA";"ALCALÁ";"KASPI CANCHA";"RURAL";"37";"44";"81";"4";"18";"11";"14";"1";"6"
"CHUQUISACA";"TOMINA";"ALCALÁ";"NARANJOS";"RURAL";"92";"70";"162";"12";"25";"12";"27";"1";"7"
"CHUQUISACA";"HERNANDO SILES";"MONTEAGUDO";"CORTADERAL";"RURAL";"33";"20";"53";"2";"13";"2";"6";"1";"5"
"CHUQUISACA";"HERNANDO SILES";"MONTEAGUDO";"SAN PEDRO DEL ZAPALLAR";"RURAL";"196";"179";"375";"36";"93";"43";"54";"0";"0"
"CHUQUISACA";"BELISARIO BOETO";"VILLA SERRANO";"LA QUEBRADA";"RURAL";"117";"121";"238";"14";"48";"16";"65";"1";"24"
"CHUQUISACA";"SUD CINTI";"CULPINA";"COMUNIDAD SAN FRANCISCO BAJO";"RURAL";"78";"66";"144";"11";"51";"20";"14";"1";"2"
"CHUQUISACA";"LUIS CALVO";"VILLA VACA GUZMÁN";"CERRILLOS";"RURAL";"29";"26";"55";"6";"9";"5";"11";"0";"0"
"CHUQUISACA";"LUIS CALVO";"HUACAYA (AUTONOMÍA GUARANÍ CHAQUEÑO DE HUACAYA)";"IRENDA";"RURAL";"39";"27";"66";"7";"19";"6";"7";"0";"0"
"CHUQUISACA";"OROPEZA";"POROMA";"COMUNIDAD MANZANAL DE PORRAS";"RURAL";"59";"55";"114";"10";"38";"10";"22";"1";"9"
"CHUQUISACA";"HERNANDO SILES";"MONTEAGUDO";"EL RODEO";"RURAL";"17";"18";"35";"1";"8";"3";"6";"0";"0"
"CHUQUISACA";"YAMPARÁEZ";"TARABUCO";"PUCA SURIMA";"RURAL";"16";"17";"33";"0";"6";"8";"8";"0";"0"
"CHUQUISACA";"YAMPARÁEZ";"TARABUCO";"TALISCO";"RURAL";"42";"47";"89";"6";"27";"6";"20";"0";"0"
"CHUQUISACA";"YAMPARÁEZ";"YAMPARÁEZ";"CONCEPCION";"RURAL";"173";"147";"320";"18";"74";"23";"79";"1";"19"
"CHUQUISACA";"YAMPARÁEZ";"YAMPARÁEZ";"PALCA MAYU";"RURAL";"23";"24";"47";"1";"9";"4";"2";"0";"0"
"CHUQUISACA";"YAMPARÁEZ";"YAMPARÁEZ";"SILLA ORCKO";"RURAL";"15";"14";"29";"1";"4";"0";"11";"0";"0"
"CHUQUISACA";"NOR CINTI";"INCAHUASI";"LAS FLORES";"RURAL";"141";"135";"276";"25";"63";"46";"25";"0";"0"
"CHUQUISACA";"NOR CINTI";"INCAHUASI";"SAN LORENCITO";"RURAL";"9";"12";"21";"1";"0";"2";"2";"0";"0"
"CHUQUISACA";"LUIS CALVO";"MACHARETÍ";"ISIPOTINDI";"RURAL";"148";"153";"301";"31";"99";"31";"36";"1";"115"
"CHUQUISACA";"LUIS CALVO";"MACHARETÍ";"TOTORAL";"RURAL";"23";"25";"48";"4";"10";"6";"10";"0";"0"
"CHUQUISACA";"LUIS CALVO";"VILLA VACA GUZMÁN";"LOS NARANJOS";"RURAL";"30";"34";"64";"5";"28";"7";"4";"0";"0"
"CHUQUISACA";"LUIS CALVO";"MACHARETÍ";"VUELTA GRANDE";"RURAL";"82";"42";"124";"6";"17";"8";"21";"0";"0"
"CHUQUISACA";"OROPEZA";"POROMA";"COMUNIDAD TOCOCALA";"RURAL";"49";"64";"113";"11";"41";"13";"13";"1";"20"
"CHUQUISACA";"AZURDUY";"AZURDUY";"CUEVAS CAÑADAS";"RURAL";"136";"114";"250";"17";"45";"28";"53";"1";"17"
"CHUQUISACA";"AZURDUY";"TARVITA";"EL SALTO";"RURAL";"133";"103";"236";"27";"55";"30";"22";"0";"0"
"CHUQUISACA";"OROPEZA";"SUCRE";"CARAPARI";"RURAL";"49";"55";"104";"9";"34";"8";"14";"1";"19"
"CHUQUISACA";"TOMINA";"TOMINA";"TOMINA";"URBANO";"920";"971";"1891";"155";"492";"227";"174";"2";"640"
"CHUQUISACA";"AZURDUY";"TARVITA";"ABRA CKASA";"RURAL";"246";"255";"501";"53";"129";"54";"47";"0";"0"
"CHUQUISACA";"OROPEZA";"SUCRE";"COMUNIDAD C.O. COYULY";"RURAL";"77";"82";"159";"6";"24";"9";"43";"0";"0"
"CHUQUISACA";"OROPEZA";"SUCRE";"EL TUNAL";"RURAL";"27";"30";"57";"3";"12";"7";"12";"0";"0"
"CHUQUISACA";"OROPEZA";"SUCRE";"GUZMAN";"RURAL";"1";"6";"7";"0";"1";"1";"1";"0";"0"
"CHUQUISACA";"OROPEZA";"SUCRE";"TALAWANCA";"RURAL";"8";"8";"16";"2";"3";"1";"5";"0";"0"
"CHUQUISACA";"OROPEZA";"YOTALA";"VILLA ROSARIO";"RURAL";"40";"37";"77";"2";"20";"6";"20";"0";"0"
"CHUQUISACA";"OROPEZA";"POROMA";"POROMA";"RURAL";"126";"127";"253";"21";"81";"12";"43";"0";"0"
"CHUQUISACA";"OROPEZA";"POROMA";"COMUNIDAD ORIGINARIA SAYCHUMA";"RURAL";"28";"23";"51";"3";"15";"6";"7";"0";"0"
"CHUQUISACA";"AZURDUY";"TARVITA";"THACU PAMPA";"RURAL";"72";"75";"147";"6";"33";"15";"34";"1";"6"
"CHUQUISACA";"ZUDÁÑEZ";"MOJOCOYA";"ASTILLERO";"RURAL";"159";"145";"304";"21";"84";"38";"44";"1";"16"
"CHUQUISACA";"ZUDÁÑEZ";"MOJOCOYA";"RAMADAS";"RURAL";"68";"90";"158";"12";"34";"30";"24";"1";"16"
"CHUQUISACA";"TOMINA";"PADILLA";"PUCARILLO";"RURAL";"17";"13";"30";"2";"4";"0";"12";"1";"5"
"CHUQUISACA";"TOMINA";"TOMINA";"KURI";"RURAL";"188";"197";"385";"34";"102";"60";"58";"1";"37"
"CHUQUISACA";"TOMINA";"TOMINA";"PAMPAS ARRIBA";"RURAL";"51";"41";"92";"4";"19";"9";"22";"0";"0"
"CHUQUISACA";"TOMINA";"SOPACHUY";"COMUNIDAD SAN JUAN DE ORCAS";"RURAL";"139";"128";"267";"18";"67";"29";"45";"2";"50"
"CHUQUISACA";"TOMINA";"ALCALÁ";"HOYADA CHICA";"RURAL";"35";"37";"72";"6";"12";"11";"17";"0";"0"
"CHUQUISACA";"HERNANDO SILES";"HUACARETA";"AÑIMBO";"RURAL";"90";"111";"201";"15";"52";"12";"31";"0";"0"
"CHUQUISACA";"NOR CINTI";"CAMARGO";"HUANCARANI";"RURAL";"93";"78";"171";"17";"31";"19";"39";"0";"0"
"CHUQUISACA";"NOR CINTI";"CAMARGO";"CUEVA PAMPA";"RURAL";"34";"33";"67";"4";"8";"7";"20";"0";"0"
"CHUQUISACA";"OROPEZA";"POROMA";"SAPSE";"RURAL";"40";"30";"70";"3";"13";"17";"11";"0";"0"
"CHUQUISACA";"NOR CINTI";"SAN LUCAS";"SIVINGA MAYU";"RURAL";"23";"29";"52";"3";"12";"1";"13";"0";"0"
"CHUQUISACA";"NOR CINTI";"SAN LUCAS";"CHAUPI COCHA";"RURAL";"65";"74";"139";"12";"22";"13";"50";"1";"7"
"CHUQUISACA";"NOR CINTI";"SAN LUCAS";"EL TERADO";"RURAL";"73";"77";"150";"8";"32";"16";"22";"1";"19"
"CHUQUISACA";"NOR CINTI";"SAN LUCAS";"PAPACHACRA GRANDE";"RURAL";"50";"35";"85";"6";"23";"10";"13";"1";"8"
"CHUQUISACA";"NOR CINTI";"VILLA CHARCAS";"ARPAJA ALTA";"RURAL";"155";"198";"353";"28";"88";"50";"64";"1";"33"
"CHUQUISACA";"LUIS CALVO";"MACHARETÍ";"GUARI";"RURAL";"67";"42";"109";"7";"28";"11";"13";"1";"6"
"CHUQUISACA";"NOR CINTI";"CAMARGO";"VIDRIERA";"RURAL";"19";"14";"33";"1";"7";"1";"9";"0";"0"
"CHUQUISACA";"NOR CINTI";"CAMARGO";"VIVICHA";"RURAL";"90";"92";"182";"14";"53";"10";"30";"1";"105"
"CHUQUISACA";"NOR CINTI";"CAMARGO";"MUYUQUIRI";"RURAL";"52";"66";"118";"10";"29";"9";"11";"0";"0"
"CHUQUISACA";"NOR CINTI";"SAN LUCAS";"HUAYLLANI CHICO";"RURAL";"17";"15";"32";"1";"2";"4";"11";"0";"0"
"CHUQUISACA";"NOR CINTI";"SAN LUCAS";"THURU PAMPA";"RURAL";"63";"56";"119";"7";"25";"13";"30";"1";"9"
"CHUQUISACA";"BELISARIO BOETO";"VILLA SERRANO";"TEMPORAL GRANDE";"RURAL";"58";"45";"103";"6";"10";"9";"22";"1";"7"
"CHUQUISACA";"OROPEZA";"SUCRE";"CHULLPAS";"RURAL";"112";"112";"224";"15";"56";"22";"46";"0";"0"
"CHUQUISACA";"OROPEZA";"SUCRE";"COMUNIDAD MARACURY";"RURAL";"53";"66";"119";"14";"34";"11";"9";"0";"0"
"CHUQUISACA";"OROPEZA";"YOTALA";"MOLLE MOLLE";"RURAL";"105";"113";"218";"19";"44";"30";"38";"0";"0"
"CHUQUISACA";"OROPEZA";"YOTALA";"TAMBO AQHACHILLA";"RURAL";"64";"78";"142";"13";"30";"13";"24";"0";"0"
"CHUQUISACA";"OROPEZA";"POROMA";"COMUNIDAD ORIGINARIA DE QUITARJE";"RURAL";"32";"27";"59";"5";"19";"10";"5";"0";"0"
"CHUQUISACA";"OROPEZA";"POROMA";"COMUNIDAD SICCHA ALTA";"RURAL";"69";"78";"147";"16";"49";"13";"13";"0";"0"
"CHUQUISACA";"AZURDUY";"TARVITA";"HUACHACA";"RURAL";"127";"129";"256";"20";"58";"35";"54";"1";"23"
"CHUQUISACA";"SUD CINTI";"CULPINA";"COMUNIDAD CHILLAGUAYO";"RURAL";"61";"51";"112";"14";"39";"12";"12";"1";"13"
"CHUQUISACA";"SUD CINTI";"CULPINA";"COMUNIDAD LOMAY CANTU CHICO";"RURAL";"10";"7";"17";"0";"4";"0";"4";"0";"0"
"CHUQUISACA";"SUD CINTI";"CULPINA";"COMUNIDAD PUCALAJA";"RURAL";"60";"61";"121";"15";"32";"11";"17";"1";"18"
"CHUQUISACA";"SUD CINTI";"LAS CARRERAS";"MONTE SANDOVAL";"RURAL";"193";"189";"382";"27";"85";"49";"60";"1";"41"
"CHUQUISACA";"LUIS CALVO";"MACHARETÍ";"TIGUIPA PUEBLO";"RURAL";"49";"40";"89";"4";"23";"3";"12";"0";"0"
"CHUQUISACA";"BELISARIO BOETO";"VILLA SERRANO";"ZAMORA";"RURAL";"12";"15";"27";"2";"3";"0";"12";"0";"0"
"CHUQUISACA";"SUD CINTI";"CULPINA";"SAJLINA";"RURAL";"224";"240";"464";"34";"125";"47";"74";"0";"0"
"CHUQUISACA";"AZURDUY";"TARVITA";"PUCA MAYU";"RURAL";"88";"73";"161";"15";"31";"20";"41";"0";"0"
"CHUQUISACA";"ZUDÁÑEZ";"ZUDÁÑEZ";"ALISO MAYU";"RURAL";"95";"94";"189";"24";"49";"32";"16";"1";"10"
"CHUQUISACA";"ZUDÁÑEZ";"ICLA";"JARQUITAYOJ";"RURAL";"31";"34";"65";"3";"12";"6";"11";"0";"0"
"CHUQUISACA";"HERNANDO SILES";"MONTEAGUDO";"CACHIMAYU";"RURAL";"61";"65";"126";"9";"26";"10";"16";"1";"5"
"CHUQUISACA";"HERNANDO SILES";"HUACARETA";"TOTORENDA LA MONTAÑA";"RURAL";"76";"76";"152";"18";"39";"11";"24";"1";"20"
"CHUQUISACA";"YAMPARÁEZ";"YAMPARÁEZ";"CANCHA PAMPA";"RURAL";"28";"35";"63";"9";"17";"9";"10";"0";"0"
"CHUQUISACA";"NOR CINTI";"CAMARGO";"PATAPAMPA";"RURAL";"160";"163";"323";"27";"105";"32";"21";"0";"0"
"CHUQUISACA";"NOR CINTI";"CAMARGO";"SASTREYOC";"RURAL";"30";"28";"58";"1";"16";"4";"15";"1";"10"
"CHUQUISACA";"OROPEZA";"SUCRE";"SOTANI";"RURAL";"7";"3";"10";"0";"1";"0";"5";"0";"0"
"CHUQUISACA";"TOMINA";"ALCALÁ";"HUASA PAMPA";"RURAL";"85";"73";"158";"9";"30";"20";"26";"1";"6"
"CHUQUISACA";"TOMINA";"EL VILLAR";"CALDERA ARRIBA";"RURAL";"53";"59";"112";"8";"26";"13";"8";"0";"0"
"CHUQUISACA";"HERNANDO SILES";"MONTEAGUDO";"CRUCE PIRAYMIRI";"RURAL";"130";"129";"259";"17";"71";"19";"43";"0";"0"
"CHUQUISACA";"YAMPARÁEZ";"TARABUCO";"QUISCOLI SAN JOAQUIN";"RURAL";"20";"16";"36";"1";"8";"8";"9";"0";"0"
"CHUQUISACA";"OROPEZA";"SUCRE";"COMUNIDAD C.O. LECOPAYA";"RURAL";"101";"93";"194";"8";"32";"16";"59";"0";"0"
"CHUQUISACA";"OROPEZA";"SUCRE";"PERAS PAMPA";"RURAL";"5";"9";"14";"0";"0";"1";"3";"0";"0"
"CHUQUISACA";"OROPEZA";"SUCRE";"SOICO B";"RURAL";"16";"14";"30";"3";"11";"3";"0";"0";"0"
"CHUQUISACA";"OROPEZA";"SUCRE";"BELLA VISTA";"RURAL";"41";"37";"78";"2";"28";"5";"14";"1";"5"
"CHUQUISACA";"OROPEZA";"SUCRE";"TOKIO";"RURAL";"175";"201";"376";"40";"138";"39";"15";"0";"0"
"CHUQUISACA";"OROPEZA";"POROMA";"COMUNIDAD LA MENDOZA";"RURAL";"55";"54";"109";"8";"22";"12";"24";"0";"0"
"CHUQUISACA";"NOR CINTI";"VILLA CHARCAS";"SAN ANTONIO";"RURAL";"49";"49";"98";"8";"30";"12";"7";"0";"0"
"CHUQUISACA";"BELISARIO BOETO";"VILLA SERRANO";"PEÑA BLANCA";"RURAL";"40";"35";"75";"3";"20";"6";"20";"0";"0"
"CHUQUISACA";"SUD CINTI";"VILLA ABECIA";"VILLA ABECIA";"RURAL";"49";"58";"107";"3";"20";"15";"21";"0";"0"
"CHUQUISACA";"OROPEZA";"POROMA";"LA PALCA";"RURAL";"65";"57";"122";"6";"39";"5";"24";"1";"7"
"CHUQUISACA";"AZURDUY";"AZURDUY";"POMABAMBILLO";"RURAL";"45";"35";"80";"2";"21";"6";"18";"1";"7"
"CHUQUISACA";"AZURDUY";"AZURDUY";"VILLA ESPERANZA";"RURAL";"32";"36";"68";"6";"20";"7";"8";"1";"5"
"CHUQUISACA";"ZUDÁÑEZ";"PRESTO";"PRESTO";"URBANO";"1091";"1129";"2220";"188";"547";"254";"301";"2";"442"
"CHUQUISACA";"ZUDÁÑEZ";"PRESTO";"ROSAS PAMPA";"RURAL";"111";"92";"203";"6";"36";"27";"49";"0";"0"
"CHUQUISACA";"TOMINA";"PADILLA";"PUNILLA";"RURAL";"31";"36";"67";"3";"14";"4";"17";"1";"12"
"CHUQUISACA";"TOMINA";"TOMINA";"OLOPO";"RURAL";"78";"71";"149";"17";"25";"28";"21";"0";"0"
"CHUQUISACA";"NOR CINTI";"SAN LUCAS";"KELLU KELLU";"RURAL";"55";"47";"102";"7";"24";"13";"23";"1";"6"
"CHUQUISACA";"NOR CINTI";"SAN LUCAS";"PUNQUINA";"RURAL";"22";"29";"51";"4";"9";"0";"12";"0";"0"
"CHUQUISACA";"NOR CINTI";"SAN LUCAS";"PUTUTUTACA SAN JUAN";"RURAL";"76";"69";"145";"11";"37";"14";"31";"0";"0"
"CHUQUISACA";"SUD CINTI";"CULPINA";"COMUNIDAD DOMINGAS";"RURAL";"71";"75";"146";"19";"48";"13";"15";"1";"39"
"CHUQUISACA";"SUD CINTI";"LAS CARRERAS";"LA TORRE";"RURAL";"42";"43";"85";"4";"16";"11";"19";"0";"0"
"CHUQUISACA";"LUIS CALVO";"VILLA VACA GUZMÁN";"ITAPOCHI";"RURAL";"88";"63";"151";"15";"40";"19";"6";"1";"5"
"CHUQUISACA";"OROPEZA";"SUCRE";"THULLMA";"RURAL";"24";"15";"39";"2";"3";"1";"8";"0";"0"
"CHUQUISACA";"OROPEZA";"SUCRE";"TINI";"RURAL";"13";"8";"21";"1";"3";"2";"11";"0";"0"
"CHUQUISACA";"OROPEZA";"SUCRE";"VALLE ALTO";"RURAL";"42";"40";"82";"8";"29";"11";"4";"0";"0"
"CHUQUISACA";"NOR CINTI";"SAN LUCAS";"QIRURI";"RURAL";"33";"38";"71";"9";"27";"4";"12";"1";"15"
"CHUQUISACA";"TOMINA";"SOPACHUY";"COMUNIDAD SILVA";"RURAL";"97";"92";"189";"13";"42";"28";"33";"0";"0"
"CHUQUISACA";"TOMINA";"EL VILLAR";"ALTO EL DORADO";"RURAL";"42";"29";"71";"8";"8";"7";"9";"0";"0"
"CHUQUISACA";"TOMINA";"EL VILLAR";"CAÑAHUAYCO";"RURAL";"83";"82";"165";"9";"36";"18";"21";"0";"0"
"CHUQUISACA";"HERNANDO SILES";"HUACARETA";"PILCOMAYO";"RURAL";"25";"23";"48";"5";"11";"2";"3";"2";"13"
"CHUQUISACA";"NOR CINTI";"SAN LUCAS";"SAN PEDRO";"RURAL";"60";"77";"137";"9";"44";"10";"26";"1";"24"
"CHUQUISACA";"NOR CINTI";"INCAHUASI";"CHILLAJARA";"RURAL";"102";"78";"180";"11";"54";"37";"10";"0";"0"
"CHUQUISACA";"NOR CINTI";"VILLA CHARCAS";"HUANCARANI CENTRO";"RURAL";"104";"97";"201";"16";"46";"28";"31";"0";"0"
"CHUQUISACA";"NOR CINTI";"VILLA CHARCAS";"QUIVINCHO";"RURAL";"29";"40";"69";"4";"22";"10";"11";"1";"5"
"CHUQUISACA";"OROPEZA";"SUCRE";"EL CHACO";"RURAL";"269";"290";"559";"31";"132";"58";"105";"0";"0"
"CHUQUISACA";"OROPEZA";"YOTALA";"SANTA ROSALIA";"RURAL";"6";"4";"10";"1";"2";"2";"2";"0";"0"
"CHUQUISACA";"ZUDÁÑEZ";"ZUDÁÑEZ";"COILOLO";"RURAL";"213";"187";"400";"32";"99";"51";"56";"1";"10"
"CHUQUISACA";"ZUDÁÑEZ";"MOJOCOYA";"YACAMBE";"RURAL";"133";"144";"277";"18";"73";"31";"33";"0";"0"
"CHUQUISACA";"ZUDÁÑEZ";"MOJOCOYA";"CHURICANA";"RURAL";"138";"104";"242";"19";"60";"29";"27";"0";"0"
"CHUQUISACA";"ZUDÁÑEZ";"MOJOCOYA";"SAN GERONIMO";"RURAL";"232";"233";"465";"42";"126";"73";"43";"0";"0"
"CHUQUISACA";"ZUDÁÑEZ";"ICLA";"KOLLPA PAMPA";"RURAL";"168";"199";"367";"21";"98";"54";"55";"1";"21"
"CHUQUISACA";"ZUDÁÑEZ";"ICLA";"MOLLE PAMPA";"RURAL";"0";"0";"0";"0";"0";"0";"0";"0";"0"
"CHUQUISACA";"YAMPARÁEZ";"TARABUCO";"HUMA HUALSO";"RURAL";"44";"36";"80";"4";"23";"5";"22";"1";"16"
"CHUQUISACA";"YAMPARÁEZ";"TARABUCO";"MISKHAMAYU";"RURAL";"36";"31";"67";"5";"12";"11";"11";"0";"0"
"CHUQUISACA";"YAMPARÁEZ";"TARABUCO";"MORADO CKASSA";"RURAL";"4";"1";"5";"0";"0";"0";"0";"0";"0"
"CHUQUISACA";"NOR CINTI";"CAMARGO";"QUIRUCILLAS";"RURAL";"31";"38";"69";"11";"16";"9";"4";"0";"0"
"CHUQUISACA";"SUD CINTI";"CULPINA";"COMUNIDAD TOTORA";"RURAL";"29";"39";"68";"4";"19";"9";"15";"0";"0"
"CHUQUISACA";"LUIS CALVO";"VILLA VACA GUZMÁN";"SUNCHUCAÑADA";"RURAL";"14";"13";"27";"2";"3";"1";"10";"0";"0"
"CHUQUISACA";"OROPEZA";"SUCRE";"POKUNCHI";"RURAL";"44";"37";"81";"7";"32";"6";"12";"0";"0"
"CHUQUISACA";"OROPEZA";"SUCRE";"SAN FRANCISCO DE QUIÑAL";"RURAL";"9";"6";"15";"2";"2";"3";"3";"0";"0"
"CHUQUISACA";"OROPEZA";"SUCRE";"TEJA HUASI";"RURAL";"4";"2";"6";"0";"0";"0";"3";"0";"0"
"CHUQUISACA";"OROPEZA";"SUCRE";"CHULLPAS";"RURAL";"8";"8";"16";"0";"3";"4";"6";"0";"0"
"CHUQUISACA";"OROPEZA";"YOTALA";"CARVAJAL";"RURAL";"10";"11";"21";"3";"4";"1";"9";"0";"0"
"CHUQUISACA";"ZUDÁÑEZ";"PRESTO";"COCA YAPITO";"RURAL";"20";"9";"29";"4";"8";"3";"3";"0";"0"
"CHUQUISACA";"ZUDÁÑEZ";"PRESTO";"SILLANI";"RURAL";"79";"69";"148";"27";"27";"26";"19";"1";"6"
"CHUQUISACA";"ZUDÁÑEZ";"MOJOCOYA";"LA POZA";"RURAL";"330";"328";"658";"53";"127";"84";"110";"1";"22"
"CHUQUISACA";"TOMINA";"TOMINA";"THURU MAYU";"RURAL";"204";"195";"399";"17";"104";"39";"77";"1";"27"
"CHUQUISACA";"TOMINA";"EL VILLAR";"KARACHIMAYU";"RURAL";"141";"153";"294";"35";"78";"31";"33";"1";"44"
"CHUQUISACA";"HERNANDO SILES";"MONTEAGUDO";"SAN PEDRO DEL ZAPALLAR";"RURAL";"93";"85";"178";"10";"31";"17";"37";"0";"0"
"CHUQUISACA";"HERNANDO SILES";"HUACARETA";"LA JUNTAS";"RURAL";"25";"19";"44";"5";"6";"2";"10";"1";"3"
"CHUQUISACA";"BELISARIO BOETO";"VILLA SERRANO";"KOYO ORKO";"RURAL";"8";"3";"11";"0";"1";"0";"2";"0";"0"
"CHUQUISACA";"LUIS CALVO";"HUACAYA (AUTONOMÍA GUARANÍ CHAQUEÑO DE HUACAYA)";"MBOYCOBO";"RURAL";"87";"69";"156";"12";"59";"18";"19";"1";"31"
"CHUQUISACA";"LUIS CALVO";"MACHARETÍ";"TATI";"RURAL";"104";"81";"185";"19";"43";"20";"23";"1";"29"
"CHUQUISACA";"OROPEZA";"POROMA";"COMUNIDAD LUJE";"RURAL";"107";"142";"249";"26";"74";"19";"42";"1";"88"
"CHUQUISACA";"OROPEZA";"POROMA";"COMUNIDAD MICHKHA PAMPA";"RURAL";"40";"35";"75";"7";"13";"8";"22";"0";"0"
"CHUQUISACA";"AZURDUY";"TARVITA";"PRIMERO DE MAYO";"RURAL";"11";"6";"17";"1";"7";"2";"4";"0";"0"
"CHUQUISACA";"AZURDUY";"TARVITA";"SAN ISIDRO";"RURAL";"175";"137";"312";"28";"76";"53";"44";"1";"25"
"CHUQUISACA";"ZUDÁÑEZ";"ZUDÁÑEZ";"CEREZAL";"RURAL";"56";"49";"105";"10";"25";"15";"7";"0";"0"
"CHUQUISACA";"ZUDÁÑEZ";"ZUDÁÑEZ";"MANDINGA";"RURAL";"208";"174";"382";"19";"88";"53";"56";"1";"17"
"CHUQUISACA";"ZUDÁÑEZ";"ZUDÁÑEZ";"TIPA TIPA";"RURAL";"157";"96";"253";"12";"37";"48";"31";"1";"7"
"CHUQUISACA";"ZUDÁÑEZ";"PRESTO";"PRESTO PORVENIR";"RURAL";"144";"136";"280";"25";"84";"28";"24";"0";"0"
"CHUQUISACA";"HERNANDO SILES";"HUACARETA";"SAN ANTONIO";"RURAL";"21";"14";"35";"5";"5";"5";"3";"0";"0"
"CHUQUISACA";"HERNANDO SILES";"HUACARETA";"SAN JOSE";"RURAL";"21";"20";"41";"2";"7";"2";"12";"0";"0"
"CHUQUISACA";"YAMPARÁEZ";"TARABUCO";"PUCA PUCA";"RURAL";"107";"108";"215";"18";"62";"20";"26";"0";"0"
"CHUQUISACA";"NOR CINTI";"CAMARGO";"CHUJLLAS";"RURAL";"5";"6";"11";"0";"0";"0";"3";"0";"0"
"CHUQUISACA";"NOR CINTI";"SAN LUCAS";"BELLA VISTA";"RURAL";"13";"13";"26";"0";"4";"0";"13";"0";"0"
"CHUQUISACA";"NOR CINTI";"SAN LUCAS";"CIVITA";"RURAL";"47";"73";"120";"11";"35";"13";"24";"1";"18"
"CHUQUISACA";"NOR CINTI";"SAN LUCAS";"HUAÑUMILLA";"RURAL";"91";"72";"163";"12";"47";"19";"29";"1";"108"
"CHUQUISACA";"NOR CINTI";"SAN LUCAS";"YAYOMA";"RURAL";"9";"8";"17";"1";"2";"0";"7";"1";"10"
"CHUQUISACA";"OROPEZA";"SUCRE";"ZAPATERA";"RURAL";"89";"85";"174";"5";"55";"20";"25";"0";"0"
"CHUQUISACA";"OROPEZA";"YOTALA";"JATUN ERA";"RURAL";"16";"20";"36";"5";"11";"4";"5";"0";"0"
"CHUQUISACA";"OROPEZA";"POROMA";"COMUNIDAD HUAÑOMA ALTA";"RURAL";"114";"113";"227";"19";"78";"26";"34";"1";"23"
"CHUQUISACA";"OROPEZA";"POROMA";"COMUNIDAD KOLCA";"RURAL";"52";"51";"103";"9";"26";"11";"18";"0";"0"
"CHUQUISACA";"AZURDUY";"TARVITA";"VALLE HERMOSO";"RURAL";"73";"74";"147";"8";"35";"22";"20";"0";"0"
"CHUQUISACA";"OROPEZA";"SUCRE";"KHOCHIS";"RURAL";"8";"11";"19";"1";"6";"2";"2";"0";"0"
"CHUQUISACA";"OROPEZA";"SUCRE";"SACRAMENTO";"RURAL";"41";"50";"91";"4";"21";"11";"16";"0";"0"
"CHUQUISACA";"NOR CINTI";"CAMARGO";"MALCASTACA";"RURAL";"118";"92";"210";"18";"45";"20";"21";"1";"8"
"CHUQUISACA";"NOR CINTI";"SAN LUCAS";"AJCHILLA";"RURAL";"58";"61";"119";"9";"34";"6";"24";"1";"9"
"CHUQUISACA";"NOR CINTI";"SAN LUCAS";"ESMERALDA";"RURAL";"82";"95";"177";"11";"41";"18";"29";"0";"0"
"CHUQUISACA";"ZUDÁÑEZ";"ZUDÁÑEZ";"TEJAS";"RURAL";"132";"104";"236";"19";"57";"37";"31";"0";"0"
"CHUQUISACA";"ZUDÁÑEZ";"PRESTO";"PASOPAYITA";"RURAL";"103";"87";"190";"18";"50";"39";"22";"1";"4"
"CHUQUISACA";"ZUDÁÑEZ";"MOJOCOYA";"CASA GRANDE";"RURAL";"2";"1";"3";"1";"0";"0";"0";"0";"0"
"CHUQUISACA";"TOMINA";"TOMINA";"GUERRA MAYU";"RURAL";"38";"32";"70";"7";"12";"3";"13";"1";"7"
"CHUQUISACA";"TOMINA";"SOPACHUY";"AMANCAYA";"RURAL";"134";"144";"278";"25";"80";"39";"23";"0";"0"
"CHUQUISACA";"HERNANDO SILES";"MONTEAGUDO";"CARABALLO";"RURAL";"67";"60";"127";"5";"31";"15";"10";"1";"6"
"CHUQUISACA";"HERNANDO SILES";"MONTEAGUDO";"CHAJRA PAMPA";"RURAL";"46";"31";"77";"5";"17";"7";"5";"1";"7"
"CHUQUISACA";"BELISARIO BOETO";"VILLA SERRANO";"VILLA SERRANO";"URBANO";"1727";"1739";"3466";"200";"785";"471";"617";"3";"914"
"CHUQUISACA";"BELISARIO BOETO";"VILLA SERRANO";"MENDOZA";"RURAL";"4";"5";"9";"0";"1";"0";"2";"0";"0"
"CHUQUISACA";"BELISARIO BOETO";"VILLA SERRANO";"WACA WASI";"RURAL";"63";"62";"125";"10";"29";"18";"18";"1";"18"
"CHUQUISACA";"SUD CINTI";"VILLA ABECIA";"HIGUERAYOC";"RURAL";"145";"148";"293";"13";"53";"27";"48";"1";"15"
"CHUQUISACA";"SUD CINTI";"CULPINA";"COMUNIDAD LA CUEVA";"RURAL";"122";"142";"264";"10";"69";"24";"87";"1";"51"
"CHUQUISACA";"SUD CINTI";"CULPINA";"COMUNIDAD PAMPARAYOC";"RURAL";"20";"30";"50";"1";"10";"5";"19";"0";"0"
"CHUQUISACA";"SUD CINTI";"LAS CARRERAS";"TACAPI";"RURAL";"49";"42";"91";"2";"20";"10";"19";"1";"2"
"CHUQUISACA";"NOR CINTI";"SAN LUCAS";"SOSCOLO PATAN";"RURAL";"25";"28";"53";"3";"13";"8";"18";"0";"0"
"CHUQUISACA";"NOR CINTI";"SAN LUCAS";"TORREGUANAYA";"RURAL";"72";"51";"123";"13";"39";"12";"23";"1";"21"
"CHUQUISACA";"AZURDUY";"AZURDUY";"MONTE GRANDE";"RURAL";"19";"18";"37";"5";"3";"5";"3";"0";"0"
"CHUQUISACA";"AZURDUY";"AZURDUY";"QUEWIÑA MAYU";"RURAL";"25";"26";"51";"0";"16";"6";"14";"0";"0"
"CHUQUISACA";"AZURDUY";"AZURDUY";"TABACAL";"RURAL";"144";"128";"272";"35";"86";"25";"42";"1";"25"
"CHUQUISACA";"AZURDUY";"AZURDUY";"WANCARANI";"RURAL";"79";"78";"157";"23";"39";"16";"27";"1";"18"
"CHUQUISACA";"HERNANDO SILES";"MONTEAGUDO";"CRUCE PIRAYMIRI";"RURAL";"61";"56";"117";"10";"16";"9";"30";"0";"0"
"CHUQUISACA";"HERNANDO SILES";"MONTEAGUDO";"EL RODEO";"RURAL";"99";"78";"177";"6";"42";"16";"22";"0";"0"
"CHUQUISACA";"HERNANDO SILES";"MONTEAGUDO";"SAN JUAN DEL PIRAI";"RURAL";"137";"126";"263";"25";"62";"10";"55";"0";"0"
"CHUQUISACA";"YAMPARÁEZ";"TARABUCO";"CAYAMBUCO";"RURAL";"13";"15";"28";"2";"7";"2";"9";"0";"0"
"CHUQUISACA";"YAMPARÁEZ";"TARABUCO";"MOROMARCA";"RURAL";"60";"55";"115";"7";"32";"10";"20";"1";"5"
"CHUQUISACA";"YAMPARÁEZ";"TARABUCO";"SAN ANTONIO DE TOCA";"RURAL";"49";"45";"94";"2";"14";"12";"35";"0";"0"
"CHUQUISACA";"NOR CINTI";"CAMARGO";"CUCHU CHAJRA";"RURAL";"10";"22";"32";"2";"8";"4";"5";"0";"0"
"CHUQUISACA";"LUIS CALVO";"VILLA VACA GUZMÁN";"LOS ANDES";"RURAL";"54";"38";"92";"6";"22";"7";"9";"0";"0"
"CHUQUISACA";"LUIS CALVO";"VILLA VACA GUZMÁN";"LOS SOTOS";"RURAL";"106";"114";"220";"31";"94";"28";"5";"0";"0"
"CHUQUISACA";"LUIS CALVO";"HUACAYA (AUTONOMÍA GUARANÍ CHAQUEÑO DE HUACAYA)";"GUIRAITATY";"RURAL";"41";"31";"72";"2";"18";"8";"10";"1";"2"
"CHUQUISACA";"LUIS CALVO";"HUACAYA (AUTONOMÍA GUARANÍ CHAQUEÑO DE HUACAYA)";"YEPERENDA";"RURAL";"61";"51";"112";"3";"33";"9";"21";"0";"0"
"CHUQUISACA";"NOR CINTI";"INCAHUASI";"HUAJLAYA";"RURAL";"311";"336";"647";"57";"197";"75";"87";"0";"0"
"CHUQUISACA";"NOR CINTI";"INCAHUASI";"SAN SEBASTIAN";"RURAL";"158";"138";"296";"14";"56";"38";"37";"0";"0"
"CHUQUISACA";"LUIS CALVO";"VILLA VACA GUZMÁN";"SIRAO PAMPA";"RURAL";"40";"19";"59";"5";"12";"5";"17";"0";"0"
"CHUQUISACA";"OROPEZA";"YOTALA";"SAN ISIDRO DE ANFAYA";"RURAL";"14";"8";"22";"0";"0";"3";"8";"0";"0"
"CHUQUISACA";"OROPEZA";"POROMA";"COMUNIDAD CAMPESINA ZANABRIA ALTA";"RURAL";"33";"44";"77";"4";"20";"2";"18";"0";"0"
"CHUQUISACA";"AZURDUY";"AZURDUY";"PUJYUNI";"RURAL";"68";"69";"137";"10";"50";"7";"23";"1";"39"
"CHUQUISACA";"TOMINA";"ALCALÁ";"UÑATI";"RURAL";"9";"11";"20";"1";"3";"2";"5";"0";"0"
"CHUQUISACA";"TOMINA";"EL VILLAR";"LA REVUELTA";"RURAL";"120";"116";"236";"15";"63";"22";"27";"0";"0"
"CHUQUISACA";"TOMINA";"EL VILLAR";"RODEITO";"RURAL";"186";"151";"337";"25";"62";"59";"36";"0";"0"
"CHUQUISACA";"HERNANDO SILES";"MONTEAGUDO";"MONTEAGUDO";"URBANO";"4737";"4806";"9543";"639";"2415";"1164";"962";"6";"2117"
"CHUQUISACA";"HERNANDO SILES";"HUACARETA";"ROSARIO DEL INGRE";"RURAL";"120";"118";"238";"18";"55";"10";"51";"0";"0"
"CHUQUISACA";"YAMPARÁEZ";"TARABUCO";"YOROMA SAN MIGUEL";"RURAL";"30";"34";"64";"3";"12";"5";"18";"0";"0"
"CHUQUISACA";"YAMPARÁEZ";"YAMPARÁEZ";"POTREROS";"RURAL";"40";"37";"77";"7";"12";"7";"15";"0";"0"
"CHUQUISACA";"NOR CINTI";"CAMARGO";"LA PLATEADA";"RURAL";"148";"142";"290";"28";"88";"31";"25";"0";"0"
"CHUQUISACA";"AZURDUY";"TARVITA";"CRUZ MAYU";"RURAL";"71";"65";"136";"14";"24";"10";"33";"1";"16"
"CHUQUISACA";"ZUDÁÑEZ";"ZUDÁÑEZ";"WACA HUASI";"RURAL";"373";"363";"736";"55";"230";"92";"72";"1";"44"
"CHUQUISACA";"TOMINA";"PADILLA";"EL CERRO";"RURAL";"17";"17";"34";"3";"4";"4";"9";"1";"4"
"CHUQUISACA";"NOR CINTI";"CAMARGO";"VIÑA VIEJA";"RURAL";"21";"9";"30";"0";"4";"4";"6";"0";"0"
"CHUQUISACA";"NOR CINTI";"SAN LUCAS";"QUIRPINI JATUN QUILLAJA";"RURAL";"120";"116";"236";"25";"64";"18";"44";"1";"28"
"CHUQUISACA";"NOR CINTI";"VILLA CHARCAS";"SAN ANTONIO";"RURAL";"203";"197";"400";"34";"122";"64";"25";"0";"0"
"CHUQUISACA";"BELISARIO BOETO";"VILLA SERRANO";"ACHIRAS";"RURAL";"38";"45";"83";"5";"18";"8";"22";"1";"4"
"CHUQUISACA";"SUD CINTI";"LAS CARRERAS";"LIME";"RURAL";"480";"481";"961";"97";"156";"111";"169";"0";"0"
"CHUQUISACA";"LUIS CALVO";"HUACAYA (AUTONOMÍA GUARANÍ CHAQUEÑO DE HUACAYA)";"INIAY";"RURAL";"57";"41";"98";"9";"31";"7";"11";"0";"0"
"CHUQUISACA";"OROPEZA";"POROMA";"COMUNIDAD SIJCHA BAJA";"RURAL";"63";"48";"111";"9";"20";"9";"20";"2";"22"
"CHUQUISACA";"NOR CINTI";"SAN LUCAS";"CINTEÑO TAMBO";"RURAL";"361";"369";"730";"60";"256";"94";"58";"0";"0"
"CHUQUISACA";"NOR CINTI";"INCAHUASI";"COMUNIDAD EL SAUSAL";"RURAL";"34";"39";"73";"5";"17";"8";"10";"0";"0"
"CHUQUISACA";"SUD CINTI";"CULPINA";"COMUNIDAD OROCOTE";"RURAL";"84";"82";"166";"9";"38";"23";"27";"2";"26"
"CHUQUISACA";"SUD CINTI";"LAS CARRERAS";"HUTURI";"RURAL";"28";"31";"59";"6";"14";"4";"14";"0";"0"
"CHUQUISACA";"LUIS CALVO";"VILLA VACA GUZMÁN";"LAS ABRAS";"RURAL";"13";"11";"24";"0";"5";"4";"5";"0";"0"
"CHUQUISACA";"LUIS CALVO";"VILLA VACA GUZMÁN";"LA TAPERA";"RURAL";"174";"181";"355";"19";"178";"16";"34";"0";"0"
"CHUQUISACA";"OROPEZA";"SUCRE";"COMUNIDAD C.C. SUNCHU PAMPA";"RURAL";"53";"60";"113";"14";"24";"13";"10";"0";"0"
"CHUQUISACA";"OROPEZA";"SUCRE";"COMUNIDAD IRUPAMPA";"RURAL";"68";"59";"127";"11";"30";"13";"24";"0";"0"
"CHUQUISACA";"OROPEZA";"SUCRE";"COMUNIDAD RUFFO";"RURAL";"50";"42";"92";"4";"18";"7";"14";"0";"0"
"CHUQUISACA";"OROPEZA";"SUCRE";"SOKOS PUJYU";"RURAL";"3";"1";"4";"0";"0";"2";"0";"0";"0"
"CHUQUISACA";"OROPEZA";"YOTALA";"MISCKA";"RURAL";"24";"31";"55";"5";"18";"6";"10";"1";"7"
"CHUQUISACA";"OROPEZA";"YOTALA";"VILLA VICTORIA";"RURAL";"1";"4";"5";"0";"0";"2";"0";"0";"0"
"CHUQUISACA";"OROPEZA";"POROMA";"COMUNIDAD ORIGINARIA PALAJLA BAJA";"RURAL";"64";"62";"126";"8";"31";"15";"31";"0";"0"
"CHUQUISACA";"HERNANDO SILES";"MONTEAGUDO";"SAN MIGUIEL DE LAS PAMPAS";"RURAL";"138";"120";"258";"15";"67";"17";"60";"1";"37"
"CHUQUISACA";"HERNANDO SILES";"HUACARETA";"YAGUARENDA";"RURAL";"48";"56";"104";"11";"37";"8";"11";"0";"0"
"CHUQUISACA";"YAMPARÁEZ";"TARABUCO";"THAAYAWACA";"RURAL";"83";"87";"170";"12";"56";"25";"22";"1";"27"
"CHUQUISACA";"NOR CINTI";"CAMARGO";"CACHUYO";"RURAL";"56";"70";"126";"9";"29";"13";"13";"1";"6"
"CHUQUISACA";"NOR CINTI";"CAMARGO";"TACOMAYO";"RURAL";"16";"17";"33";"3";"3";"2";"10";"0";"0"
"CHUQUISACA";"NOR CINTI";"SAN LUCAS";"CRUZ MAYU";"RURAL";"70";"65";"135";"9";"35";"13";"31";"1";"10"
"CHUQUISACA";"NOR CINTI";"SAN LUCAS";"KUMUNI";"RURAL";"35";"40";"75";"3";"12";"3";"23";"1";"7"
"CHUQUISACA";"NOR CINTI";"SAN LUCAS";"SIVINGA MAYU";"RURAL";"16";"17";"33";"1";"9";"2";"7";"0";"0"
"CHUQUISACA";"LUIS CALVO";"MACHARETÍ";"IVOKA";"RURAL";"24";"24";"48";"2";"10";"7";"6";"0";"0"
"CHUQUISACA";"OROPEZA";"POROMA";"COMUNIDAD VIRU VIRU";"RURAL";"127";"112";"239";"26";"74";"27";"34";"1";"56"
"CHUQUISACA";"AZURDUY";"AZURDUY";"MOLLE MOLLE";"RURAL";"141";"126";"267";"28";"91";"16";"46";"1";"62"
"CHUQUISACA";"AZURDUY";"AZURDUY";"RODEO CHICO";"RURAL";"155";"148";"303";"39";"94";"39";"40";"1";"108"
"CHUQUISACA";"AZURDUY";"AZURDUY";"SAN ANTONIO";"RURAL";"65";"45";"110";"4";"34";"6";"25";"1";"9"
"CHUQUISACA";"AZURDUY";"TARVITA";"MOLLENI";"RURAL";"108";"107";"215";"10";"44";"23";"45";"0";"0"
"CHUQUISACA";"TOMINA";"PADILLA";"COREY";"RURAL";"77";"78";"155";"14";"37";"13";"16";"1";"16"
"CHUQUISACA";"HERNANDO SILES";"MONTEAGUDO";"ITAPENTI";"RURAL";"74";"54";"128";"16";"31";"8";"20";"1";"14"
"CHUQUISACA";"LUIS CALVO";"MACHARETÍ";"ÑANCORAINZA";"RURAL";"13";"14";"27";"5";"7";"2";"2";"0";"0"
"CHUQUISACA";"OROPEZA";"SUCRE";"COMUNIDAD TEJA MAYU";"RURAL";"22";"18";"40";"2";"10";"3";"7";"0";"0"
"CHUQUISACA";"OROPEZA";"SUCRE";"HUANCA PAMPA";"RURAL";"11";"9";"20";"2";"3";"1";"4";"1";"5"
"CHUQUISACA";"OROPEZA";"SUCRE";"COMUNIDAD AMOTENGO";"RURAL";"49";"38";"87";"6";"21";"11";"21";"0";"0"
"CHUQUISACA";"OROPEZA";"SUCRE";"COMUNIDAD MAJADA";"RURAL";"39";"41";"80";"3";"20";"5";"25";"0";"0"
"CHUQUISACA";"OROPEZA";"YOTALA";"SALANCACHI";"RURAL";"29";"31";"60";"6";"17";"3";"5";"0";"0"
"CHUQUISACA";"OROPEZA";"YOTALA";"TIRQUIPATA";"RURAL";"44";"39";"83";"5";"28";"9";"8";"0";"0"
"CHUQUISACA";"OROPEZA";"POROMA";"COMUNIDAD THOLA PAMPA";"RURAL";"90";"101";"191";"13";"60";"18";"33";"1";"37"
"CHUQUISACA";"AZURDUY";"AZURDUY";"KOLLPA MAYU";"RURAL";"96";"100";"196";"28";"71";"20";"19";"1";"121"
"CHUQUISACA";"OROPEZA";"SUCRE";"KORI PUNCU";"RURAL";"47";"42";"89";"9";"26";"5";"17";"2";"615"
"CHUQUISACA";"OROPEZA";"SUCRE";"SUNCHU TAMBO";"RURAL";"75";"58";"133";"5";"42";"10";"14";"0";"0"
"CHUQUISACA";"OROPEZA";"YOTALA";"LA CALERA";"RURAL";"43";"41";"84";"4";"17";"5";"23";"0";"0"
"CHUQUISACA";"OROPEZA";"YOTALA";"CACHIMAYU";"RURAL";"124";"102";"226";"20";"45";"15";"40";"0";"0"
"CHUQUISACA";"OROPEZA";"YOTALA";"CANCHA PAMPA";"RURAL";"28";"25";"53";"2";"7";"8";"16";"0";"0"
"CHUQUISACA";"OROPEZA";"YOTALA";"CANTU ÑUCCHU";"RURAL";"0";"0";"0";"0";"0";"0";"0";"0";"0"
"CHUQUISACA";"HERNANDO SILES";"MONTEAGUDO";"INGAVI";"RURAL";"53";"45";"98";"8";"17";"9";"21";"0";"0"
"CHUQUISACA";"HERNANDO SILES";"HUACARETA";"DURAZNITO";"RURAL";"77";"60";"137";"15";"15";"6";"38";"0";"0"
"CHUQUISACA";"YAMPARÁEZ";"TARABUCO";"LABRAN QUICHANI";"RURAL";"12";"12";"24";"1";"14";"0";"3";"0";"0"
"CHUQUISACA";"YAMPARÁEZ";"TARABUCO";"PICILY";"RURAL";"121";"111";"232";"18";"60";"20";"45";"2";"107"
"CHUQUISACA";"YAMPARÁEZ";"YAMPARÁEZ";"MOLLE PUNKU";"RURAL";"125";"136";"261";"17";"81";"35";"36";"0";"0"
"CHUQUISACA";"NOR CINTI";"CAMARGO";"CAMARGO";"URBANO";"2561";"2840";"5401";"300";"1416";"554";"724";"7";"2117"
"CHUQUISACA";"NOR CINTI";"CAMARGO";"CHAVARRIA";"RURAL";"57";"68";"125";"14";"34";"17";"13";"1";"18"
"CHUQUISACA";"NOR CINTI";"CAMARGO";"SAN LUIS";"RURAL";"39";"41";"80";"0";"21";"7";"19";"1";"5"
"CHUQUISACA";"LUIS CALVO";"VILLA VACA GUZMÁN";"ÑAHERENDA";"RURAL";"38";"23";"61";"2";"14";"14";"11";"0";"0"
"CHUQUISACA";"LUIS CALVO";"VILLA VACA GUZMÁN";"SAPIRANGUIMIRI";"RURAL";"150";"130";"280";"19";"74";"26";"47";"1";"16"
"CHUQUISACA";"TOMINA";"PADILLA";"TRES POSAS";"RURAL";"24";"15";"39";"1";"10";"1";"11";"1";"3"
"CHUQUISACA";"TOMINA";"TOMINA";"POTREROS";"RURAL";"48";"42";"90";"9";"23";"12";"9";"0";"0"
"CHUQUISACA";"HERNANDO SILES";"MONTEAGUDO";"ALTO DIVISADERO";"RURAL";"70";"67";"137";"13";"28";"10";"29";"1";"46"
"CHUQUISACA";"HERNANDO SILES";"MONTEAGUDO";"EL BAÑADO";"RURAL";"49";"39";"88";"7";"20";"8";"13";"1";"4"
"CHUQUISACA";"NOR CINTI";"SAN LUCAS";"ANDAJAVA";"RURAL";"11";"17";"28";"1";"4";"3";"5";"0";"0"
"CHUQUISACA";"NOR CINTI";"SAN LUCAS";"URUCHINI";"RURAL";"90";"81";"171";"15";"25";"29";"23";"1";"6"
"CHUQUISACA";"NOR CINTI";"INCAHUASI";"SAN BENITO DE LAS CHAPEADAS";"RURAL";"0";"0";"0";"0";"0";"0";"0";"0";"0"
"CHUQUISACA";"NOR CINTI";"INCAHUASI";"VALLE FLORIDO";"RURAL";"112";"103";"215";"10";"27";"21";"29";"0";"0"
"CHUQUISACA";"NOR CINTI";"VILLA CHARCAS";"MOLLINI";"RURAL";"190";"203";"393";"49";"134";"37";"47";"1";"129"
"CHUQUISACA";"SUD CINTI";"VILLA ABECIA";"LOS SOTOS";"RURAL";"134";"146";"280";"17";"68";"21";"48";"1";"25"
"CHUQUISACA";"SUD CINTI";"CULPINA";"COMUNIDAD YUQUINA";"RURAL";"226";"225";"451";"41";"94";"52";"97";"1";"45"
"CHUQUISACA";"LUIS CALVO";"MACHARETÍ";"IVO";"RURAL";"4";"3";"7";"0";"0";"1";"3";"0";"0"
"CHUQUISACA";"LUIS CALVO";"MACHARETÍ";"SAN MARCOS";"RURAL";"14";"11";"25";"1";"6";"2";"6";"0";"0"
"CHUQUISACA";"OROPEZA";"SUCRE";"COMUNIDAD KHUSILLO";"RURAL";"79";"69";"148";"7";"23";"5";"42";"0";"0"
"CHUQUISACA";"OROPEZA";"SUCRE";"COMUNIDAD ORIGINARIA SAN PEDRO";"RURAL";"36";"28";"64";"2";"11";"4";"14";"0";"0"
"CHUQUISACA";"OROPEZA";"SUCRE";"TAPIAL";"RURAL";"50";"38";"88";"4";"21";"14";"12";"0";"0"
"CHUQUISACA";"HERNANDO SILES";"MONTEAGUDO";"BARTOLO";"RURAL";"72";"54";"126";"8";"32";"7";"18";"1";"8"
"CHUQUISACA";"HERNANDO SILES";"MONTEAGUDO";"POTREROS";"RURAL";"22";"18";"40";"4";"7";"2";"10";"1";"2"
"CHUQUISACA";"OROPEZA";"SUCRE";"GUERRA LOMA";"RURAL";"21";"29";"50";"5";"14";"8";"1";"0";"0"
"CHUQUISACA";"OROPEZA";"YOTALA";"TIPAKA";"RURAL";"61";"48";"109";"6";"10";"13";"38";"0";"0"
"CHUQUISACA";"ZUDÁÑEZ";"ZUDÁÑEZ";"TRANCA MAYU";"RURAL";"108";"87";"195";"13";"54";"28";"19";"1";"12"
"CHUQUISACA";"ZUDÁÑEZ";"PRESTO";"SAN LUCAS DE UÑUCURI";"RURAL";"48";"34";"82";"10";"19";"10";"11";"1";"3"
"CHUQUISACA";"ZUDÁÑEZ";"PRESTO";"WAYRA Q'ASA";"RURAL";"41";"45";"86";"15";"29";"7";"3";"0";"0"
"CHUQUISACA";"TOMINA";"PADILLA";"CAMPO REDONDO";"RURAL";"81";"63";"144";"4";"25";"13";"39";"1";"14"
"CHUQUISACA";"TOMINA";"PADILLA";"PEDERNAL";"RURAL";"52";"48";"100";"10";"20";"11";"17";"1";"14"
"CHUQUISACA";"TOMINA";"PADILLA";"PILI PILI ALTO";"RURAL";"22";"23";"45";"4";"9";"5";"3";"1";"12"
"CHUQUISACA";"YAMPARÁEZ";"YAMPARÁEZ";"SIRICHACA";"RURAL";"81";"79";"160";"13";"45";"16";"34";"1";"5"
"CHUQUISACA";"NOR CINTI";"CAMARGO";"LA FALDA";"RURAL";"19";"23";"42";"0";"15";"2";"12";"0";"0"
"CHUQUISACA";"NOR CINTI";"CAMARGO";"LA QUEMADA";"RURAL";"88";"84";"172";"11";"32";"15";"44";"1";"13"
"CHUQUISACA";"NOR CINTI";"CAMARGO";"HUACA CANCHA";"RURAL";"134";"116";"250";"25";"92";"25";"27";"0";"0"
"CHUQUISACA";"NOR CINTI";"INCAHUASI";"FRUCTOSO OLARTE";"RURAL";"0";"0";"0";"0";"0";"0";"0";"0";"0"
"CHUQUISACA";"NOR CINTI";"VILLA CHARCAS";"LLANQUISA";"RURAL";"87";"114";"201";"19";"71";"32";"21";"1";"8"
"CHUQUISACA";"BELISARIO BOETO";"VILLA SERRANO";"LAMPAZOS";"RURAL";"22";"20";"42";"7";"14";"7";"1";"0";"0"
"CHUQUISACA";"HERNANDO SILES";"MONTEAGUDO";"POZUELOS";"RURAL";"52";"35";"87";"2";"13";"12";"22";"1";"6"
"CHUQUISACA";"HERNANDO SILES";"MONTEAGUDO";"ROLDANA";"RURAL";"60";"52";"112";"12";"25";"16";"13";"0";"0"
"CHUQUISACA";"HERNANDO SILES";"HUACARETA";"ANGUAGUZU";"RURAL";"122";"106";"228";"31";"66";"35";"14";"1";"19"
"CHUQUISACA";"YAMPARÁEZ";"TARABUCO";"TAMBO ATAJO";"RURAL";"72";"58";"130";"8";"32";"4";"27";"1";"5"
"CHUQUISACA";"YAMPARÁEZ";"YAMPARÁEZ";"ESQUISMA";"RURAL";"49";"49";"98";"4";"20";"14";"20";"0";"0"
"CHUQUISACA";"YAMPARÁEZ";"YAMPARÁEZ";"LLOQUES";"RURAL";"64";"61";"125";"4";"22";"7";"38";"0";"0"
"CHUQUISACA";"SUD CINTI";"LAS CARRERAS";"LA TORRE";"RURAL";"87";"90";"177";"9";"33";"19";"37";"0";"0"
"CHUQUISACA";"LUIS CALVO";"VILLA VACA GUZMÁN";"TARTAGALITO";"RURAL";"33";"17";"50";"6";"12";"5";"7";"0";"0"
"CHUQUISACA";"LUIS CALVO";"MACHARETÍ";"MACHARETI";"RURAL";"77";"55";"132";"9";"37";"7";"19";"0";"0"
"CHUQUISACA";"SUD CINTI";"LAS CARRERAS";"SOCPORA";"RURAL";"79";"67";"146";"9";"17";"17";"28";"1";"7"
"CHUQUISACA";"LUIS CALVO";"VILLA VACA GUZMÁN";"TUNALITO";"RURAL";"39";"31";"70";"8";"12";"8";"18";"0";"0"
"CHUQUISACA";"NOR CINTI";"SAN LUCAS";"QHANAJA";"RURAL";"19";"18";"37";"2";"16";"2";"6";"1";"8"
"CHUQUISACA";"ZUDÁÑEZ";"MOJOCOYA";"LA CAÑADA";"RURAL";"121";"118";"239";"23";"62";"26";"26";"0";"0"
"CHUQUISACA";"ZUDÁÑEZ";"ICLA";"CANDELARIA";"RURAL";"172";"168";"340";"14";"59";"33";"72";"1";"75"
"CHUQUISACA";"TOMINA";"PADILLA";"PILIPILICITO";"RURAL";"22";"20";"42";"3";"11";"6";"2";"0";"0"
"CHUQUISACA";"OROPEZA";"SUCRE";"HORNOS";"RURAL";"34";"19";"53";"4";"7";"4";"11";"0";"0"
"CHUQUISACA";"OROPEZA";"SUCRE";"CHACARILLA MOSOJLLAJTA";"RURAL";"145";"141";"286";"21";"68";"31";"35";"0";"0"
"CHUQUISACA";"OROPEZA";"SUCRE";"TAMBO KASA";"RURAL";"29";"29";"58";"3";"15";"4";"10";"0";"0"
"CHUQUISACA";"OROPEZA";"POROMA";"COMUNIDAD AGUILA ORCKO";"RURAL";"34";"39";"73";"7";"23";"2";"16";"1";"9"
"CHUQUISACA";"OROPEZA";"POROMA";"COMUNIDAD MILLUNI";"RURAL";"65";"54";"119";"2";"24";"2";"33";"1";"5"
"CHUQUISACA";"NOR CINTI";"SAN LUCAS";"TORRE DE LINARES";"RURAL";"129";"129";"258";"24";"72";"34";"45";"1";"31"
"CHUQUISACA";"NOR CINTI";"INCAHUASI";"LAS POLLAS";"RURAL";"0";"0";"0";"0";"0";"0";"0";"0";"0"
"CHUQUISACA";"ZUDÁÑEZ";"ZUDÁÑEZ";"SAYANCHACA";"RURAL";"318";"200";"518";"24";"101";"75";"50";"1";"55"
"CHUQUISACA";"ZUDÁÑEZ";"ZUDÁÑEZ";"CEREZAL";"RURAL";"81";"77";"158";"11";"55";"28";"12";"0";"0"
"CHUQUISACA";"HERNANDO SILES";"HUACARETA";"YAERINBIA";"RURAL";"0";"0";"0";"0";"0";"0";"0";"0";"0"
"CHUQUISACA";"YAMPARÁEZ";"YAMPARÁEZ";"YAMPARAEZ";"RURAL";"2";"1";"3";"0";"1";"0";"2";"0";"0"
"CHUQUISACA";"NOR CINTI";"CAMARGO";"EL MOLINO";"RURAL";"38";"20";"58";"5";"12";"5";"8";"0";"0"
"CHUQUISACA";"NOR CINTI";"SAN LUCAS";"PULQUINA";"RURAL";"116";"120";"236";"22";"75";"35";"25";"1";"33"
"CHUQUISACA";"SUD CINTI";"CULPINA";"COMUNIDAD MARCAVI";"RURAL";"12";"15";"27";"1";"3";"3";"6";"1";"24"
"CHUQUISACA";"HERNANDO SILES";"HUACARETA";"PIRAYCITO";"RURAL";"65";"47";"112";"4";"23";"6";"23";"0";"0"
"CHUQUISACA";"YAMPARÁEZ";"TARABUCO";"CIENEGA";"RURAL";"46";"64";"110";"13";"32";"8";"11";"0";"0"
"CHUQUISACA";"OROPEZA";"SUCRE";"CHAUPI MOLINO";"RURAL";"22";"14";"36";"1";"9";"6";"5";"0";"0"
"CHUQUISACA";"OROPEZA";"SUCRE";"COMUNIDAD C.C. CARAVIRI";"RURAL";"59";"47";"106";"4";"29";"12";"14";"0";"0"
"CHUQUISACA";"OROPEZA";"SUCRE";"JUCHUY BARRANCA";"RURAL";"73";"74";"147";"20";"35";"16";"19";"0";"0"
"CHUQUISACA";"OROPEZA";"YOTALA";"CORTIJO";"RURAL";"194";"140";"334";"15";"124";"26";"42";"0";"0"
"CHUQUISACA";"OROPEZA";"POROMA";"BARRANCA ALTA";"RURAL";"10";"12";"22";"2";"4";"3";"1";"0";"0"
"CHUQUISACA";"OROPEZA";"POROMA";"COMUNIDAD ROMERAL";"RURAL";"78";"70";"148";"12";"34";"19";"22";"1";"16"
"CHUQUISACA";"BELISARIO BOETO";"VILLA SERRANO";"YUNGUILLAS";"RURAL";"37";"44";"81";"10";"29";"6";"9";"0";"0"
"CHUQUISACA";"YAMPARÁEZ";"YAMPARÁEZ";"CERCO PAMPA";"RURAL";"22";"13";"35";"2";"7";"3";"11";"0";"0"
"CHUQUISACA";"NOR CINTI";"CAMARGO";"ÑEQUETA";"RURAL";"134";"138";"272";"27";"62";"36";"30";"1";"18"
"CHUQUISACA";"AZURDUY";"TARVITA";"GRANISOS";"RURAL";"144";"160";"304";"32";"85";"35";"28";"1";"19"
"CHUQUISACA";"ZUDÁÑEZ";"ICLA";"CHURO";"RURAL";"38";"33";"71";"5";"21";"12";"15";"1";"4"
"CHUQUISACA";"ZUDÁÑEZ";"ICLA";"GUITARRANI";"RURAL";"143";"140";"283";"26";"92";"48";"26";"0";"0"
"CHUQUISACA";"TOMINA";"PADILLA";"PEÑA BLANCA";"RURAL";"11";"10";"21";"3";"5";"1";"4";"0";"0"
"CHUQUISACA";"TOMINA";"PADILLA";"SAN JOSE";"RURAL";"60";"43";"103";"9";"20";"6";"30";"0";"0"
"CHUQUISACA";"TOMINA";"TOMINA";"TABLAS";"RURAL";"55";"38";"93";"8";"12";"8";"21";"0";"0"
"CHUQUISACA";"TOMINA";"SOPACHUY";"COMUNIDAD CAVARRIA";"RURAL";"170";"149";"319";"34";"84";"41";"47";"0";"0"
"CHUQUISACA";"TOMINA";"EL VILLAR";"BARBECHOS";"RURAL";"136";"145";"281";"19";"63";"43";"40";"1";"15"
"CHUQUISACA";"NOR CINTI";"SAN LUCAS";"ORCOYO";"RURAL";"55";"57";"112";"10";"37";"14";"20";"1";"27"
"CHUQUISACA";"BELISARIO BOETO";"VILLA SERRANO";"BARBECHOS (POTREROS)";"RURAL";"54";"57";"111";"7";"18";"10";"29";"1";"6"
"CHUQUISACA";"BELISARIO BOETO";"VILLA SERRANO";"MENDOZA";"RURAL";"288";"289";"577";"37";"130";"44";"138";"0";"0"
"CHUQUISACA";"SUD CINTI";"VILLA ABECIA";"LA ABRA";"RURAL";"56";"56";"112";"5";"22";"12";"20";"1";"4"
"CHUQUISACA";"SUD CINTI";"CULPINA";"VILLA FLORES";"RURAL";"25";"40";"65";"7";"18";"5";"11";"0";"0"
"CHUQUISACA";"SUD CINTI";"CULPINA";"COMUNIDAD SAN FRANCISCO ALTO";"RURAL";"27";"28";"55";"9";"17";"10";"5";"0";"0"
"CHUQUISACA";"SUD CINTI";"CULPINA";"NOGALITOS";"RURAL";"8";"8";"16";"1";"4";"4";"0";"0";"0"
"CHUQUISACA";"LUIS CALVO";"VILLA VACA GUZMÁN";"SAPIRANGUI";"RURAL";"54";"37";"91";"4";"16";"7";"19";"0";"0"
"CHUQUISACA";"LUIS CALVO";"VILLA VACA GUZMÁN";"CHUYAYACU";"RURAL";"42";"35";"77";"5";"13";"6";"13";"0";"0"
"CHUQUISACA";"LUIS CALVO";"VILLA VACA GUZMÁN";"TAPERILLAS";"RURAL";"138";"105";"243";"18";"120";"21";"19";"1";"60"
"CHUQUISACA";"OROPEZA";"SUCRE";"AZARI BAJA";"RURAL";"32";"35";"67";"6";"10";"4";"11";"0";"0"
"CHUQUISACA";"OROPEZA";"SUCRE";"COMUNIDAD HAYQUILOMA";"RURAL";"60";"37";"97";"9";"24";"5";"19";"0";"0"
"CHUQUISACA";"TOMINA";"PADILLA";"SAN JULIAN BAJO";"RURAL";"76";"73";"149";"14";"44";"14";"18";"1";"18"
"CHUQUISACA";"TOMINA";"SOPACHUY";"COMUNIDAD SAN JOSE DE MATELILLA";"RURAL";"60";"35";"95";"2";"24";"6";"16";"0";"0"
"CHUQUISACA";"HERNANDO SILES";"MONTEAGUDO";"CHACO BAÑADO";"RURAL";"77";"55";"132";"8";"34";"12";"20";"1";"31"
"CHUQUISACA";"HERNANDO SILES";"HUACARETA";"VILLA HERMOSA";"RURAL";"78";"60";"138";"13";"43";"17";"13";"0";"0"
"CHUQUISACA";"YAMPARÁEZ";"TARABUCO";"ACHIA";"RURAL";"26";"34";"60";"3";"12";"3";"16";"0";"0"
"CHUQUISACA";"YAMPARÁEZ";"YAMPARÁEZ";"LAVADERO";"RURAL";"56";"60";"116";"12";"27";"15";"17";"0";"0"
"CHUQUISACA";"NOR CINTI";"CAMARGO";"PORVENIR";"RURAL";"127";"125";"252";"12";"85";"14";"43";"1";"48"
"CHUQUISACA";"NOR CINTI";"SAN LUCAS";"VILLA SAN CARMEN";"RURAL";"20";"21";"41";"1";"9";"4";"11";"0";"0"
"CHUQUISACA";"NOR CINTI";"INCAHUASI";"SAN LUIS";"RURAL";"208";"208";"416";"23";"60";"52";"55";"0";"0"
"CHUQUISACA";"BELISARIO BOETO";"VILLA SERRANO";"PEÑA BLANCA";"RURAL";"30";"28";"58";"3";"12";"5";"12";"0";"0"
"CHUQUISACA";"BELISARIO BOETO";"VILLA SERRANO";"PEDREGAL";"RURAL";"17";"12";"29";"1";"8";"1";"8";"0";"0"
"CHUQUISACA";"BELISARIO BOETO";"VILLA SERRANO";"JAHUE";"RURAL";"27";"33";"60";"9";"15";"9";"12";"0";"0"
"CHUQUISACA";"SUD CINTI";"CULPINA";"COMUNIDAD SALAMAYU - NOGALITOS";"RURAL";"60";"51";"111";"15";"34";"20";"8";"1";"20"
"CHUQUISACA";"LUIS CALVO";"VILLA VACA GUZMÁN";"CARAPARIRENDA";"RURAL";"155";"128";"283";"22";"133";"17";"25";"1";"14"
"CHUQUISACA";"OROPEZA";"SUCRE";"COMUNIDAD PUNILLA";"RURAL";"140";"129";"269";"17";"57";"19";"44";"1";"205"
"CHUQUISACA";"OROPEZA";"POROMA";"COMUNIDAD PALAJLA";"RURAL";"66";"61";"127";"12";"40";"19";"15";"1";"20"
"CHUQUISACA";"OROPEZA";"POROMA";"COMUNIDAD URUGUAYO ALTA";"RURAL";"24";"17";"41";"2";"11";"2";"10";"0";"0"
"CHUQUISACA";"NOR CINTI";"CAMARGO";"ROSARIO";"RURAL";"57";"65";"122";"8";"35";"8";"25";"0";"0"
"CHUQUISACA";"LUIS CALVO";"HUACAYA (AUTONOMÍA GUARANÍ CHAQUEÑO DE HUACAYA)";"IMBOCHI";"RURAL";"60";"53";"113";"11";"35";"14";"10";"1";"19"
"CHUQUISACA";"LUIS CALVO";"VILLA VACA GUZMÁN";"SAUCE MAYU";"RURAL";"55";"37";"92";"8";"12";"8";"25";"1";"7"
"CHUQUISACA";"OROPEZA";"SUCRE";"KULLKU TAMBO";"RURAL";"52";"30";"82";"4";"11";"5";"20";"1";"7"
"CHUQUISACA";"OROPEZA";"SUCRE";"SANTA CATALINA";"RURAL";"5";"7";"12";"0";"0";"0";"5";"0";"0"
"CHUQUISACA";"OROPEZA";"YOTALA";"CANTU ÑUCCHU";"RURAL";"48";"51";"99";"4";"18";"17";"27";"0";"0"
"CHUQUISACA";"OROPEZA";"SUCRE";"COMUNIDAD C.C. NIÑU MAYU";"RURAL";"31";"28";"59";"4";"18";"3";"9";"0";"0"
"CHUQUISACA";"OROPEZA";"SUCRE";"COMUNIDAD COLLPA CUCHU";"RURAL";"34";"30";"64";"1";"9";"5";"18";"0";"0"
"CHUQUISACA";"OROPEZA";"SUCRE";"COMUNIDAD TURQUYCHI";"RURAL";"56";"40";"96";"5";"22";"8";"20";"0";"0"
"CHUQUISACA";"YAMPARÁEZ";"TARABUCO";"PUNO";"RURAL";"44";"30";"74";"3";"17";"9";"21";"1";"11"
"CHUQUISACA";"OROPEZA";"YOTALA";"CARVAJAL";"RURAL";"31";"34";"65";"9";"15";"1";"17";"0";"0"
"CHUQUISACA";"OROPEZA";"YOTALA";"BAJO CAMPANARIO";"RURAL";"20";"26";"46";"2";"17";"5";"0";"0";"0"
"CHUQUISACA";"OROPEZA";"POROMA";"COMUNIDAD CAMPESINA YANANI";"RURAL";"170";"165";"335";"33";"110";"27";"60";"1";"30"
"CHUQUISACA";"OROPEZA";"POROMA";"COMUNIDAD KULLCU";"RURAL";"119";"87";"206";"17";"58";"22";"33";"1";"3"
"CHUQUISACA";"AZURDUY";"TARVITA";"CERRO GRANDE";"RURAL";"20";"15";"35";"4";"7";"6";"1";"0";"0"
"CHUQUISACA";"ZUDÁÑEZ";"ZUDÁÑEZ";"PUNILLA";"RURAL";"174";"182";"356";"22";"71";"63";"45";"1";"30"
"CHUQUISACA";"ZUDÁÑEZ";"ICLA";"RUDITAYOJ";"RURAL";"83";"75";"158";"19";"36";"25";"22";"1";"13"
"CHUQUISACA";"TOMINA";"PADILLA";"NARANJAL";"RURAL";"54";"46";"100";"11";"22";"7";"18";"1";"7"
"CHUQUISACA";"HERNANDO SILES";"MONTEAGUDO";"CERRILLOS";"RURAL";"90";"73";"163";"5";"43";"10";"27";"1";"15"
"CHUQUISACA";"HERNANDO SILES";"MONTEAGUDO";"DESPENZAS";"RURAL";"83";"62";"145";"10";"28";"12";"39";"1";"16"
"CHUQUISACA";"HERNANDO SILES";"HUACARETA";"IVAVIRANTI";"RURAL";"66";"82";"148";"14";"51";"14";"15";"0";"0"
"CHUQUISACA";"HERNANDO SILES";"HUACARETA";"YAIRE";"RURAL";"87";"72";"159";"18";"47";"13";"22";"1";"57"
"CHUQUISACA";"NOR CINTI";"INCAHUASI";"YATINA";"RURAL";"204";"221";"425";"34";"129";"51";"48";"1";"88"
"CHUQUISACA";"SUD CINTI";"CULPINA";"COMUNIDAD LARAMENDI";"RURAL";"120";"90";"210";"31";"59";"36";"20";"1";"42"
"CHUQUISACA";"AZURDUY";"TARVITA";"KATARI PAMPA";"RURAL";"123";"123";"246";"21";"61";"39";"39";"1";"8"
"CHUQUISACA";"YAMPARÁEZ";"YAMPARÁEZ";"CATANA";"RURAL";"90";"89";"179";"9";"34";"21";"38";"1";"4"
"CHUQUISACA";"NOR CINTI";"CAMARGO";"TABLA CRUZ";"RURAL";"80";"66";"146";"12";"45";"19";"14";"1";"8"
"CHUQUISACA";"NOR CINTI";"SAN LUCAS";"COLLPA MAYU";"RURAL";"45";"62";"107";"4";"33";"15";"18";"1";"36"
"CHUQUISACA";"NOR CINTI";"SAN LUCAS";"MOLLE PATA";"RURAL";"151";"150";"301";"37";"107";"35";"37";"1";"49"
"CHUQUISACA";"NOR CINTI";"INCAHUASI";"CHICHA PAMPA";"RURAL";"71";"66";"137";"6";"38";"14";"22";"1";"8"
"CHUQUISACA";"NOR CINTI";"INCAHUASI";"LA BANDA";"RURAL";"55";"50";"105";"14";"20";"8";"13";"0";"0"
"CHUQUISACA";"NOR CINTI";"INCAHUASI";"LOS ALAMOS";"RURAL";"300";"170";"470";"22";"71";"27";"75";"0";"0"
"CHUQUISACA";"SUD CINTI";"CULPINA";"COMUNIDAD TARUCA CANCHA";"RURAL";"61";"57";"118";"8";"45";"9";"13";"1";"18"
"CHUQUISACA";"SUD CINTI";"LAS CARRERAS";"PAMPA GRANDE";"RURAL";"17";"13";"30";"2";"10";"5";"3";"0";"0"
"CHUQUISACA";"LUIS CALVO";"VILLA VACA GUZMÁN";"ITAO";"RURAL";"49";"47";"96";"12";"24";"12";"9";"1";"43"
"CHUQUISACA";"LUIS CALVO";"VILLA VACA GUZMÁN";"IGUEMBE";"RURAL";"191";"144";"335";"16";"66";"31";"43";"1";"146"
"CHUQUISACA";"LUIS CALVO";"VILLA VACA GUZMÁN";"SIRAO MONTON";"RURAL";"12";"5";"17";"1";"3";"3";"1";"0";"0"
"CHUQUISACA";"OROPEZA";"SUCRE";"COMUNIDAD C.O. PICACHULO";"RURAL";"162";"164";"326";"20";"80";"32";"45";"0";"0"
"CHUQUISACA";"OROPEZA";"SUCRE";"KATALLA BAJA";"RURAL";"23";"16";"39";"3";"5";"4";"16";"0";"0"
"CHUQUISACA";"OROPEZA";"SUCRE";"OVEJERIAS";"RURAL";"33";"32";"65";"3";"16";"9";"15";"0";"0"
"CHUQUISACA";"OROPEZA";"YOTALA";"CHILLPA ÑUCCHU";"RURAL";"58";"55";"113";"5";"26";"13";"23";"1";"24"
"CHUQUISACA";"ZUDÁÑEZ";"MOJOCOYA";"LA ABRA";"RURAL";"78";"58";"136";"16";"40";"12";"16";"1";"21"
"CHUQUISACA";"YAMPARÁEZ";"YAMPARÁEZ";"CARAMA";"RURAL";"169";"172";"341";"22";"99";"37";"66";"1";"71"
"CHUQUISACA";"YAMPARÁEZ";"YAMPARÁEZ";"ERA PAMPA";"RURAL";"58";"53";"111";"13";"21";"6";"22";"0";"0"
"CHUQUISACA";"NOR CINTI";"CAMARGO";"CARUSLA";"RURAL";"82";"80";"162";"16";"40";"10";"25";"0";"0"
"CHUQUISACA";"LUIS CALVO";"VILLA VACA GUZMÁN";"ARRAYAN";"RURAL";"27";"20";"47";"1";"14";"3";"12";"0";"0"
"CHUQUISACA";"ZUDÁÑEZ";"ICLA";"TAYGATA";"RURAL";"57";"53";"110";"8";"30";"12";"18";"1";"7"
"CHUQUISACA";"TOMINA";"PADILLA";"CHUSEJ";"RURAL";"16";"12";"28";"2";"5";"8";"3";"0";"0"
"CHUQUISACA";"TOMINA";"TOMINA";"RODEO PORVENIR";"RURAL";"181";"180";"361";"13";"103";"41";"48";"0";"0"
"CHUQUISACA";"TOMINA";"SOPACHUY";"COMUNIDAD SAUCE MOLINO";"RURAL";"57";"49";"106";"5";"23";"13";"23";"0";"0"
"CHUQUISACA";"HERNANDO SILES";"MONTEAGUDO";"PUCAMAYU";"RURAL";"20";"13";"33";"1";"10";"1";"8";"0";"0"
"CHUQUISACA";"HERNANDO SILES";"MONTEAGUDO";"ROLDANA";"RURAL";"17";"15";"32";"2";"5";"0";"8";"0";"0"
"CHUQUISACA";"HERNANDO SILES";"HUACARETA";"IBOBE";"RURAL";"37";"17";"54";"3";"11";"4";"10";"0";"0"
"CHUQUISACA";"HERNANDO SILES";"HUACARETA";"YERENDA";"RURAL";"27";"18";"45";"7";"11";"5";"6";"0";"0"
"CHUQUISACA";"LUIS CALVO";"VILLA VACA GUZMÁN";"KARAPARI BAJO";"RURAL";"59";"43";"102";"10";"22";"15";"9";"0";"0"
"CHUQUISACA";"NOR CINTI";"CAMARGO";"HUACA CANCHA";"RURAL";"21";"19";"40";"3";"13";"1";"8";"0";"0"
"CHUQUISACA";"NOR CINTI";"CAMARGO";"MUYUQUIRI";"RURAL";"52";"48";"100";"5";"23";"14";"18";"0";"0"
"CHUQUISACA";"NOR CINTI";"SAN LUCAS";"SAN SALVADOR";"RURAL";"112";"105";"217";"24";"72";"30";"25";"1";"23"
"CHUQUISACA";"SUD CINTI";"CULPINA";"COMUNIDAD HUAJLITA";"RURAL";"119";"114";"233";"28";"76";"21";"32";"1";"77"
"CHUQUISACA";"SUD CINTI";"CULPINA";"COMUNIDAD PUEBLO BAJO";"RURAL";"115";"148";"263";"21";"69";"26";"43";"1";"16"
"CHUQUISACA";"ZUDÁÑEZ";"ICLA";"CANTAR GALLO";"RURAL";"119";"121";"240";"14";"75";"23";"49";"1";"21"
"CHUQUISACA";"TOMINA";"PADILLA";"YERBA BUENA";"RURAL";"48";"39";"87";"2";"12";"9";"13";"1";"4"
"CHUQUISACA";"TOMINA";"TOMINA";"FUERTE RUA";"RURAL";"263";"256";"519";"44";"150";"83";"63";"1";"54"
"CHUQUISACA";"TOMINA";"SOPACHUY";"PAMPAS PUNTA";"RURAL";"114";"129";"243";"18";"73";"37";"31";"0";"0"
"CHUQUISACA";"TOMINA";"ALCALÁ";"MOSOJ LLAJTA";"RURAL";"42";"30";"72";"5";"17";"7";"15";"1";"7"
"CHUQUISACA";"HERNANDO SILES";"HUACARETA";"IBOPERENDA";"RURAL";"61";"46";"107";"19";"25";"12";"11";"0";"0"
"CHUQUISACA";"YAMPARÁEZ";"TARABUCO";"EL CARMEN";"RURAL";"83";"86";"169";"10";"37";"24";"37";"1";"17"
"CHUQUISACA";"OROPEZA";"SUCRE";"COMUNIDAD SIJÑI PAMPA";"RURAL";"46";"32";"78";"6";"15";"10";"13";"0";"0"
"CHUQUISACA";"OROPEZA";"SUCRE";"HIGUERITAYUJ";"RURAL";"9";"7";"16";"0";"6";"1";"0";"0";"0"
"CHUQUISACA";"OROPEZA";"SUCRE";"MONTEROYUC";"RURAL";"14";"8";"22";"0";"1";"2";"6";"0";"0"
"CHUQUISACA";"OROPEZA";"SUCRE";"VIÑA PAMPA";"RURAL";"77";"65";"142";"8";"44";"20";"11";"0";"0"
"CHUQUISACA";"OROPEZA";"SUCRE";"KARA HUASI";"RURAL";"22";"20";"42";"2";"10";"7";"3";"0";"0"
"CHUQUISACA";"OROPEZA";"YOTALA";"TUERO CHICO";"RURAL";"88";"96";"184";"16";"36";"24";"27";"1";"6"
"CHUQUISACA";"OROPEZA";"POROMA";"COMUNIDAD PANGORASI";"RURAL";"97";"112";"209";"16";"64";"19";"43";"1";"25"
"CHUQUISACA";"AZURDUY";"TARVITA";"MOSOJ LLAJTA";"RURAL";"55";"39";"94";"4";"22";"21";"10";"0";"0"
"CHUQUISACA";"YAMPARÁEZ";"YAMPARÁEZ";"SAN JUAN";"RURAL";"125";"116";"241";"18";"49";"14";"67";"1";"54"
"CHUQUISACA";"NOR CINTI";"CAMARGO";"PALCA CHICA";"RURAL";"11";"10";"21";"0";"2";"0";"8";"0";"0"
"CHUQUISACA";"NOR CINTI";"SAN LUCAS";"COMUNIDAD MARCAVI";"RURAL";"32";"34";"66";"2";"13";"6";"16";"0";"0"
"CHUQUISACA";"NOR CINTI";"SAN LUCAS";"TRIGO KASA";"RURAL";"20";"15";"35";"0";"4";"2";"15";"0";"0"
"CHUQUISACA";"BELISARIO BOETO";"VILLA SERRANO";"CIENEGUILLAS";"RURAL";"23";"18";"41";"4";"6";"5";"10";"1";"4"
"CHUQUISACA";"LUIS CALVO";"VILLA VACA GUZMÁN";"ITAPEMBIA";"RURAL";"57";"49";"106";"18";"40";"15";"3";"0";"0"
"CHUQUISACA";"LUIS CALVO";"HUACAYA (AUTONOMÍA GUARANÍ CHAQUEÑO DE HUACAYA)";"CARURUTI";"RURAL";"16";"10";"26";"0";"6";"5";"5";"0";"0"
"CHUQUISACA";"LUIS CALVO";"MACHARETÍ";"LA VICTORIA";"RURAL";"21";"22";"43";"1";"14";"1";"11";"0";"0"
"CHUQUISACA";"LUIS CALVO";"VILLA VACA GUZMÁN";"ITIKIRENDA";"RURAL";"24";"21";"45";"1";"18";"6";"7";"0";"0"
"CHUQUISACA";"LUIS CALVO";"VILLA VACA GUZMÁN";"ITICUPE";"RURAL";"52";"53";"105";"7";"33";"7";"15";"0";"0"
"CHUQUISACA";"LUIS CALVO";"VILLA VACA GUZMÁN";"OVERA ALTA";"RURAL";"47";"52";"99";"4";"26";"13";"11";"0";"0"
"CHUQUISACA";"SUD CINTI";"LAS CARRERAS";"LAS CARRERAS";"RURAL";"409";"426";"835";"39";"188";"111";"127";"0";"0"
"CHUQUISACA";"SUD CINTI";"LAS CARRERAS";"TARAYA";"RURAL";"147";"118";"265";"14";"57";"39";"32";"1";"24"
"CHUQUISACA";"LUIS CALVO";"MACHARETÍ";"HACIENDA/FINCA/ESTANCIA";"RURAL";"26";"9";"35";"0";"2";"1";"4";"0";"0"
"CHUQUISACA";"OROPEZA";"SUCRE";"LA ANGOSTURA";"RURAL";"35";"32";"67";"5";"19";"7";"7";"0";"0"
"CHUQUISACA";"AZURDUY";"TARVITA";"SAN PEDRO";"RURAL";"416";"534";"950";"93";"257";"139";"109";"1";"260"
"CHUQUISACA";"NOR CINTI";"SAN LUCAS";"AVICHUCA";"RURAL";"31";"17";"48";"1";"11";"0";"8";"0";"0"
"CHUQUISACA";"NOR CINTI";"SAN LUCAS";"PUCA PAMPA";"RURAL";"49";"48";"97";"6";"33";"12";"19";"0";"0"
"CHUQUISACA";"NOR CINTI";"SAN LUCAS";"VILLA PAZ";"RURAL";"37";"38";"75";"3";"25";"5";"17";"1";"8"
"CHUQUISACA";"NOR CINTI";"INCAHUASI";"LAMPAZAR";"RURAL";"376";"413";"789";"82";"238";"86";"95";"1";"175"
"CHUQUISACA";"NOR CINTI";"VILLA CHARCAS";"HUASCOYA";"RURAL";"63";"60";"123";"17";"43";"16";"10";"0";"0"
"CHUQUISACA";"NOR CINTI";"VILLA CHARCAS";"VALLE FLORES";"RURAL";"83";"93";"176";"21";"53";"24";"20";"1";"20"
"CHUQUISACA";"BELISARIO BOETO";"VILLA SERRANO";"POZOS";"RURAL";"33";"30";"63";"5";"13";"6";"9";"1";"9"
"CHUQUISACA";"ZUDÁÑEZ";"MOJOCOYA";"TRIGO LOMA";"RURAL";"139";"114";"253";"22";"56";"18";"35";"0";"0"
"CHUQUISACA";"ZUDÁÑEZ";"MOJOCOYA";"YACAMBE";"RURAL";"116";"132";"248";"35";"47";"35";"35";"0";"0"
"CHUQUISACA";"TOMINA";"PADILLA";"MONTECANTO";"RURAL";"25";"12";"37";"3";"3";"2";"12";"0";"0"
"CHUQUISACA";"TOMINA";"TOMINA";"PUNA MAYU";"RURAL";"94";"71";"165";"12";"29";"19";"16";"1";"3"
"CHUQUISACA";"HERNANDO SILES";"MONTEAGUDO";"PEDERNAL";"RURAL";"119";"93";"212";"18";"45";"26";"39";"1";"77"
"CHUQUISACA";"YAMPARÁEZ";"TARABUCO";"COMUNIDAD JACOTA";"RURAL";"4";"3";"7";"0";"1";"0";"3";"0";"0"
"CHUQUISACA";"YAMPARÁEZ";"YAMPARÁEZ";"URA SAN JUAN";"RURAL";"32";"43";"75";"3";"10";"7";"23";"0";"0"
"CHUQUISACA";"NOR CINTI";"CAMARGO";"SAN JOSE";"RURAL";"22";"21";"43";"3";"7";"13";"6";"0";"0"
"CHUQUISACA";"YAMPARÁEZ";"TARABUCO";"VILLISTOCA";"RURAL";"21";"16";"37";"2";"6";"3";"18";"0";"0"
"CHUQUISACA";"YAMPARÁEZ";"YAMPARÁEZ";"ACHARANI";"RURAL";"8";"1";"9";"0";"3";"1";"1";"0";"0"
"CHUQUISACA";"YAMPARÁEZ";"YAMPARÁEZ";"MOLLE PUNKU";"RURAL";"56";"70";"126";"7";"28";"22";"22";"0";"0"
"CHUQUISACA";"NOR CINTI";"CAMARGO";"JATUN QUINRAY";"RURAL";"52";"54";"106";"8";"42";"7";"20";"0";"0"
"CHUQUISACA";"ZUDÁÑEZ";"PRESTO";"TOMOROCO";"RURAL";"512";"512";"1024";"69";"271";"131";"88";"0";"0"
"CHUQUISACA";"TOMINA";"PADILLA";"LAMPACILLOS";"RURAL";"70";"40";"110";"4";"16";"20";"22";"0";"0"
"CHUQUISACA";"TOMINA";"TOMINA";"CORSO";"RURAL";"143";"138";"281";"8";"62";"38";"44";"0";"0"
"CHUQUISACA";"TOMINA";"TOMINA";"RODEO PORVENIR";"RURAL";"68";"67";"135";"11";"28";"20";"26";"0";"0"
"CHUQUISACA";"TOMINA";"TOMINA";"TOMINA LA CHICA";"RURAL";"36";"26";"62";"2";"11";"7";"17";"0";"0"
"CHUQUISACA";"TOMINA";"ALCALÁ";"TIPAS";"RURAL";"114";"78";"192";"13";"36";"22";"32";"0";"0"
"CHUQUISACA";"HERNANDO SILES";"MONTEAGUDO";"BUENA VISTA";"RURAL";"52";"44";"96";"11";"22";"11";"11";"1";"10"
"CHUQUISACA";"HERNANDO SILES";"MONTEAGUDO";"VILLA FERNANDEZ";"RURAL";"67";"69";"136";"9";"28";"11";"23";"0";"0"
"CHUQUISACA";"LUIS CALVO";"VILLA VACA GUZMÁN";"CERRILLOS";"RURAL";"83";"47";"130";"6";"79";"11";"9";"0";"0"
"CHUQUISACA";"NOR CINTI";"CAMARGO";"SARCARCA";"RURAL";"30";"36";"66";"7";"12";"7";"16";"1";"13"
"CHUQUISACA";"OROPEZA";"SUCRE";"CANTU MOLINO";"RURAL";"64";"66";"130";"7";"29";"17";"19";"1";"21"
"CHUQUISACA";"OROPEZA";"SUCRE";"KORA KORA PAMPA HUASI";"RURAL";"3";"1";"4";"0";"2";"0";"0";"0";"0"
"CHUQUISACA";"AZURDUY";"AZURDUY";"RODEO GRANDE";"RURAL";"110";"116";"226";"22";"81";"22";"31";"0";"0"
"CHUQUISACA";"AZURDUY";"TARVITA";"RIO GRANDE";"RURAL";"90";"58";"148";"11";"22";"7";"24";"0";"0"
"CHUQUISACA";"NOR CINTI";"SAN LUCAS";"SAN JOSE DE TAMBO";"RURAL";"57";"48";"105";"3";"15";"9";"37";"1";"5"
"CHUQUISACA";"NOR CINTI";"INCAHUASI";"HUAJLAYA";"RURAL";"106";"134";"240";"22";"73";"26";"25";"0";"0"
"CHUQUISACA";"SUD CINTI";"VILLA ABECIA";"CHIRI";"RURAL";"111";"111";"222";"27";"60";"32";"23";"0";"0"
"CHUQUISACA";"SUD CINTI";"CULPINA";"LA BANDA";"RURAL";"374";"367";"741";"67";"171";"92";"136";"1";"68"
"CHUQUISACA";"LUIS CALVO";"VILLA VACA GUZMÁN";"COMARAPA";"RURAL";"15";"15";"30";"2";"4";"6";"6";"0";"0"
"CHUQUISACA";"LUIS CALVO";"VILLA VACA GUZMÁN";"CORIPOTY";"RURAL";"31";"28";"59";"4";"19";"4";"7";"0";"0"
"CHUQUISACA";"NOR CINTI";"CAMARGO";"TAIPINA";"RURAL";"37";"33";"70";"1";"6";"6";"18";"0";"0"
"CHUQUISACA";"NOR CINTI";"CAMARGO";"UTURUNGO";"RURAL";"97";"110";"207";"21";"35";"24";"19";"1";"20"
"CHUQUISACA";"NOR CINTI";"SAN LUCAS";"PASLA";"RURAL";"119";"137";"256";"22";"81";"15";"56";"1";"90"
"CHUQUISACA";"LUIS CALVO";"MACHARETÍ";"LA REPRESA";"RURAL";"20";"13";"33";"1";"7";"3";"6";"0";"0"
"CHUQUISACA";"OROPEZA";"SUCRE";"HUANIFAYA";"RURAL";"18";"4";"22";"0";"0";"2";"4";"0";"0"
"CHUQUISACA";"TOMINA";"PADILLA";"PAMPAS SAN ISIDRO";"RURAL";"24";"27";"51";"3";"13";"4";"10";"0";"0"
"CHUQUISACA";"TOMINA";"PADILLA";"VIRQUI PAMPA";"RURAL";"21";"15";"36";"2";"0";"2";"9";"0";"0"
"CHUQUISACA";"TOMINA";"EL VILLAR";"LAGUNILLAS";"RURAL";"135";"132";"267";"22";"61";"22";"39";"1";"6"
"CHUQUISACA";"OROPEZA";"SUCRE";"ARABATE";"RURAL";"76";"70";"146";"11";"29";"15";"26";"1";"4"
"CHUQUISACA";"OROPEZA";"SUCRE";"CHAUPI LLINFI";"RURAL";"2";"2";"4";"0";"0";"0";"0";"0";"0"
"CHUQUISACA";"OROPEZA";"SUCRE";"AZARI BAJA";"RURAL";"17";"22";"39";"3";"11";"3";"7";"0";"0"
"CHUQUISACA";"HERNANDO SILES";"HUACARETA";"PINCAL";"RURAL";"51";"36";"87";"6";"4";"6";"22";"0";"0"
"CHUQUISACA";"HERNANDO SILES";"HUACARETA";"SARARENDA";"RURAL";"29";"27";"56";"4";"16";"2";"12";"0";"0"
"CHUQUISACA";"YAMPARÁEZ";"TARABUCO";"CIENEGA";"RURAL";"97";"107";"204";"14";"53";"33";"27";"0";"0"
"CHUQUISACA";"YAMPARÁEZ";"TARABUCO";"SURIMA CHICA";"RURAL";"87";"93";"180";"9";"36";"30";"49";"0";"0"
"CHUQUISACA";"NOR CINTI";"CAMARGO";"ORNOMAYO";"RURAL";"0";"0";"0";"0";"0";"0";"0";"0";"0"
"CHUQUISACA";"OROPEZA";"SUCRE";"DURAZNILLO";"RURAL";"34";"26";"60";"0";"4";"1";"20";"0";"0"
"CHUQUISACA";"NOR CINTI";"CAMARGO";"SAN PEDRO";"RURAL";"59";"64";"123";"6";"22";"5";"36";"1";"7"
"CHUQUISACA";"NOR CINTI";"SAN LUCAS";"CHUNCHO";"RURAL";"209";"213";"422";"61";"159";"27";"56";"1";"132"
"CHUQUISACA";"NOR CINTI";"SAN LUCAS";"SACA PAMPA";"RURAL";"49";"56";"105";"5";"29";"5";"19";"0";"0"
"CHUQUISACA";"NOR CINTI";"SAN LUCAS";"CHIÑIMAYU";"RURAL";"190";"210";"400";"30";"118";"51";"46";"0";"0"
"CHUQUISACA";"NOR CINTI";"INCAHUASI";"TANGOYA";"RURAL";"59";"58";"117";"14";"42";"19";"6";"1";"20"
"CHUQUISACA";"NOR CINTI";"VILLA CHARCAS";"PUCA UNO";"RURAL";"37";"32";"69";"3";"16";"6";"11";"0";"0"
"CHUQUISACA";"LUIS CALVO";"HUACAYA (AUTONOMÍA GUARANÍ CHAQUEÑO DE HUACAYA)";"CARUMPA";"RURAL";"5";"4";"9";"2";"0";"1";"2";"0";"0"
"CHUQUISACA";"OROPEZA";"SUCRE";"VILLA MONTE PAMPA";"RURAL";"27";"42";"69";"2";"8";"5";"15";"1";"15"
"CHUQUISACA";"OROPEZA";"YOTALA";"TINTEROS";"RURAL";"72";"58";"130";"10";"25";"11";"28";"0";"0"
"CHUQUISACA";"OROPEZA";"POROMA";"COMUNIDAD KASPICANCHA";"RURAL";"39";"44";"83";"5";"28";"9";"10";"1";"16"
"CHUQUISACA";"OROPEZA";"POROMA";"COMUNIDAD LA PALCA";"RURAL";"107";"90";"197";"16";"50";"32";"23";"1";"33"
"CHUQUISACA";"ZUDÁÑEZ";"PRESTO";"COCHA PAMPA";"RURAL";"41";"25";"66";"2";"13";"16";"5";"0";"0"
"CHUQUISACA";"ZUDÁÑEZ";"PRESTO";"PRESTO PORVENIR";"RURAL";"72";"68";"140";"8";"47";"9";"23";"0";"0"
"CHUQUISACA";"OROPEZA";"SUCRE";"CHAUPI KATALLA";"RURAL";"83";"77";"160";"10";"44";"8";"26";"0";"0"
"CHUQUISACA";"OROPEZA";"SUCRE";"COLLPANA";"RURAL";"24";"17";"41";"1";"6";"3";"10";"0";"0"
"CHUQUISACA";"OROPEZA";"SUCRE";"COMUNIDAD C.O. CHULCHUTA";"RURAL";"68";"67";"135";"5";"32";"19";"16";"0";"0"
"CHUQUISACA";"OROPEZA";"SUCRE";"COMUNIDAD C.O. TALULA";"RURAL";"94";"78";"172";"12";"61";"15";"18";"2";"49"
"CHUQUISACA";"OROPEZA";"SUCRE";"GUAYABITAYUJ";"RURAL";"33";"31";"64";"6";"19";"6";"6";"0";"0"
"CHUQUISACA";"OROPEZA";"SUCRE";"LAGUNILLAS";"RURAL";"1";"1";"2";"0";"1";"0";"0";"0";"0"
"CHUQUISACA";"TOMINA";"TOMINA";"POTREROS";"RURAL";"94";"83";"177";"18";"45";"24";"22";"0";"0"
"CHUQUISACA";"TOMINA";"SOPACHUY";"COMUNIDAD SAN BLAS ALTO";"RURAL";"66";"70";"136";"10";"32";"16";"10";"1";"16"
"CHUQUISACA";"HERNANDO SILES";"MONTEAGUDO";"ALTO VALLENUEVO";"RURAL";"51";"38";"89";"6";"13";"6";"20";"0";"0"
"CHUQUISACA";"HERNANDO SILES";"MONTEAGUDO";"PORONGOS";"RURAL";"46";"38";"84";"4";"22";"9";"6";"0";"0"
"CHUQUISACA";"YAMPARÁEZ";"TARABUCO";"PALAMANA";"RURAL";"11";"17";"28";"1";"3";"7";"7";"0";"0"
"CHUQUISACA";"YAMPARÁEZ";"YAMPARÁEZ";"PULQUI AVAROA";"RURAL";"80";"84";"164";"5";"31";"18";"53";"0";"0"
"CHUQUISACA";"YAMPARÁEZ";"YAMPARÁEZ";"PATA LLACTA";"RURAL";"99";"76";"175";"8";"42";"18";"41";"1";"78"
"CHUQUISACA";"NOR CINTI";"CAMARGO";"CHAQUERI";"RURAL";"66";"64";"130";"4";"24";"18";"25";"1";"21"
"CHUQUISACA";"OROPEZA";"POROMA";"COMUNIDAD KELLU KELLU";"RURAL";"69";"72";"141";"19";"34";"20";"18";"0";"0"
"CHUQUISACA";"ZUDÁÑEZ";"ZUDÁÑEZ";"SAN ANTONIO";"RURAL";"150";"154";"304";"17";"73";"42";"45";"0";"0"
"CHUQUISACA";"ZUDÁÑEZ";"ZUDÁÑEZ";"SUNCHU PAMPA";"RURAL";"184";"177";"361";"21";"86";"45";"55";"1";"18"
"CHUQUISACA";"ZUDÁÑEZ";"ZUDÁÑEZ";"SUNDUR HUASI";"RURAL";"361";"322";"683";"28";"146";"89";"93";"1";"27"
"CHUQUISACA";"ZUDÁÑEZ";"MOJOCOYA";"THAQO PUJYU";"RURAL";"36";"43";"79";"3";"19";"11";"7";"0";"0"
"CHUQUISACA";"ZUDÁÑEZ";"ICLA";"JATUN MAYU";"RURAL";"207";"216";"423";"30";"125";"53";"54";"0";"0"
"CHUQUISACA";"ZUDÁÑEZ";"ICLA";"MOLLE MAYU";"RURAL";"131";"130";"261";"10";"59";"45";"46";"1";"14"
"CHUQUISACA";"TOMINA";"PADILLA";"RECALDE";"RURAL";"60";"58";"118";"6";"29";"7";"22";"0";"0"
"CHUQUISACA";"LUIS CALVO";"VILLA VACA GUZMÁN";"ITY";"RURAL";"182";"201";"383";"16";"179";"26";"35";"1";"94"
"CHUQUISACA";"OROPEZA";"SUCRE";"MOLLE KASA";"RURAL";"14";"8";"22";"0";"2";"1";"8";"0";"0"
"CHUQUISACA";"OROPEZA";"SUCRE";"THAQOS";"RURAL";"131";"146";"277";"26";"77";"35";"24";"0";"0"
"CHUQUISACA";"OROPEZA";"YOTALA";"CAMPANARIO";"RURAL";"158";"142";"300";"15";"71";"43";"36";"1";"9"
"CHUQUISACA";"OROPEZA";"POROMA";"COMUNIDAD CHILLCHISTA";"RURAL";"22";"19";"41";"0";"1";"0";"21";"0";"0"
"CHUQUISACA";"NOR CINTI";"SAN LUCAS";"ENTRE RIOS";"RURAL";"97";"60";"157";"9";"27";"17";"32";"1";"11"
"CHUQUISACA";"NOR CINTI";"SAN LUCAS";"JATUN CANCHA";"RURAL";"71";"75";"146";"9";"43";"7";"37";"1";"16"
"CHUQUISACA";"NOR CINTI";"INCAHUASI";"JOLENCIA CENTRO";"RURAL";"115";"83";"198";"6";"31";"29";"17";"0";"0"
"CHUQUISACA";"NOR CINTI";"VILLA CHARCAS";"PALCAPATA";"RURAL";"150";"146";"296";"21";"75";"44";"40";"0";"0"
"CHUQUISACA";"NOR CINTI";"VILLA CHARCAS";"TROJA";"RURAL";"95";"98";"193";"32";"59";"31";"14";"1";"16"
"CHUQUISACA";"SUD CINTI";"CULPINA";"COMUNIDAD HUAYLLAPATA";"RURAL";"13";"11";"24";"3";"7";"2";"3";"1";"4"
"CHUQUISACA";"SUD CINTI";"CULPINA";"COMUNIDAD LA CIENEGA";"RURAL";"78";"81";"159";"7";"33";"20";"45";"1";"16"
"CHUQUISACA";"SUD CINTI";"CULPINA";"COMUNIDAD NARANJITOS";"RURAL";"138";"126";"264";"38";"59";"27";"27";"1";"30"
"CHUQUISACA";"OROPEZA";"SUCRE";"BARRANCA ALTA";"RURAL";"22";"26";"48";"0";"10";"6";"14";"0";"0"
"CHUQUISACA";"OROPEZA";"POROMA";"COMUNIDAD YOLULO";"RURAL";"73";"61";"134";"3";"36";"15";"32";"0";"0"
"CHUQUISACA";"AZURDUY";"AZURDUY";"SAN ROQUE";"RURAL";"82";"78";"160";"17";"41";"19";"25";"1";"27"
"CHUQUISACA";"ZUDÁÑEZ";"ZUDÁÑEZ";"SANTA ELENA";"RURAL";"16";"7";"23";"1";"5";"2";"6";"0";"0"
"CHUQUISACA";"SUD CINTI";"CULPINA";"COMUNIDAD NUEVA ESPERANZA";"RURAL";"9";"12";"21";"1";"2";"4";"3";"1";"0"
"CHUQUISACA";"SUD CINTI";"CULPINA";"COMUNIDAD SAN MARTIN";"RURAL";"73";"72";"145";"23";"41";"25";"10";"1";"24"
"CHUQUISACA";"SUD CINTI";"LAS CARRERAS";"TICUCHAYOC";"RURAL";"38";"35";"73";"5";"17";"4";"18";"1";"5"
"CHUQUISACA";"OROPEZA";"SUCRE";"MOJOTORO";"RURAL";"15";"17";"32";"1";"9";"2";"6";"0";"0"
"CHUQUISACA";"OROPEZA";"SUCRE";"SOJTA MAYU";"RURAL";"47";"34";"81";"16";"18";"16";"5";"0";"0"
"CHUQUISACA";"OROPEZA";"SUCRE";"VALLE PARAISO";"RURAL";"10";"5";"15";"0";"1";"2";"1";"0";"0"
"CHUQUISACA";"OROPEZA";"YOTALA";"VILLA EL CARMEN";"RURAL";"191";"207";"398";"21";"102";"44";"53";"0";"0"
"CHUQUISACA";"OROPEZA";"POROMA";"COMUNIDAD PORTILLO";"RURAL";"46";"46";"92";"3";"27";"9";"22";"0";"0"
"CHUQUISACA";"YAMPARÁEZ";"TARABUCO";"PAJCHA";"RURAL";"28";"20";"48";"3";"7";"11";"6";"0";"0"
"CHUQUISACA";"YAMPARÁEZ";"YAMPARÁEZ";"MAUCKA HUASI";"RURAL";"63";"63";"126";"13";"36";"24";"15";"0";"0"
"CHUQUISACA";"NOR CINTI";"CAMARGO";"QUINRAY HUASY";"RURAL";"44";"38";"82";"6";"29";"10";"5";"0";"0"
"CHUQUISACA";"NOR CINTI";"INCAHUASI";"PUCARA DE YATINA";"RURAL";"191";"173";"364";"32";"91";"61";"51";"1";"20"
"CHUQUISACA";"BELISARIO BOETO";"VILLA SERRANO";"KEWIÑAS";"RURAL";"32";"22";"54";"3";"9";"3";"23";"0";"0"
"CHUQUISACA";"BELISARIO BOETO";"VILLA SERRANO";"SANTA ROSA";"RURAL";"24";"15";"39";"1";"3";"3";"22";"1";"5"
"CHUQUISACA";"BELISARIO BOETO";"VILLA SERRANO";"THOLA PAMPA";"RURAL";"18";"10";"28";"0";"3";"3";"9";"0";"0"
"CHUQUISACA";"ZUDÁÑEZ";"PRESTO";"EL PERAL";"RURAL";"20";"27";"47";"3";"14";"3";"12";"0";"0"
"CHUQUISACA";"ZUDÁÑEZ";"PRESTO";"HUAYLLA PAMPA ALTA";"RURAL";"92";"108";"200";"19";"81";"14";"29";"0";"0"
"CHUQUISACA";"TOMINA";"PADILLA";"IVICUITE";"RURAL";"37";"39";"76";"5";"23";"2";"10";"1";"8"
"CHUQUISACA";"TOMINA";"PADILLA";"OVEJA CANCHA";"RURAL";"56";"55";"111";"13";"29";"11";"17";"1";"7"
"CHUQUISACA";"TOMINA";"SOPACHUY";"COMUNIDAD SAN ANTONIO";"RURAL";"51";"53";"104";"11";"26";"8";"19";"1";"7"
"CHUQUISACA";"LUIS CALVO";"VILLA VACA GUZMÁN";"OVERA ÑANKAGUAZU";"RURAL";"54";"52";"106";"12";"25";"18";"9";"1";"6"
"CHUQUISACA";"OROPEZA";"YOTALA";"MOLLE MOLLE";"RURAL";"19";"16";"35";"2";"9";"2";"3";"0";"0"
"CHUQUISACA";"OROPEZA";"POROMA";"SAN JUAN DE ORCAS";"RURAL";"122";"144";"266";"38";"76";"38";"27";"0";"0"
"CHUQUISACA";"AZURDUY";"AZURDUY";"LA ANGOSTURA";"RURAL";"47";"38";"85";"0";"24";"4";"20";"0";"0"
"CHUQUISACA";"LUIS CALVO";"VILLA VACA GUZMÁN";"VALLECITOS";"RURAL";"116";"86";"202";"12";"108";"10";"17";"1";"17"
"CHUQUISACA";"OROPEZA";"SUCRE";"COMUNIDAD MAMA HUASI";"RURAL";"49";"41";"90";"8";"13";"8";"19";"0";"0"
"CHUQUISACA";"OROPEZA";"SUCRE";"ERMITA";"RURAL";"10";"5";"15";"0";"0";"4";"3";"0";"0"
"CHUQUISACA";"OROPEZA";"SUCRE";"QUIQUIJANA";"RURAL";"53";"36";"89";"2";"18";"11";"22";"1";"14"
"CHUQUISACA";"OROPEZA";"SUCRE";"SAUSAL";"RURAL";"34";"33";"67";"3";"19";"6";"11";"0";"0"
"CHUQUISACA";"NOR CINTI";"CAMARGO";"QUITUCANCHA CONDORIRI";"RURAL";"12";"8";"20";"0";"4";"2";"3";"0";"0"
"CHUQUISACA";"NOR CINTI";"SAN LUCAS";"HUAYLLANI CHICO";"RURAL";"58";"64";"122";"13";"41";"8";"11";"0";"0"
"CHUQUISACA";"BELISARIO BOETO";"VILLA SERRANO";"MONTE GRANDE";"RURAL";"151";"137";"288";"16";"77";"33";"43";"1";"81"
"CHUQUISACA";"ZUDÁÑEZ";"MOJOCOYA";"REDENCION PAMPA";"URBANO";"1327";"1393";"2720";"253";"741";"291";"299";"2";"839"
"CHUQUISACA";"ZUDÁÑEZ";"MOJOCOYA";"SAN JORGE";"RURAL";"142";"150";"292";"28";"60";"38";"51";"1";"9"
"CHUQUISACA";"ZUDÁÑEZ";"MOJOCOYA";"SITURI";"RURAL";"34";"36";"70";"10";"19";"7";"5";"1";"4"
"CHUQUISACA";"TOMINA";"EL VILLAR";"ASTILLERO";"RURAL";"80";"67";"147";"14";"39";"15";"19";"1";"7"
"CHUQUISACA";"TOMINA";"EL VILLAR";"PAMPAS SAN AGUSTIN";"RURAL";"52";"39";"91";"4";"21";"8";"15";"0";"0"
"CHUQUISACA";"HERNANDO SILES";"MONTEAGUDO";"BOHORQUEZ";"RURAL";"65";"56";"121";"6";"24";"8";"23";"1";"5"
"CHUQUISACA";"YAMPARÁEZ";"TARABUCO";"SALAPAMPA";"RURAL";"3";"10";"13";"0";"1";"4";"3";"0";"0"
"CHUQUISACA";"YAMPARÁEZ";"TARABUCO";"SAN JOSE DEL PAREDON";"RURAL";"209";"200";"409";"24";"83";"36";"106";"1";"68"
"CHUQUISACA";"YAMPARÁEZ";"YAMPARÁEZ";"PACCHA PATA";"RURAL";"35";"27";"62";"2";"11";"6";"11";"0";"0"
"CHUQUISACA";"YAMPARÁEZ";"YAMPARÁEZ";"TALAHUANCA";"RURAL";"78";"79";"157";"9";"46";"11";"26";"1";"16"
"CHUQUISACA";"NOR CINTI";"CAMARGO";"MOLLEPAMPA";"RURAL";"12";"11";"23";"0";"5";"0";"5";"0";"0"
"CHUQUISACA";"ZUDÁÑEZ";"ICLA";"CHURUMATAS";"RURAL";"69";"70";"139";"6";"23";"24";"17";"0";"0"
"CHUQUISACA";"LUIS CALVO";"VILLA VACA GUZMÁN";"CUMANDAYTI";"RURAL";"52";"46";"98";"2";"28";"7";"15";"0";"0"
"CHUQUISACA";"LUIS CALVO";"VILLA VACA GUZMÁN";"SANTIAGO DE LAS FRIAS";"RURAL";"33";"21";"54";"1";"9";"9";"4";"0";"0"
"CHUQUISACA";"LUIS CALVO";"MACHARETÍ";"KURUYUKI";"RURAL";"11";"10";"21";"3";"3";"3";"1";"0";"0"
"CHUQUISACA";"LUIS CALVO";"MACHARETÍ";"MIRAFLORES";"RURAL";"115";"43";"158";"8";"29";"51";"21";"1";"5"
"CHUQUISACA";"TOMINA";"SOPACHUY";"SAN ISIDRO DE MUJICA";"RURAL";"57";"41";"98";"14";"24";"10";"16";"0";"0"
"CHUQUISACA";"OROPEZA";"SUCRE";"COMUNIDAD TUMPECA";"RURAL";"89";"87";"176";"10";"50";"15";"31";"0";"0"
"CHUQUISACA";"OROPEZA";"SUCRE";"JATUN BARRANCA ALTO";"RURAL";"28";"40";"68";"6";"25";"6";"6";"0";"0"
"CHUQUISACA";"OROPEZA";"YOTALA";"ANFAYA DEL PERAL";"RURAL";"40";"45";"85";"9";"21";"5";"14";"0";"0"
"CHUQUISACA";"OROPEZA";"POROMA";"COMUNIDAD URUQUILLA";"RURAL";"24";"24";"48";"2";"10";"3";"13";"0";"0"
"CHUQUISACA";"AZURDUY";"TARVITA";"INCA PAMPA";"RURAL";"34";"27";"61";"3";"16";"5";"18";"0";"0"
"CHUQUISACA";"AZURDUY";"TARVITA";"MOLLE CANCHA";"RURAL";"224";"197";"421";"40";"104";"70";"67";"1";"22"
"CHUQUISACA";"OROPEZA";"SUCRE";"ARABATE 1";"RURAL";"13";"10";"23";"1";"0";"2";"3";"0";"0"
"CHUQUISACA";"OROPEZA";"SUCRE";"COMPUERTA";"RURAL";"17";"17";"34";"5";"7";"3";"3";"0";"0"
"CHUQUISACA";"NOR CINTI";"CAMARGO";"USFAPAMPA";"RURAL";"31";"32";"63";"5";"15";"11";"11";"1";"10"
"CHUQUISACA";"NOR CINTI";"SAN LUCAS";"HABAS CHACRA";"RURAL";"52";"55";"107";"6";"27";"15";"17";"0";"0"
"CHUQUISACA";"NOR CINTI";"SAN LUCAS";"HUAYLLAVI";"RURAL";"79";"75";"154";"19";"41";"22";"31";"1";"23"
"CHUQUISACA";"NOR CINTI";"SAN LUCAS";"TAMBO KUCHU";"RURAL";"64";"65";"129";"10";"42";"12";"25";"1";"20"
"CHUQUISACA";"NOR CINTI";"VILLA CHARCAS";"COMUNIDAD EL CENTRO";"RURAL";"202";"182";"384";"19";"97";"54";"40";"0";"0"
"CHUQUISACA";"NOR CINTI";"VILLA CHARCAS";"PUCARA";"RURAL";"172";"177";"349";"35";"96";"35";"37";"0";"0"
"CHUQUISACA";"SUD CINTI";"CULPINA";"COMUNIDAD CABRERIA";"RURAL";"116";"129";"245";"25";"75";"19";"38";"1";"19"
"CHUQUISACA";"TOMINA";"SOPACHUY";"COMUNIDAD CUEVAS";"RURAL";"102";"95";"197";"11";"50";"31";"36";"1";"16"
"CHUQUISACA";"TOMINA";"EL VILLAR";"EL VILLAR";"RURAL";"497";"546";"1043";"69";"211";"126";"112";"2";"233"
"CHUQUISACA";"HERNANDO SILES";"MONTEAGUDO";"CHUYAYACU";"RURAL";"31";"22";"53";"8";"5";"5";"12";"0";"0"
"CHUQUISACA";"HERNANDO SILES";"HUACARETA";"ATIRIMBIA";"RURAL";"48";"47";"95";"8";"18";"4";"18";"2";"42"
"CHUQUISACA";"HERNANDO SILES";"HUACARETA";"SAUSALITO";"RURAL";"8";"10";"18";"1";"0";"2";"0";"0";"0"
"CHUQUISACA";"YAMPARÁEZ";"TARABUCO";"SAN JORGE DE KOLLPA";"RURAL";"83";"59";"142";"7";"38";"20";"26";"1";"9"
"CHUQUISACA";"YAMPARÁEZ";"TARABUCO";"TARABUCO";"RURAL";"113";"142";"255";"29";"88";"28";"24";"1";"6"
"CHUQUISACA";"NOR CINTI";"CAMARGO";"CASTILLA UNO";"RURAL";"26";"30";"56";"5";"15";"9";"3";"0";"0"
"CHUQUISACA";"SUD CINTI";"CULPINA";"COMUNIDAD PUMA CKASA";"RURAL";"100";"114";"214";"27";"74";"16";"23";"1";"53"
"CHUQUISACA";"LUIS CALVO";"VILLA VACA GUZMÁN";"CAYA";"RURAL";"28";"12";"40";"0";"6";"3";"12";"0";"0"
"CHUQUISACA";"LUIS CALVO";"MACHARETÍ";"IPATI";"RURAL";"81";"70";"151";"11";"19";"11";"36";"2";"30"
"CHUQUISACA";"LUIS CALVO";"MACHARETÍ";"MACHARETI ESTACION";"RURAL";"38";"25";"63";"3";"20";"7";"3";"0";"0"
"CHUQUISACA";"ZUDÁÑEZ";"ICLA";"CHOROMOMO";"RURAL";"155";"123";"278";"25";"48";"33";"39";"1";"7"
"CHUQUISACA";"TOMINA";"PADILLA";"THULAKASA";"RURAL";"45";"38";"83";"6";"13";"11";"19";"1";"7"
"CHUQUISACA";"OROPEZA";"SUCRE";"ALDANA";"RURAL";"66";"65";"131";"7";"25";"10";"27";"0";"0"
"CHUQUISACA";"OROPEZA";"SUCRE";"LLINFI MOLLE GRANDE";"RURAL";"6";"9";"15";"0";"2";"1";"3";"0";"0"
"CHUQUISACA";"OROPEZA";"POROMA";"COMUNIDAD LOS ALAMOS";"RURAL";"85";"73";"158";"13";"45";"19";"20";"1";"5"
"CHUQUISACA";"LUIS CALVO";"VILLA VACA GUZMÁN";"FLORIDA";"RURAL";"18";"13";"31";"0";"6";"5";"8";"0";"0"
"CHUQUISACA";"AZURDUY";"AZURDUY";"SAN MATIAS";"RURAL";"64";"49";"113";"7";"29";"14";"23";"1";"13"
"CHUQUISACA";"ZUDÁÑEZ";"ZUDÁÑEZ";"CABRA CANCHA";"RURAL";"96";"85";"181";"10";"40";"27";"22";"0";"0"
"CHUQUISACA";"ZUDÁÑEZ";"MOJOCOYA";"CARAPARI PAMPA";"RURAL";"29";"34";"63";"9";"15";"6";"8";"1";"4"
"CHUQUISACA";"TOMINA";"PADILLA";"MILLO KHAKA";"RURAL";"50";"42";"92";"6";"16";"11";"16";"1";"7"
"CHUQUISACA";"TOMINA";"EL VILLAR";"VILLAR PAMPA";"RURAL";"84";"74";"158";"1";"39";"19";"24";"1";"12"
"CHUQUISACA";"HERNANDO SILES";"MONTEAGUDO";"CAÑON LARGO";"RURAL";"116";"80";"196";"10";"40";"15";"25";"1";"18"
"CHUQUISACA";"HERNANDO SILES";"HUACARETA";"AÑIMBO";"RURAL";"53";"38";"91";"6";"19";"3";"21";"0";"0"
"CHUQUISACA";"HERNANDO SILES";"HUACARETA";"TOTORENDA LAS JUNTAS";"RURAL";"20";"13";"33";"1";"7";"6";"7";"0";"0"
"CHUQUISACA";"NOR CINTI";"VILLA CHARCAS";"CAILLE";"RURAL";"120";"116";"236";"22";"71";"29";"29";"1";"26"
"CHUQUISACA";"NOR CINTI";"VILLA CHARCAS";"SANTA ELENA";"RURAL";"32";"36";"68";"7";"22";"7";"10";"0";"0"
"CHUQUISACA";"NOR CINTI";"VILLA CHARCAS";"SULTACA CENTRO";"RURAL";"131";"95";"226";"12";"43";"30";"34";"0";"0"
"CHUQUISACA";"BELISARIO BOETO";"VILLA SERRANO";"HUERTA MAYU";"RURAL";"45";"50";"95";"7";"16";"10";"31";"1";"14"
"CHUQUISACA";"BELISARIO BOETO";"VILLA SERRANO";"TEMPORALCILLO";"RURAL";"71";"57";"128";"7";"31";"14";"16";"0";"0"
"CHUQUISACA";"SUD CINTI";"VILLA ABECIA";"CAMBLAYA";"RURAL";"128";"115";"243";"11";"57";"21";"37";"1";"14"
"CHUQUISACA";"AZURDUY";"AZURDUY";"PICHACANI";"RURAL";"95";"105";"200";"13";"48";"12";"53";"1";"17"
"CHUQUISACA";"YAMPARÁEZ";"TARABUCO";"SUNDIRI ALTA";"RURAL";"28";"34";"62";"5";"17";"8";"12";"0";"0"
"CHUQUISACA";"YAMPARÁEZ";"YAMPARÁEZ";"SAN JOSE DE MOLLES";"RURAL";"96";"90";"186";"8";"30";"24";"44";"1";"8"
"CHUQUISACA";"NOR CINTI";"CAMARGO";"LARAMA";"RURAL";"24";"28";"52";"5";"16";"6";"5";"0";"0"
"CHUQUISACA";"NOR CINTI";"SAN LUCAS";"JAPO";"RURAL";"64";"56";"120";"8";"38";"9";"22";"1";"18"
"CHUQUISACA";"NOR CINTI";"SAN LUCAS";"SIVINGA MAYU";"RURAL";"25";"34";"59";"3";"20";"3";"12";"0";"0"
"CHUQUISACA";"NOR CINTI";"SAN LUCAS";"SOTO LOMA";"RURAL";"42";"31";"73";"6";"26";"6";"11";"1";"10"
"CHUQUISACA";"NOR CINTI";"INCAHUASI";"LA AGUADA";"RURAL";"111";"112";"223";"36";"73";"36";"16";"1";"29"
"CHUQUISACA";"NOR CINTI";"INCAHUASI";"SAN GREGORIO";"RURAL";"281";"232";"513";"55";"114";"70";"65";"1";"75"
"CHUQUISACA";"LUIS CALVO";"VILLA VACA GUZMÁN";"TUNAL";"RURAL";"19";"19";"38";"1";"8";"3";"11";"0";"0"
"CHUQUISACA";"LUIS CALVO";"MACHARETÍ";"COLONIA BUENOS AIRES";"RURAL";"135";"143";"278";"62";"116";"21";"2";"0";"0"
"CHUQUISACA";"LUIS CALVO";"MACHARETÍ";"TIGUIPA ESTACION";"RURAL";"27";"15";"42";"3";"9";"1";"7";"0";"0"
"CHUQUISACA";"SUD CINTI";"LAS CARRERAS";"MONTE DE TARAYA";"RURAL";"39";"30";"69";"3";"17";"3";"13";"1";"3"
"CHUQUISACA";"NOR CINTI";"INCAHUASI";"PORTILLO";"RURAL";"37";"30";"67";"2";"18";"10";"9";"0";"0"
"CHUQUISACA";"OROPEZA";"SUCRE";"COMUNIDAD QUESERA";"RURAL";"34";"37";"71";"6";"10";"10";"14";"0";"0"
"CHUQUISACA";"OROPEZA";"SUCRE";"SAN LUIS DEL CHACO";"RURAL";"78";"75";"153";"15";"48";"14";"10";"0";"0"
"CHUQUISACA";"AZURDUY";"AZURDUY";"LA HOYADA";"RURAL";"61";"46";"107";"13";"42";"12";"9";"1";"27"
"CHUQUISACA";"AZURDUY";"AZURDUY";"TORRECILLAS";"RURAL";"86";"67";"153";"11";"32";"12";"30";"1";"9"
"CHUQUISACA";"HERNANDO SILES";"MONTEAGUDO";"YANA YANA";"RURAL";"40";"30";"70";"4";"17";"10";"11";"1";"3"
"CHUQUISACA";"NOR CINTI";"CAMARGO";"EL RANCHO";"RURAL";"36";"34";"70";"7";"14";"7";"6";"0";"0"
"CHUQUISACA";"NOR CINTI";"VILLA CHARCAS";"CENTRO VILLA CHARCAS";"RURAL";"22";"29";"51";"3";"14";"3";"7";"0";"0"
"CHUQUISACA";"BELISARIO BOETO";"VILLA SERRANO";"EL ABRA- CUSILLO-OCAMPO";"RURAL";"24";"15";"39";"2";"10";"2";"7";"1";"3"
"CHUQUISACA";"BELISARIO BOETO";"VILLA SERRANO";"LA LLUSKA";"RURAL";"33";"25";"58";"6";"15";"4";"9";"0";"0"
"CHUQUISACA";"AZURDUY";"TARVITA";"LA MURALLA";"RURAL";"128";"127";"255";"21";"73";"39";"40";"1";"26"
"CHUQUISACA";"ZUDÁÑEZ";"ICLA";"SAN JACINTO";"RURAL";"359";"339";"698";"32";"157";"117";"102";"1";"109"
"CHUQUISACA";"ZUDÁÑEZ";"ICLA";"TRANQUITAS";"RURAL";"90";"90";"180";"11";"55";"32";"27";"0";"0"
"CHUQUISACA";"TOMINA";"ALCALÁ";"SALAZAR PAMPA";"RURAL";"70";"51";"121";"10";"23";"11";"16";"0";"0"
"CHUQUISACA";"TOMINA";"EL VILLAR";"EL DORADO";"RURAL";"368";"351";"719";"72";"208";"89";"62";"1";"193"
"CHUQUISACA";"HERNANDO SILES";"MONTEAGUDO";"CASAPA";"RURAL";"45";"36";"81";"4";"21";"9";"15";"0";"0"
"CHUQUISACA";"HERNANDO SILES";"MONTEAGUDO";"HEREDIA";"RURAL";"99";"71";"170";"14";"44";"15";"24";"1";"10"
"CHUQUISACA";"HERNANDO SILES";"MONTEAGUDO";"SAUCE MAYU";"RURAL";"76";"67";"143";"8";"34";"15";"25";"1";"3"
"CHUQUISACA";"LUIS CALVO";"VILLA VACA GUZMÁN";"TICUCHA";"RURAL";"45";"24";"69";"7";"8";"9";"9";"0";"0"
"CHUQUISACA";"SUD CINTI";"CULPINA";"COMUNIDAD ARBOLITOS";"RURAL";"54";"54";"108";"10";"35";"17";"8";"1";"10"
"CHUQUISACA";"LUIS CALVO";"VILLA VACA GUZMÁN";"AGUAIRENDA";"RURAL";"143";"112";"255";"23";"78";"33";"25";"1";"101"
"CHUQUISACA";"LUIS CALVO";"VILLA VACA GUZMÁN";"MONTE GRANDE";"RURAL";"57";"34";"91";"2";"18";"7";"15";"0";"0"
"CHUQUISACA";"NOR CINTI";"CAMARGO";"PAPAGAYO";"RURAL";"55";"40";"95";"8";"22";"8";"22";"1";"9"
"CHUQUISACA";"NOR CINTI";"SAN LUCAS";"MURIFAYA";"RURAL";"70";"71";"141";"15";"41";"17";"23";"1";"71"
"CHUQUISACA";"NOR CINTI";"SAN LUCAS";"PHULLAYA";"RURAL";"57";"56";"113";"4";"39";"7";"21";"1";"16"
"CHUQUISACA";"NOR CINTI";"SAN LUCAS";"QUEWACHALA";"RURAL";"40";"26";"66";"7";"21";"7";"18";"1";"9"
"CHUQUISACA";"NOR CINTI";"SAN LUCAS";"TABLAS";"RURAL";"33";"28";"61";"10";"17";"7";"10";"1";"6"
"CHUQUISACA";"NOR CINTI";"SAN LUCAS";"TAMBO AGUADA";"RURAL";"27";"28";"55";"2";"9";"7";"12";"1";"5"
"CHUQUISACA";"TOMINA";"PADILLA";"TOLA ORCKO";"RURAL";"47";"34";"81";"9";"17";"11";"8";"0";"0"
"CHUQUISACA";"OROPEZA";"SUCRE";"CAMOS";"RURAL";"17";"18";"35";"3";"12";"3";"9";"0";"0"
"CHUQUISACA";"OROPEZA";"SUCRE";"COMUNIDAD CHAUNACA";"RURAL";"75";"80";"155";"12";"35";"18";"25";"1";"18"
"CHUQUISACA";"OROPEZA";"SUCRE";"MOJOTORO";"RURAL";"123";"128";"251";"18";"64";"30";"37";"0";"0"
"CHUQUISACA";"OROPEZA";"YOTALA";"CACHIMAYU";"RURAL";"24";"25";"49";"5";"7";"0";"11";"0";"0"
"CHUQUISACA";"OROPEZA";"POROMA";"COMUNIDAD HUAYNA HUAYNA";"RURAL";"34";"27";"61";"4";"13";"10";"11";"0";"0"
"CHUQUISACA";"OROPEZA";"POROMA";"COMUNIDAD ORIGINARIA KATARIRI";"RURAL";"94";"113";"207";"25";"64";"22";"29";"1";"18"
"CHUQUISACA";"AZURDUY";"TARVITA";"MANSANAYUJ";"RURAL";"81";"76";"157";"11";"26";"17";"49";"1";"6"
"CHUQUISACA";"TOMINA";"PADILLA";"EL ROSAL";"RURAL";"87";"82";"169";"5";"35";"9";"39";"1";"16"
"CHUQUISACA";"NOR CINTI";"SAN LUCAS";"CHIÑIMAYU";"RURAL";"63";"60";"123";"11";"32";"17";"24";"0";"0"
"CHUQUISACA";"NOR CINTI";"SAN LUCAS";"CHURQUI PAMPA";"RURAL";"23";"25";"48";"2";"7";"2";"15";"0";"0"
"CHUQUISACA";"NOR CINTI";"SAN LUCAS";"JARKA MAYU";"RURAL";"48";"35";"83";"7";"28";"8";"18";"1";"19"
"CHUQUISACA";"NOR CINTI";"SAN LUCAS";"PALACIO TAMBO";"URBANO";"858";"917";"1775";"170";"602";"244";"118";"2";"696"
"CHUQUISACA";"NOR CINTI";"INCAHUASI";"COMUNIDAD BELLA VISTA";"RURAL";"79";"67";"146";"15";"37";"14";"13";"0";"0"
"CHUQUISACA";"NOR CINTI";"VILLA CHARCAS";"CAÑAHUAYCO";"RURAL";"145";"124";"269";"18";"70";"31";"40";"1";"21"
"CHUQUISACA";"LUIS CALVO";"VILLA VACA GUZMÁN";"CRUZPAMPA";"RURAL";"45";"54";"99";"3";"18";"9";"20";"0";"0"
"CHUQUISACA";"HERNANDO SILES";"MONTEAGUDO";"FERNANDEZ";"RURAL";"77";"68";"145";"10";"29";"9";"20";"1";"9"
"CHUQUISACA";"HERNANDO SILES";"HUACARETA";"PAMPA GRANDE";"RURAL";"34";"26";"60";"7";"14";"2";"13";"0";"0"
"CHUQUISACA";"HERNANDO SILES";"HUACARETA";"SANTA MARIA";"RURAL";"30";"19";"49";"1";"8";"5";"12";"0";"0"
"CHUQUISACA";"YAMPARÁEZ";"TARABUCO";"TROJAS";"RURAL";"9";"9";"18";"1";"2";"0";"4";"0";"0"
"CHUQUISACA";"NOR CINTI";"CAMARGO";"EL CHURO";"RURAL";"79";"58";"137";"4";"27";"17";"25";"2";"28"
"CHUQUISACA";"NOR CINTI";"CAMARGO";"PATAPAMPA";"RURAL";"8";"7";"15";"0";"1";"1";"8";"0";"0"
"CHUQUISACA";"NOR CINTI";"CAMARGO";"SACA PAMPA";"RURAL";"18";"13";"31";"0";"12";"5";"3";"0";"0"
"CHUQUISACA";"LUIS CALVO";"MACHARETÍ";"CARANDAYTICITO";"RURAL";"68";"44";"112";"10";"22";"7";"16";"0";"0"
"CHUQUISACA";"OROPEZA";"YOTALA";"TOTACOA";"RURAL";"30";"33";"63";"3";"18";"6";"9";"0";"0"
"CHUQUISACA";"OROPEZA";"POROMA";"CHALLCHA BAJA";"RURAL";"99";"89";"188";"21";"53";"18";"32";"0";"0"
"CHUQUISACA";"OROPEZA";"POROMA";"COMUNIDAD CARPAHUASI";"RURAL";"30";"33";"63";"7";"23";"5";"6";"0";"0"
"CHUQUISACA";"OROPEZA";"SUCRE";"COMUNIDAD C.O. PURUNQUILA";"RURAL";"149";"171";"320";"28";"80";"37";"57";"1";"10"
"CHUQUISACA";"OROPEZA";"SUCRE";"COMUNIDAD C.O. SISIPUCO";"RURAL";"52";"59";"111";"4";"22";"5";"28";"0";"0"
"CHUQUISACA";"OROPEZA";"SUCRE";"COMUNIDAD MARAGUA";"RURAL";"55";"69";"124";"7";"24";"13";"34";"1";"88"
"CHUQUISACA";"OROPEZA";"POROMA";"SINDICATO AGRARIO CHORUNI";"RURAL";"18";"20";"38";"4";"9";"1";"9";"0";"0"
"CHUQUISACA";"AZURDUY";"AZURDUY";"SAN GERONIMO";"RURAL";"76";"78";"154";"17";"50";"10";"19";"1";"38"
"CHUQUISACA";"AZURDUY";"TARVITA";"QUINUA CHACRA";"RURAL";"151";"118";"269";"8";"60";"27";"60";"1";"20"
"CHUQUISACA";"ZUDÁÑEZ";"PRESTO";"MOLANI";"RURAL";"162";"111";"273";"16";"98";"45";"18";"0";"0"
"CHUQUISACA";"TOMINA";"PADILLA";"SILLANI";"RURAL";"85";"80";"165";"10";"37";"6";"39";"1";"20"
"CHUQUISACA";"HERNANDO SILES";"MONTEAGUDO";"TACUARA";"RURAL";"66";"53";"119";"6";"17";"9";"29";"1";"10"
"CHUQUISACA";"YAMPARÁEZ";"TARABUCO";"CORORO";"RURAL";"274";"277";"551";"35";"120";"92";"107";"0";"0"
"CHUQUISACA";"YAMPARÁEZ";"YAMPARÁEZ";"PULQUI AVAROA";"RURAL";"26";"31";"57";"2";"13";"2";"15";"0";"0"
"CHUQUISACA";"NOR CINTI";"CAMARGO";"LIQUIMAYO";"RURAL";"43";"60";"103";"1";"24";"14";"13";"0";"0"
"CHUQUISACA";"NOR CINTI";"SAN LUCAS";"EL RODEO";"RURAL";"56";"67";"123";"7";"37";"6";"36";"1";"10"
"CHUQUISACA";"NOR CINTI";"SAN LUCAS";"QUERQUIHUSI";"RURAL";"144";"143";"287";"20";"79";"22";"51";"1";"38"
"CHUQUISACA";"SUD CINTI";"CULPINA";"COMUNIDAD THOLAR";"RURAL";"146";"139";"285";"19";"76";"34";"55";"1";"143"
"CHUQUISACA";"SUD CINTI";"LAS CARRERAS";"SATOYA";"RURAL";"219";"166";"385";"17";"81";"67";"34";"1";"6"
"CHUQUISACA";"OROPEZA";"SUCRE";"COMUNIDAD S. A. AMAKURI";"RURAL";"62";"60";"122";"11";"31";"20";"18";"0";"0"
"CHUQUISACA";"OROPEZA";"YOTALA";"HIGUERAS";"RURAL";"40";"49";"89";"5";"8";"6";"24";"0";"0"
"CHUQUISACA";"LUIS CALVO";"HUACAYA (AUTONOMÍA GUARANÍ CHAQUEÑO DE HUACAYA)";"HUACAYA";"RURAL";"16";"13";"29";"0";"6";"2";"5";"0";"0"
"CHUQUISACA";"OROPEZA";"SUCRE";"CHAUPI MOLINO";"RURAL";"60";"59";"119";"9";"24";"24";"14";"0";"0"
"CHUQUISACA";"OROPEZA";"SUCRE";"HUAÑOMA";"RURAL";"15";"16";"31";"1";"7";"3";"9";"0";"0"
"CHUQUISACA";"OROPEZA";"SUCRE";"KUCHU TAMBO";"RURAL";"139";"165";"304";"29";"93";"42";"27";"0";"0"
"CHUQUISACA";"OROPEZA";"SUCRE";"PAREDON";"RURAL";"84";"84";"168";"7";"32";"11";"60";"0";"0"
"CHUQUISACA";"ZUDÁÑEZ";"MOJOCOYA";"LAJAS";"RURAL";"32";"30";"62";"3";"21";"10";"8";"0";"0"
"CHUQUISACA";"TOMINA";"PADILLA";"SAN JULIAN ALTO";"RURAL";"73";"76";"149";"14";"27";"13";"33";"1";"15"
"CHUQUISACA";"TOMINA";"TOMINA";"CORSO";"RURAL";"60";"54";"114";"8";"25";"11";"13";"0";"0"
"CHUQUISACA";"SUD CINTI";"CULPINA";"COMUNIDAD CULPINA MAYU";"RURAL";"50";"38";"88";"7";"31";"12";"13";"1";"0"
"CHUQUISACA";"SUD CINTI";"CULPINA";"COMUNIDAD YUQUIPORO";"RURAL";"12";"14";"26";"2";"8";"2";"1";"0";"0"
"CHUQUISACA";"LUIS CALVO";"VILLA VACA GUZMÁN";"TENTAYAPE";"RURAL";"203";"220";"423";"47";"167";"60";"21";"0";"0"
"CHUQUISACA";"OROPEZA";"POROMA";"COMUNIDAD DURAZNILLO";"RURAL";"95";"97";"192";"15";"78";"15";"29";"1";"33"
"CHUQUISACA";"OROPEZA";"POROMA";"COMUNIDAD JATUN KURI";"RURAL";"26";"22";"48";"7";"12";"7";"7";"0";"0"
"CHUQUISACA";"AZURDUY";"TARVITA";"THACUS";"RURAL";"113";"147";"260";"21";"62";"42";"46";"1";"30"
"CHUQUISACA";"ZUDÁÑEZ";"ZUDÁÑEZ";"MARCANI";"RURAL";"141";"114";"255";"11";"54";"32";"36";"1";"11"
"CHUQUISACA";"YAMPARÁEZ";"TARABUCO";"JUMBATE";"RURAL";"62";"64";"126";"10";"31";"18";"20";"1";"10"
"CHUQUISACA";"YAMPARÁEZ";"TARABUCO";"MOLLE WUATA";"RURAL";"86";"85";"171";"9";"53";"13";"32";"1";"27"
"CHUQUISACA";"NOR CINTI";"CAMARGO";"YURAC CABALLO";"RURAL";"49";"55";"104";"15";"22";"10";"15";"1";"12"
"CHUQUISACA";"NOR CINTI";"SAN LUCAS";"LARAVINTO";"RURAL";"108";"122";"230";"20";"79";"23";"38";"1";"34"
"CHUQUISACA";"NOR CINTI";"INCAHUASI";"JOLENCIA";"RURAL";"118";"129";"247";"18";"43";"33";"19";"0";"0"
"CHUQUISACA";"NOR CINTI";"VILLA CHARCAS";"SULTACA ALTA";"RURAL";"238";"239";"477";"27";"108";"82";"63";"1";"148"
"CHUQUISACA";"BELISARIO BOETO";"VILLA SERRANO";"LAMPASILLOS";"RURAL";"60";"42";"102";"8";"14";"8";"28";"0";"0"
"CHUQUISACA";"TOMINA";"SOPACHUY";"COMUNIDAD ACHATALAS";"RURAL";"112";"115";"227";"21";"58";"30";"34";"0";"0"
"CHUQUISACA";"TOMINA";"ALCALÁ";"ALCALA";"URBANO";"658";"696";"1354";"84";"342";"138";"163";"2";"300"
"CHUQUISACA";"TOMINA";"EL VILLAR";"NOGALES";"RURAL";"162";"198";"360";"31";"83";"43";"32";"0";"0"
"CHUQUISACA";"HERNANDO SILES";"HUACARETA";"VILLA ESPERANZA";"RURAL";"46";"39";"85";"6";"27";"6";"11";"1";"10"
"CHUQUISACA";"YAMPARÁEZ";"TARABUCO";"CAYAMBUCO";"RURAL";"124";"132";"256";"20";"83";"31";"32";"0";"0"
"CHUQUISACA";"LUIS CALVO";"HUACAYA (AUTONOMÍA GUARANÍ CHAQUEÑO DE HUACAYA)";"MBORORIGUA";"RURAL";"131";"108";"239";"19";"85";"26";"19";"1";"90"
"CHUQUISACA";"OROPEZA";"POROMA";"COMUNIDAD COPAVILLQUE";"RURAL";"30";"36";"66";"4";"18";"6";"13";"1";"6"
"CHUQUISACA";"AZURDUY";"TARVITA";"CRUZ KASA";"RURAL";"115";"112";"227";"27";"44";"28";"50";"1";"13"
"CHUQUISACA";"NOR CINTI";"SAN LUCAS";"OJEDA";"RURAL";"107";"117";"224";"26";"79";"18";"29";"1";"41"
"CHUQUISACA";"BELISARIO BOETO";"VILLA SERRANO";"DURAZNAL";"RURAL";"15";"17";"32";"2";"10";"4";"7";"1";"4"
"CHUQUISACA";"BELISARIO BOETO";"VILLA SERRANO";"ALTO SECO";"RURAL";"52";"40";"92";"4";"28";"5";"11";"1";"14"
"CHUQUISACA";"SUD CINTI";"VILLA ABECIA";"JAILIA";"RURAL";"247";"232";"479";"16";"112";"63";"65";"1";"13"
"CHUQUISACA";"NOR CINTI";"CAMARGO";"EL CHURO DE LAS FLORES";"RURAL";"31";"30";"61";"5";"26";"2";"2";"1";"9"
"CHUQUISACA";"HERNANDO SILES";"HUACARETA";"INTI";"RURAL";"27";"26";"53";"8";"16";"5";"8";"2";"26"
"CHUQUISACA";"NOR CINTI";"CAMARGO";"CHAJRAMAYO";"RURAL";"30";"24";"54";"4";"14";"6";"10";"1";"6"
"CHUQUISACA";"NOR CINTI";"SAN LUCAS";"RODEO COCHA";"RURAL";"98";"124";"222";"11";"61";"11";"67";"1";"29"
"CHUQUISACA";"NOR CINTI";"SAN LUCAS";"CHILLAGUA";"RURAL";"258";"233";"491";"57";"140";"69";"76";"1";"242"
"CHUQUISACA";"OROPEZA";"POROMA";"COMUNIDAD JUCHUY KURI";"RURAL";"27";"35";"62";"2";"24";"4";"15";"0";"0"
"CHUQUISACA";"AZURDUY";"AZURDUY";"LA MARCA";"RURAL";"86";"80";"166";"17";"42";"12";"33";"0";"0"
"CHUQUISACA";"OROPEZA";"YOTALA";"HUAYLLAS";"RURAL";"42";"40";"82";"2";"15";"5";"30";"0";"0"
"CHUQUISACA";"OROPEZA";"POROMA";"COMUNIDAD SUQUSNIYUJ";"RURAL";"62";"52";"114";"7";"24";"12";"26";"0";"0"
"CHUQUISACA";"HERNANDO SILES";"MONTEAGUDO";"ULI ULI";"RURAL";"37";"35";"72";"1";"17";"2";"12";"0";"0"
"CHUQUISACA";"HERNANDO SILES";"MONTEAGUDO";"SAN MIGUEL DEL BAÑADO";"RURAL";"48";"53";"101";"7";"17";"7";"24";"0";"0"
"CHUQUISACA";"AZURDUY";"TARVITA";"LA SILLADA";"RURAL";"403";"404";"807";"72";"205";"107";"97";"1";"123"
"CHUQUISACA";"BELISARIO BOETO";"VILLA SERRANO";"KOLLPA PAMPA";"RURAL";"36";"46";"82";"6";"15";"7";"22";"0";"0"
"CHUQUISACA";"NOR CINTI";"VILLA CHARCAS";"ARPAJA BAJA";"RURAL";"110";"120";"230";"10";"34";"45";"38";"1";"22"
"CHUQUISACA";"SUD CINTI";"CULPINA";"SAJLINA";"RURAL";"222";"225";"447";"26";"94";"48";"114";"0";"0"
"CHUQUISACA";"ZUDÁÑEZ";"PRESTO";"HUAYLLA PAMPA BAJA";"RURAL";"74";"71";"145";"11";"41";"17";"15";"1";"3"
"CHUQUISACA";"NOR CINTI";"CAMARGO";"SANTA ROSA DE MAL PASO";"RURAL";"13";"15";"28";"1";"7";"2";"3";"0";"0"
"CHUQUISACA";"OROPEZA";"SUCRE";"MONCHARI";"RURAL";"17";"15";"32";"1";"10";"1";"7";"1";"0"
"CHUQUISACA";"SUD CINTI";"LAS CARRERAS";"HUTURI";"RURAL";"13";"10";"23";"1";"8";"1";"3";"0";"0"
"CHUQUISACA";"OROPEZA";"SUCRE";"SUCRE";"URBANO";"130109";"142604";"272713";"17853";"65161";"41849";"27445";"173";"76401"
"CHUQUISACA";"OROPEZA";"SUCRE";"COMUNIDAD VILLA VISTA";"RURAL";"19";"17";"36";"2";"9";"2";"8";"0";"0"
"CHUQUISACA";"OROPEZA";"YOTALA";"CERVANTES-YAULI";"RURAL";"49";"54";"103";"9";"18";"14";"16";"0";"0"
"CHUQUISACA";"OROPEZA";"YOTALA";"HUAYLLAS";"RURAL";"0";"0";"0";"0";"0";"0";"0";"0";"0"
"CHUQUISACA";"OROPEZA";"YOTALA";"PUENTE SUCRE";"RURAL";"31";"37";"68";"6";"19";"4";"7";"1";"14"
"CHUQUISACA";"OROPEZA";"YOTALA";"TIPOYO";"RURAL";"130";"144";"274";"19";"61";"18";"54";"1";"33"
"CHUQUISACA";"AZURDUY";"TARVITA";"SAN J. DE PINOS";"RURAL";"47";"47";"94";"10";"29";"14";"13";"1";"5"
"CHUQUISACA";"AZURDUY";"TARVITA";"YERBA BUENA";"RURAL";"119";"103";"222";"24";"59";"32";"22";"1";"16"
"CHUQUISACA";"ZUDÁÑEZ";"MOJOCOYA";"HORNILLOS";"RURAL";"55";"74";"129";"12";"23";"17";"21";"0";"0"
"CHUQUISACA";"TOMINA";"PADILLA";"PILI PILI BAJO";"RURAL";"57";"46";"103";"9";"20";"5";"23";"1";"18"
"CHUQUISACA";"TOMINA";"PADILLA";"THACO THACO";"RURAL";"15";"10";"25";"0";"3";"3";"8";"0";"0"
"CHUQUISACA";"HERNANDO SILES";"MONTEAGUDO";"AZERO NORTE";"RURAL";"68";"48";"116";"12";"38";"10";"11";"2";"21"
"CHUQUISACA";"HERNANDO SILES";"MONTEAGUDO";"NARANJOS";"RURAL";"37";"28";"65";"0";"7";"8";"12";"0";"0"
"CHUQUISACA";"HERNANDO SILES";"MONTEAGUDO";"SAN PEDRO DEL PARAPETI";"RURAL";"71";"65";"136";"6";"29";"9";"19";"2";"20"
"CHUQUISACA";"NOR CINTI";"SAN LUCAS";"COLLPA KASA";"RURAL";"146";"160";"306";"31";"85";"39";"37";"1";"63"
"CHUQUISACA";"NOR CINTI";"SAN LUCAS";"JATUN PAMPA";"RURAL";"90";"94";"184";"32";"60";"17";"22";"1";"127"
"CHUQUISACA";"OROPEZA";"POROMA";"COMUNIDAD INDIGENA ORIGINARIA COLAPUCARA";"RURAL";"71";"67";"138";"11";"39";"15";"26";"1";"20"
"CHUQUISACA";"AZURDUY";"AZURDUY";"TARVITA ALTA";"RURAL";"48";"48";"96";"6";"25";"7";"23";"1";"6"
"CHUQUISACA";"HERNANDO SILES";"MONTEAGUDO";"SAUCESITOS";"RURAL";"33";"12";"45";"4";"10";"6";"2";"0";"0"
"CHUQUISACA";"HERNANDO SILES";"MONTEAGUDO";"VALLENUEVO";"RURAL";"174";"150";"324";"23";"68";"30";"49";"1";"26"
"CHUQUISACA";"HERNANDO SILES";"MONTEAGUDO";"YACONAL";"RURAL";"82";"77";"159";"2";"31";"16";"36";"1";"7"
"CHUQUISACA";"HERNANDO SILES";"HUACARETA";"SANTIAGO DEL BAÑADO";"RURAL";"11";"11";"22";"1";"8";"2";"2";"0";"0"
"CHUQUISACA";"YAMPARÁEZ";"TARABUCO";"JATUN MAYU";"RURAL";"83";"83";"166";"4";"35";"12";"47";"0";"0"
"CHUQUISACA";"YAMPARÁEZ";"TARABUCO";"SARUFAYA";"RURAL";"14";"12";"26";"2";"7";"4";"5";"0";"0"
"CHUQUISACA";"NOR CINTI";"SAN LUCAS";"CHURQUI CHURQUI";"RURAL";"84";"90";"174";"18";"40";"28";"25";"1";"21"
"CHUQUISACA";"NOR CINTI";"SAN LUCAS";"TOCAMARACCHI";"RURAL";"62";"68";"130";"10";"35";"23";"13";"0";"0"
"CHUQUISACA";"NOR CINTI";"INCAHUASI";"PORTILLO";"RURAL";"53";"61";"114";"11";"32";"18";"17";"0";"0"
"CHUQUISACA";"NOR CINTI";"INCAHUASI";"SAN PEDRITO";"RURAL";"94";"87";"181";"27";"62";"30";"7";"1";"25"
"CHUQUISACA";"SUD CINTI";"CULPINA";"COMUNIDAD SAN PEDRO DE SANCHO";"RURAL";"38";"31";"69";"8";"18";"15";"11";"1";"4"
"CHUQUISACA";"LUIS CALVO";"HUACAYA (AUTONOMÍA GUARANÍ CHAQUEÑO DE HUACAYA)";"CAMATINDIMI";"RURAL";"35";"36";"71";"5";"28";"7";"6";"0";"0"
"CHUQUISACA";"ZUDÁÑEZ";"PRESTO";"JATUN HUASI";"RURAL";"106";"89";"195";"12";"53";"27";"19";"0";"0"
"CHUQUISACA";"ZUDÁÑEZ";"PRESTO";"LOMAN";"RURAL";"250";"210";"460";"38";"116";"78";"35";"1";"18"
"CHUQUISACA";"HERNANDO SILES";"MONTEAGUDO";"VILLA FERNANDEZ";"RURAL";"33";"17";"50";"1";"10";"5";"8";"0";"0"
"CHUQUISACA";"HERNANDO SILES";"HUACARETA";"SAUCE MAYU";"RURAL";"27";"27";"54";"3";"17";"3";"10";"1";"7"
"CHUQUISACA";"YAMPARÁEZ";"TARABUCO";"KAJKA PAMPA";"RURAL";"34";"36";"70";"8";"17";"7";"15";"0";"0"
"CHUQUISACA";"YAMPARÁEZ";"TARABUCO";"VILA VILA";"RURAL";"87";"94";"181";"4";"30";"23";"57";"0";"0"
"CHUQUISACA";"NOR CINTI";"SAN LUCAS";"CAICHOCA";"RURAL";"24";"25";"49";"4";"12";"5";"12";"0";"0"
"CHUQUISACA";"OROPEZA";"SUCRE";"SOTANI";"RURAL";"63";"53";"116";"3";"29";"11";"26";"0";"0"
"CHUQUISACA";"OROPEZA";"SUCRE";"AZARI BAJA";"RURAL";"121";"108";"229";"30";"62";"35";"4";"0";"0"
"CHUQUISACA";"OROPEZA";"YOTALA";"UÑALA";"RURAL";"28";"21";"49";"1";"15";"4";"13";"0";"0"
"CHUQUISACA";"OROPEZA";"POROMA";"COMUNIDAD MARCAVI";"RURAL";"48";"57";"105";"5";"31";"12";"13";"0";"0"
"CHUQUISACA";"OROPEZA";"POROMA";"COMUNIDAD ORIGINARIA PRODUCTIVA CALIZAYA";"RURAL";"96";"92";"188";"9";"45";"24";"49";"1";"11"
"CHUQUISACA";"AZURDUY";"TARVITA";"MOLLENI";"RURAL";"600";"793";"1393";"115";"443";"188";"136";"0";"0"
"CHUQUISACA";"SUD CINTI";"CULPINA";"COMUNIDAD PILAYA";"RURAL";"62";"53";"115";"11";"32";"7";"18";"1";"16"
"CHUQUISACA";"LUIS CALVO";"MACHARETÍ";"CUATRO VIENTOS";"RURAL";"78";"45";"123";"9";"23";"11";"14";"1";"21"
"CHUQUISACA";"NOR CINTI";"SAN LUCAS";"HABAS MAYU";"RURAL";"20";"28";"48";"4";"9";"5";"13";"0";"0"
"CHUQUISACA";"ZUDÁÑEZ";"PRESTO";"TOMOROCO";"RURAL";"42";"45";"87";"4";"23";"10";"21";"0";"0"
"CHUQUISACA";"ZUDÁÑEZ";"MOJOCOYA";"QUIVALE";"RURAL";"52";"62";"114";"9";"38";"9";"10";"0";"0"
"CHUQUISACA";"ZUDÁÑEZ";"ICLA";"PILA TORRE";"RURAL";"166";"138";"304";"15";"78";"47";"30";"1";"14"
"CHUQUISACA";"TOMINA";"PADILLA";"LAMPAZOS";"RURAL";"60";"46";"106";"14";"18";"13";"18";"1";"3"
"CHUQUISACA";"TOMINA";"SOPACHUY";"COMUNIDAD MATELA BAJA";"RURAL";"102";"91";"193";"19";"48";"25";"27";"1";"16"
"CHUQUISACA";"TOMINA";"SOPACHUY";"COMUNIDAD PASLAPAYA";"RURAL";"133";"122";"255";"20";"59";"27";"45";"1";"20"
"CHUQUISACA";"NOR CINTI";"INCAHUASI";"COMUNIDAD VALLE HERMOSO DEL MONTE";"RURAL";"54";"54";"108";"12";"28";"17";"10";"0";"0"
"CHUQUISACA";"YAMPARÁEZ";"TARABUCO";"OTORONGO";"RURAL";"10";"7";"17";"0";"0";"2";"7";"0";"0"
"CHUQUISACA";"OROPEZA";"SUCRE";"COMUNIDAD HUANCARANI";"RURAL";"28";"27";"55";"9";"15";"5";"5";"0";"0"
"CHUQUISACA";"OROPEZA";"SUCRE";"ORURILLO";"RURAL";"32";"33";"65";"8";"16";"3";"13";"1";"8"
"CHUQUISACA";"ZUDÁÑEZ";"PRESTO";"EL PERAL";"RURAL";"87";"80";"167";"13";"39";"14";"30";"0";"0"
"CHUQUISACA";"ZUDÁÑEZ";"ICLA";"KARALLANTAYOJ";"RURAL";"104";"94";"198";"12";"50";"31";"24";"2";"19"
"CHUQUISACA";"TOMINA";"PADILLA";"CHAUJRAL";"RURAL";"23";"20";"43";"4";"4";"3";"5";"1";"2"
"CHUQUISACA";"TOMINA";"EL VILLAR";"RODEITO";"RURAL";"183";"156";"339";"30";"85";"35";"24";"0";"0"
"CHUQUISACA";"HERNANDO SILES";"MONTEAGUDO";"PARAPETI ÑAURENDA";"RURAL";"37";"32";"69";"6";"11";"7";"11";"0";"0"
"CHUQUISACA";"YAMPARÁEZ";"TARABUCO";"SURIMA CHICA";"RURAL";"3";"2";"5";"0";"0";"0";"2";"0";"0"
"CHUQUISACA";"YAMPARÁEZ";"TARABUCO";"PAJCHA";"RURAL";"54";"56";"110";"7";"25";"11";"22";"0";"0"
"CHUQUISACA";"YAMPARÁEZ";"YAMPARÁEZ";"ALCANTARI";"RURAL";"129";"138";"267";"8";"36";"21";"72";"0";"0"
"CHUQUISACA";"YAMPARÁEZ";"YAMPARÁEZ";"LA MENDOZA";"RURAL";"37";"29";"66";"3";"14";"10";"16";"0";"0"
"CHUQUISACA";"NOR CINTI";"CAMARGO";"SANTA ROSA DE TOMAPATA";"RURAL";"31";"27";"58";"2";"10";"9";"14";"0";"0"
"CHUQUISACA";"OROPEZA";"YOTALA";"YOTALA";"URBANO";"859";"926";"1785";"96";"458";"212";"278";"3";"798"
"CHUQUISACA";"OROPEZA";"YOTALA";"SANTA ROSALIA";"RURAL";"38";"32";"70";"8";"15";"9";"10";"0";"0"
"CHUQUISACA";"AZURDUY";"TARVITA";"EL CHACO";"RURAL";"65";"73";"138";"9";"41";"21";"26";"1";"18"
"CHUQUISACA";"NOR CINTI";"INCAHUASI";"LA BANDA INCAHUASI";"RURAL";"8";"2";"10";"0";"1";"4";"1";"0";"0"
"CHUQUISACA";"NOR CINTI";"VILLA CHARCAS";"BOMBOMA";"RURAL";"102";"105";"207";"26";"77";"16";"23";"1";"31"
"CHUQUISACA";"BELISARIO BOETO";"VILLA SERRANO";"CHAPAS";"RURAL";"48";"36";"84";"3";"21";"8";"17";"1";"8"
"CHUQUISACA";"SUD CINTI";"CULPINA";"COMUNIDAD PAMPARAYOC";"RURAL";"0";"2";"2";"0";"0";"0";"2";"0";"0"
"CHUQUISACA";"SUD CINTI";"LAS CARRERAS";"KASPICANCHA";"RURAL";"76";"57";"133";"8";"22";"19";"16";"0";"0"
"CHUQUISACA";"SUD CINTI";"LAS CARRERAS";"SAN JUAN DEL ORO";"RURAL";"214";"201";"415";"26";"95";"48";"56";"1";"48"
"CHUQUISACA";"LUIS CALVO";"HUACAYA (AUTONOMÍA GUARANÍ CHAQUEÑO DE HUACAYA)";"LA LAGUNA";"RURAL";"18";"8";"26";"3";"1";"1";"9";"0";"0"
"CHUQUISACA";"NOR CINTI";"CAMARGO";"TACOMAYO";"RURAL";"75";"63";"138";"9";"21";"17";"30";"0";"0"
"CHUQUISACA";"NOR CINTI";"SAN LUCAS";"LA PALCA";"RURAL";"19";"12";"31";"1";"5";"4";"9";"0";"0"
"CHUQUISACA";"HERNANDO SILES";"HUACARETA";"HUIRASAY";"RURAL";"141";"134";"275";"32";"93";"31";"20";"1";"117"
"CHUQUISACA";"HERNANDO SILES";"HUACARETA";"KAAPUCO";"RURAL";"42";"37";"79";"6";"27";"12";"5";"0";"0"
"CHUQUISACA";"YAMPARÁEZ";"TARABUCO";"LAMPACILLOS";"RURAL";"19";"12";"31";"2";"2";"2";"5";"0";"0"
"CHUQUISACA";"LUIS CALVO";"HUACAYA (AUTONOMÍA GUARANÍ CHAQUEÑO DE HUACAYA)";"MANDIYUTI";"RURAL";"57";"79";"136";"15";"41";"16";"21";"1";"11"
"CHUQUISACA";"LUIS CALVO";"MACHARETÍ";"YUKI CAIPIPENDI";"RURAL";"26";"15";"41";"5";"11";"3";"3";"0";"0"
"CHUQUISACA";"LUIS CALVO";"MACHARETÍ";"TIGUIPA ESTACION";"RURAL";"247";"269";"516";"38";"149";"38";"74";"0";"0"
"CHUQUISACA";"OROPEZA";"SUCRE";"CHALLA";"RURAL";"31";"30";"61";"5";"14";"1";"17";"0";"0"
"CHUQUISACA";"OROPEZA";"SUCRE";"COMUNIDAD CHUFLE";"RURAL";"65";"67";"132";"9";"32";"9";"26";"0";"0"
"CHUQUISACA";"OROPEZA";"SUCRE";"COMUNIDAD TUMPEKA B";"RURAL";"40";"60";"100";"7";"20";"8";"21";"1";"13"
"CHUQUISACA";"OROPEZA";"SUCRE";"LLINFI 7 CASCADAS";"RURAL";"37";"31";"68";"3";"15";"5";"15";"1";"8"
"CHUQUISACA";"ZUDÁÑEZ";"ZUDÁÑEZ";"ZUDAÑEZ";"URBANO";"2422";"2368";"4790";"373";"1158";"605";"531";"4";"910"
"CHUQUISACA";"ZUDÁÑEZ";"PRESTO";"MOTAYA";"RURAL";"43";"29";"72";"2";"17";"5";"7";"0";"0"
"CHUQUISACA";"ZUDÁÑEZ";"MOJOCOYA";"SAN LORENZO";"RURAL";"128";"122";"250";"17";"51";"30";"48";"1";"16"
"CHUQUISACA";"TOMINA";"PADILLA";"LEUQUE PAMPA";"RURAL";"46";"48";"94";"5";"17";"8";"15";"1";"8"
"CHUQUISACA";"TOMINA";"ALCALÁ";"LIMA BAJO";"RURAL";"81";"65";"146";"12";"33";"23";"30";"0";"0"
"CHUQUISACA";"HERNANDO SILES";"MONTEAGUDO";"CAÑADILLAS";"RURAL";"82";"88";"170";"29";"43";"24";"8";"0";"0"
"CHUQUISACA";"HERNANDO SILES";"MONTEAGUDO";"SAN LORENZO";"RURAL";"77";"81";"158";"10";"33";"12";"31";"1";"17"
"CHUQUISACA";"HERNANDO SILES";"HUACARETA";"LA LIMA";"RURAL";"61";"64";"125";"12";"37";"12";"18";"1";"5"
"CHUQUISACA";"OROPEZA";"SUCRE";"SURIMA";"RURAL";"13";"9";"22";"1";"6";"3";"4";"0";"0"
"CHUQUISACA";"OROPEZA";"SUCRE";"VILCALATA";"RURAL";"36";"40";"76";"6";"18";"4";"12";"0";"0"
"CHUQUISACA";"OROPEZA";"YOTALA";"CORTIJO";"RURAL";"9";"7";"16";"2";"5";"0";"3";"0";"0"
"CHUQUISACA";"OROPEZA";"YOTALA";"YOTALILLA";"RURAL";"13";"11";"24";"1";"5";"0";"7";"0";"0"
"CHUQUISACA";"OROPEZA";"POROMA";"COMUNIDAD HUAPI";"RURAL";"51";"41";"92";"10";"27";"7";"18";"1";"13"
"CHUQUISACA";"OROPEZA";"POROMA";"COMUNIDAD PUCARA";"RURAL";"15";"24";"39";"3";"11";"3";"12";"0";"0"
"CHUQUISACA";"AZURDUY";"AZURDUY";"NABOS PAMPA";"RURAL";"39";"43";"82";"6";"15";"2";"19";"1";"7"
"CHUQUISACA";"ZUDÁÑEZ";"ZUDÁÑEZ";"PARACTY";"RURAL";"143";"119";"262";"14";"44";"37";"38";"1";"112"
"CHUQUISACA";"ZUDÁÑEZ";"ZUDÁÑEZ";"SAUCES";"RURAL";"136";"134";"270";"6";"65";"46";"29";"0";"0"
"CHUQUISACA";"YAMPARÁEZ";"TARABUCO";"LABRA MAYU";"RURAL";"42";"56";"98";"5";"14";"5";"37";"1";"0"
"CHUQUISACA";"NOR CINTI";"CAMARGO";"HORNOS";"RURAL";"15";"25";"40";"3";"4";"6";"14";"0";"0"
"CHUQUISACA";"NOR CINTI";"CAMARGO";"OLOLOMA";"RURAL";"29";"28";"57";"5";"23";"6";"2";"1";"35"
"CHUQUISACA";"NOR CINTI";"SAN LUCAS";"SACAVILLQUE CHICO";"RURAL";"188";"196";"384";"56";"132";"53";"40";"1";"133"
"CHUQUISACA";"NOR CINTI";"SAN LUCAS";"THAQU QASA";"RURAL";"46";"53";"99";"2";"20";"8";"31";"1";"4"
"CHUQUISACA";"NOR CINTI";"SAN LUCAS";"THIO PAMPA";"RURAL";"56";"42";"98";"5";"33";"14";"11";"1";"4"
"CHUQUISACA";"SUD CINTI";"CULPINA";"COMUNIDAD LA LOMA";"RURAL";"101";"76";"177";"21";"54";"13";"24";"1";"45"
"CHUQUISACA";"SUD CINTI";"LAS CARRERAS";"SANTA ROSA";"RURAL";"76";"96";"172";"8";"31";"19";"36";"0";"0"
"CHUQUISACA";"LUIS CALVO";"MACHARETÍ";"CAMPO LEON";"RURAL";"66";"47";"113";"7";"12";"12";"26";"2";"8"
"CHUQUISACA";"NOR CINTI";"INCAHUASI";"LAGUNILLA";"RURAL";"46";"61";"107";"13";"38";"14";"7";"1";"25"
"CHUQUISACA";"NOR CINTI";"VILLA CHARCAS";"PALCAPATA";"RURAL";"143";"133";"276";"31";"74";"57";"14";"0";"0"
"CHUQUISACA";"NOR CINTI";"CAMARGO";"LA PLATEADA";"RURAL";"9";"18";"27";"2";"1";"3";"6";"0";"0"
"CHUQUISACA";"NOR CINTI";"INCAHUASI";"EL VERANO";"RURAL";"32";"45";"77";"9";"25";"6";"7";"1";"8"
"CHUQUISACA";"NOR CINTI";"VILLA CHARCAS";"QUISQUIRA ALTA";"RURAL";"18";"16";"34";"2";"8";"3";"5";"1";"6"
"CHUQUISACA";"OROPEZA";"SUCRE";"BELLA VISTA (MELONAR)";"RURAL";"16";"14";"30";"2";"7";"3";"5";"0";"0"
"CHUQUISACA";"OROPEZA";"SUCRE";"PAREDON";"RURAL";"31";"24";"55";"2";"2";"6";"7";"0";"0"
"CHUQUISACA";"ZUDÁÑEZ";"PRESTO";"PUCA PAMPA";"RURAL";"98";"82";"180";"14";"51";"25";"15";"1";"12"
"CHUQUISACA";"TOMINA";"PADILLA";"CRUZ LOMA";"RURAL";"23";"15";"38";"4";"12";"1";"9";"1";"5"
"CHUQUISACA";"TOMINA";"PADILLA";"LA FAJCHA";"RURAL";"31";"26";"57";"4";"13";"6";"12";"2";"10"
"CHUQUISACA";"TOMINA";"PADILLA";"SAN MAURO";"RURAL";"46";"56";"102";"3";"30";"10";"17";"0";"0"
"CHUQUISACA";"TOMINA";"TOMINA";"KANALLA";"RURAL";"81";"63";"144";"11";"30";"19";"13";"0";"0"
"CHUQUISACA";"TOMINA";"SOPACHUY";"COMUNIDAD TAMBILLOS";"RURAL";"61";"51";"112";"6";"22";"14";"12";"0";"0"
"CHUQUISACA";"YAMPARÁEZ";"TARABUCO";"MISKHAMAYU";"RURAL";"24";"38";"62";"2";"14";"5";"16";"0";"0"
"CHUQUISACA";"YAMPARÁEZ";"YAMPARÁEZ";"QUIRAGUANI";"RURAL";"117";"113";"230";"15";"59";"28";"25";"0";"0"
"CHUQUISACA";"OROPEZA";"SUCRE";"THACHOYOJ";"RURAL";"21";"16";"37";"0";"10";"4";"5";"1";"9"
"CHUQUISACA";"OROPEZA";"POROMA";"COMUNIDAD MARIQUILLA";"RURAL";"186";"171";"357";"32";"138";"24";"54";"1";"48"
"CHUQUISACA";"OROPEZA";"POROMA";"COMUNIDAD ORIGINARIA PRODUCTIVA HUAYRAPATA";"RURAL";"97";"76";"173";"17";"40";"19";"34";"1";"8"
"CHUQUISACA";"OROPEZA";"POROMA";"COMUNIDAD SOTO KASA";"RURAL";"42";"26";"68";"3";"17";"10";"14";"0";"0"
"CHUQUISACA";"AZURDUY";"AZURDUY";"PIEDRA GRANDE";"RURAL";"98";"98";"196";"10";"52";"12";"43";"0";"0"
"CHUQUISACA";"AZURDUY";"AZURDUY";"SANTA ROSA";"RURAL";"72";"60";"132";"4";"28";"7";"40";"1";"43"
"CHUQUISACA";"AZURDUY";"TARVITA";"ORCANI";"RURAL";"67";"59";"126";"10";"24";"10";"34";"1";"15"
"CHUQUISACA";"SUD CINTI";"LAS CARRERAS";"TIERRAS DEL SEÑOR";"RURAL";"32";"26";"58";"1";"17";"9";"5";"0";"0"
"CHUQUISACA";"AZURDUY";"TARVITA";"TRANCAS";"RURAL";"25";"26";"51";"3";"10";"3";"12";"0";"0"
"CHUQUISACA";"ZUDÁÑEZ";"ZUDÁÑEZ";"PUCA HUASI";"RURAL";"234";"209";"443";"25";"132";"62";"47";"1";"29"
"CHUQUISACA";"ZUDÁÑEZ";"MOJOCOYA";"CURIMA";"RURAL";"30";"21";"51";"3";"17";"9";"4";"1";"3"
"CHUQUISACA";"HERNANDO SILES";"MONTEAGUDO";"NOGALITOS";"RURAL";"10";"10";"20";"1";"1";"0";"8";"0";"0"
"CHUQUISACA";"HERNANDO SILES";"HUACARETA";"LAUREL";"RURAL";"13";"9";"22";"1";"8";"1";"2";"0";"0"
"CHUQUISACA";"YAMPARÁEZ";"TARABUCO";"JATUN RUMI";"RURAL";"3";"2";"5";"0";"0";"0";"3";"0";"0"
"CHUQUISACA";"BELISARIO BOETO";"VILLA SERRANO";"OVEJEROS";"RURAL";"27";"14";"41";"1";"9";"3";"9";"1";"6"
"CHUQUISACA";"BELISARIO BOETO";"VILLA SERRANO";"YUNGUILLAS";"RURAL";"48";"45";"93";"12";"30";"9";"14";"0";"0"
"CHUQUISACA";"SUD CINTI";"VILLA ABECIA";"PIOCA";"RURAL";"37";"24";"61";"4";"14";"3";"5";"0";"0"
"CHUQUISACA";"SUD CINTI";"CULPINA";"COMUNIDAD CARAPARI";"RURAL";"49";"44";"93";"2";"16";"5";"28";"1";"2"
"CHUQUISACA";"LUIS CALVO";"VILLA VACA GUZMÁN";"NUEVA ESPERANZA";"RURAL";"52";"42";"94";"6";"26";"15";"10";"0";"0"
"CHUQUISACA";"LUIS CALVO";"HUACAYA (AUTONOMÍA GUARANÍ CHAQUEÑO DE HUACAYA)";"TABAYERUPA";"RURAL";"23";"9";"32";"0";"4";"3";"3";"0";"0"
"CHUQUISACA";"OROPEZA";"SUCRE";"COMUNIDAD KHOCHAPATA";"RURAL";"58";"61";"119";"9";"29";"9";"27";"1";"34"
"CHUQUISACA";"OROPEZA";"SUCRE";"EL CHACO";"RURAL";"29";"29";"58";"3";"14";"2";"18";"0";"0"
"CHUQUISACA";"OROPEZA";"SUCRE";"SIVISTO";"RURAL";"74";"77";"151";"10";"36";"19";"32";"0";"0"
"CHUQUISACA";"OROPEZA";"YOTALA";"PALAMANA";"RURAL";"7";"1";"8";"0";"0";"1";"3";"0";"0"
"CHUQUISACA";"OROPEZA";"POROMA";"COMUNIDAD LA CKASA";"RURAL";"87";"83";"170";"9";"40";"16";"40";"1";"18"
"CHUQUISACA";"OROPEZA";"POROMA";"COMUNIDAD PAMPAS ALTA";"RURAL";"44";"47";"91";"10";"29";"9";"9";"0";"0"
"CHUQUISACA";"AZURDUY";"AZURDUY";"RODEANA";"RURAL";"21";"14";"35";"0";"10";"2";"5";"1";"6"
"CHUQUISACA";"AZURDUY";"TARVITA";"SAN MIGUEL";"RURAL";"165";"158";"323";"32";"79";"33";"82";"0";"0"
"CHUQUISACA";"NOR CINTI";"CAMARGO";"CRUZ HUASI";"RURAL";"17";"20";"37";"5";"10";"7";"4";"2";"20"
"CHUQUISACA";"NOR CINTI";"CAMARGO";"LA LAGUNA";"RURAL";"50";"43";"93";"8";"27";"16";"5";"0";"0"
"CHUQUISACA";"NOR CINTI";"VILLA CHARCAS";"CHUNCHULI ALTO";"RURAL";"165";"151";"316";"30";"93";"51";"31";"0";"0"
"CHUQUISACA";"NOR CINTI";"VILLA CHARCAS";"LAMBRANI";"RURAL";"59";"56";"115";"7";"49";"8";"13";"1";"18"
"CHUQUISACA";"NOR CINTI";"VILLA CHARCAS";"PUCARA";"RURAL";"202";"225";"427";"18";"111";"47";"73";"0";"0"
"CHUQUISACA";"LUIS CALVO";"MACHARETÍ";"IPAUZO";"RURAL";"38";"32";"70";"5";"17";"6";"14";"0";"0"
"CHUQUISACA";"YAMPARÁEZ";"TARABUCO";"VILA VILA";"RURAL";"5";"5";"10";"0";"2";"0";"3";"0";"0"
"CHUQUISACA";"YAMPARÁEZ";"YAMPARÁEZ";"PACCHA PATA";"RURAL";"7";"4";"11";"0";"0";"0";"4";"0";"0"
"CHUQUISACA";"YAMPARÁEZ";"YAMPARÁEZ";"TIHUACANA";"RURAL";"36";"33";"69";"6";"13";"2";"19";"1";"9"
"CHUQUISACA";"NOR CINTI";"VILLA CHARCAS";"SACARI";"RURAL";"238";"238";"476";"30";"128";"83";"71";"2";"54"
"CHUQUISACA";"NOR CINTI";"VILLA CHARCAS";"SAN JOSE DE CHUNCHULI";"RURAL";"121";"120";"241";"13";"42";"42";"31";"1";"10"
"CHUQUISACA";"OROPEZA";"SUCRE";"COMUNIDAD MOLLE MOLLE";"RURAL";"106";"108";"214";"20";"59";"28";"33";"1";"6"
"CHUQUISACA";"OROPEZA";"YOTALA";"CHAMINA";"RURAL";"41";"29";"70";"1";"20";"5";"21";"1";"8"
"CHUQUISACA";"OROPEZA";"POROMA";"COMUNIDAD CHALLCHA";"RURAL";"73";"59";"132";"10";"26";"13";"30";"1";"155"
"CHUQUISACA";"AZURDUY";"AZURDUY";"TAMBOS";"RURAL";"59";"64";"123";"18";"34";"20";"17";"1";"19"
"CHUQUISACA";"YAMPARÁEZ";"TARABUCO";"MOLLE MAYU";"RURAL";"37";"51";"88";"8";"24";"6";"24";"0";"0"
"CHUQUISACA";"YAMPARÁEZ";"TARABUCO";"RINCON LUPIARA";"RURAL";"62";"61";"123";"5";"22";"12";"41";"0";"0"
"CHUQUISACA";"YAMPARÁEZ";"TARABUCO";"QOLLPA PAMPA";"RURAL";"34";"31";"65";"6";"24";"6";"8";"0";"0"
"CHUQUISACA";"YAMPARÁEZ";"YAMPARÁEZ";"KOMPUCO";"RURAL";"165";"164";"329";"16";"70";"35";"43";"0";"0"
"CHUQUISACA";"NOR CINTI";"CAMARGO";"SUQUISTACA";"RURAL";"8";"14";"22";"0";"8";"1";"4";"0";"0"
"CHUQUISACA";"ZUDÁÑEZ";"MOJOCOYA";"MOJOCOYA";"RURAL";"9";"16";"25";"1";"8";"6";"1";"0";"0"
"CHUQUISACA";"ZUDÁÑEZ";"ICLA";"RODEO";"RURAL";"147";"130";"277";"16";"72";"38";"48";"1";"27"
"CHUQUISACA";"TOMINA";"PADILLA";"LLANTOJ";"RURAL";"36";"30";"66";"8";"13";"6";"8";"3";"35"
"CHUQUISACA";"TOMINA";"TOMINA";"PUCARA";"RURAL";"184";"153";"337";"16";"73";"45";"53";"1";"32"
"CHUQUISACA";"HERNANDO SILES";"MONTEAGUDO";"AGUADILLAS";"RURAL";"41";"34";"75";"2";"19";"8";"9";"1";"7"
"CHUQUISACA";"HERNANDO SILES";"MONTEAGUDO";"SANTA ROSA";"RURAL";"121";"99";"220";"12";"55";"21";"31";"0";"0"
"CHUQUISACA";"HERNANDO SILES";"HUACARETA";"ARASARENDA";"RURAL";"15";"11";"26";"0";"7";"0";"2";"0";"0"
"CHUQUISACA";"HERNANDO SILES";"HUACARETA";"PIRAYCITO";"RURAL";"117";"87";"204";"19";"51";"15";"33";"0";"0"
"CHUQUISACA";"NOR CINTI";"VILLA CHARCAS";"TIPANI";"RURAL";"128";"129";"257";"30";"84";"29";"17";"1";"41"
"CHUQUISACA";"BELISARIO BOETO";"VILLA SERRANO";"SANTIAGO CHICO";"RURAL";"54";"44";"98";"9";"25";"12";"9";"1";"6"
"CHUQUISACA";"AZURDUY";"TARVITA";"INCA PAMPA";"RURAL";"192";"188";"380";"45";"117";"24";"56";"0";"0"
"CHUQUISACA";"AZURDUY";"TARVITA";"VILLA PAMPA";"RURAL";"126";"147";"273";"25";"83";"41";"30";"2";"42"
"CHUQUISACA";"ZUDÁÑEZ";"ZUDÁÑEZ";"PATA TORCOCO";"RURAL";"140";"134";"274";"8";"56";"46";"31";"0";"0"
"CHUQUISACA";"ZUDÁÑEZ";"MOJOCOYA";"MOJOCOYA";"RURAL";"103";"106";"209";"6";"44";"10";"69";"0";"0"
"CHUQUISACA";"BELISARIO BOETO";"VILLA SERRANO";"PAMPAS DEL TIGRE";"RURAL";"120";"106";"226";"11";"53";"18";"41";"0";"0"
"CHUQUISACA";"SUD CINTI";"LAS CARRERAS";"IMPORA";"RURAL";"52";"57";"109";"9";"19";"17";"19";"0";"0"
"CHUQUISACA";"LUIS CALVO";"MACHARETÍ";"EL VINAL";"RURAL";"58";"34";"92";"7";"26";"4";"18";"1";"27"
"CHUQUISACA";"TOMINA";"PADILLA";"PADILLA";"URBANO";"2009";"2223";"4232";"311";"1001";"524";"607";"5";"1286"
"CHUQUISACA";"TOMINA";"PADILLA";"PILLUIQUI";"RURAL";"50";"39";"89";"8";"17";"4";"13";"0";"0"
"CHUQUISACA";"TOMINA";"SOPACHUY";"AMANCAYA";"RURAL";"180";"163";"343";"33";"83";"47";"59";"0";"0"
"CHUQUISACA";"OROPEZA";"SUCRE";"CHAQUITO";"RURAL";"59";"49";"108";"5";"17";"9";"15";"0";"0"
"CHUQUISACA";"ZUDÁÑEZ";"ZUDÁÑEZ";"PASOTA";"RURAL";"247";"206";"453";"32";"95";"64";"45";"1";"13"
"CHUQUISACA";"ZUDÁÑEZ";"ZUDÁÑEZ";"PIRHUA MAYU";"RURAL";"177";"165";"342";"22";"70";"45";"50";"1";"14"
"CHUQUISACA";"ZUDÁÑEZ";"MOJOCOYA";"LAICA COTA";"RURAL";"72";"66";"138";"10";"21";"16";"23";"1";"4"
"CHUQUISACA";"ZUDÁÑEZ";"ICLA";"ICLA";"RURAL";"357";"411";"768";"47";"163";"68";"108";"1";"188"
"CHUQUISACA";"OROPEZA";"SUCRE";"COMUNIDAD CHAUNACA BAJA";"RURAL";"44";"46";"90";"8";"20";"4";"18";"0";"0"
"CHUQUISACA";"OROPEZA";"SUCRE";"COMUNIDAD JANAQ KUCHU";"RURAL";"94";"84";"178";"14";"44";"15";"29";"0";"0"
"CHUQUISACA";"OROPEZA";"SUCRE";"PORONGO";"RURAL";"1";"2";"3";"0";"1";"0";"1";"0";"0"
"CHUQUISACA";"OROPEZA";"SUCRE";"TRANCA MAYU";"RURAL";"2";"2";"4";"0";"0";"0";"1";"0";"0"
"CHUQUISACA";"OROPEZA";"SUCRE";"TAJCHI";"RURAL";"64";"105";"169";"9";"20";"21";"44";"2";"57"
"CHUQUISACA";"OROPEZA";"SUCRE";"MOJTULO";"RURAL";"58";"78";"136";"6";"40";"13";"26";"0";"0"
"CHUQUISACA";"OROPEZA";"POROMA";"COMUNIDAD EXALTACION";"RURAL";"86";"82";"168";"18";"52";"22";"31";"1";"4"
"CHUQUISACA";"OROPEZA";"POROMA";"COMUNIDAD ROBLEDO";"RURAL";"86";"73";"159";"7";"32";"16";"52";"0";"0"
"CHUQUISACA";"TOMINA";"ALCALÁ";"LIMA BAMBA CENTRO";"RURAL";"153";"219";"372";"24";"85";"52";"59";"1";"151"
"CHUQUISACA";"HERNANDO SILES";"MONTEAGUDO";"CHAPI MAYU";"RURAL";"143";"138";"281";"17";"69";"17";"48";"0";"0"
"CHUQUISACA";"HERNANDO SILES";"HUACARETA";"AGUADILLAS";"RURAL";"14";"11";"25";"1";"8";"1";"1";"0";"0"
"CHUQUISACA";"HERNANDO SILES";"HUACARETA";"ITAPO";"RURAL";"56";"39";"95";"7";"24";"4";"17";"1";"12"
"CHUQUISACA";"YAMPARÁEZ";"YAMPARÁEZ";"HUASA CANCHA";"RURAL";"54";"54";"108";"11";"20";"11";"28";"1";"95"
"CHUQUISACA";"LUIS CALVO";"VILLA VACA GUZMÁN";"KARATINDY";"RURAL";"120";"121";"241";"7";"112";"24";"36";"2";"112"
"CHUQUISACA";"LUIS CALVO";"VILLA VACA GUZMÁN";"VILLA AIDA";"RURAL";"15";"12";"27";"4";"1";"5";"8";"0";"0"
"CHUQUISACA";"LUIS CALVO";"HUACAYA (AUTONOMÍA GUARANÍ CHAQUEÑO DE HUACAYA)";"HUACAYAREAPE";"RURAL";"28";"22";"50";"3";"14";"4";"5";"0";"0"
"CHUQUISACA";"ZUDÁÑEZ";"ICLA";"CHUNCA CANCHA BAJA";"RURAL";"50";"52";"102";"5";"33";"14";"20";"0";"0"
"CHUQUISACA";"ZUDÁÑEZ";"ICLA";"PUPAYOJ";"RURAL";"69";"73";"142";"11";"47";"28";"16";"1";"18"
"CHUQUISACA";"ZUDÁÑEZ";"ICLA";"RINCON NIAGARA";"RURAL";"85";"106";"191";"9";"45";"26";"28";"0";"0"
"CHUQUISACA";"TOMINA";"PADILLA";"LAS CASAS";"RURAL";"36";"44";"80";"6";"13";"6";"24";"0";"0"
"CHUQUISACA";"NOR CINTI";"INCAHUASI";"AGUA Y CERCA";"RURAL";"75";"59";"134";"11";"33";"19";"25";"1";"12"
"CHUQUISACA";"NOR CINTI";"INCAHUASI";"BUENA VISTA";"RURAL";"143";"128";"271";"45";"82";"40";"20";"0";"0"
"CHUQUISACA";"BELISARIO BOETO";"VILLA SERRANO";"PIEDRA GRANDE";"RURAL";"92";"85";"177";"17";"43";"15";"33";"2";"62"
"CHUQUISACA";"BELISARIO BOETO";"VILLA SERRANO";"POTREROS";"RURAL";"114";"95";"209";"18";"45";"17";"34";"1";"27"
"CHUQUISACA";"BELISARIO BOETO";"VILLA SERRANO";"SOCABON";"RURAL";"31";"34";"65";"3";"18";"7";"13";"1";"5"
"CHUQUISACA";"SUD CINTI";"CULPINA";"COMUNIDAD POTRERO PUCAPAMPA";"RURAL";"42";"39";"81";"10";"25";"3";"14";"1";"9"
"CHUQUISACA";"SUD CINTI";"CULPINA";"EL PALMAR";"RURAL";"249";"218";"467";"37";"109";"54";"64";"0";"0"
"CHUQUISACA";"LUIS CALVO";"HUACAYA (AUTONOMÍA GUARANÍ CHAQUEÑO DE HUACAYA)";"VILLA MERCEDES";"RURAL";"70";"61";"131";"13";"37";"14";"14";"0";"0"
"CHUQUISACA";"LUIS CALVO";"MACHARETÍ";"BAJO BORDO ALTO";"RURAL";"28";"18";"46";"4";"6";"6";"13";"0";"0"
"CHUQUISACA";"YAMPARÁEZ";"YAMPARÁEZ";"KACHUQUIRA";"RURAL";"28";"22";"50";"0";"7";"3";"18";"1";"6"
"CHUQUISACA";"NOR CINTI";"CAMARGO";"MOLLINI";"RURAL";"141";"138";"279";"22";"69";"43";"22";"1";"31"
"CHUQUISACA";"NOR CINTI";"CAMARGO";"QUIRUSILLANI";"RURAL";"20";"11";"31";"2";"7";"5";"11";"1";"4"
"CHUQUISACA";"NOR CINTI";"CAMARGO";"RODEO GRANDE";"RURAL";"30";"36";"66";"4";"13";"4";"21";"0";"0"
"CHUQUISACA";"NOR CINTI";"SAN LUCAS";"ASTOLA";"RURAL";"43";"27";"70";"3";"12";"5";"17";"0";"0"
"CHUQUISACA";"NOR CINTI";"SAN LUCAS";"CINTEÑO TAMBO";"RURAL";"41";"53";"94";"7";"24";"10";"22";"0";"0"
"CHUQUISACA";"NOR CINTI";"SAN LUCAS";"COLLPA";"RURAL";"119";"141";"260";"18";"87";"17";"47";"1";"129"
"CHUQUISACA";"NOR CINTI";"SAN LUCAS";"MALLIRI";"RURAL";"554";"545";"1099";"82";"298";"113";"100";"0";"0"
"CHUQUISACA";"YAMPARÁEZ";"TARABUCO";"QUISCOLI";"RURAL";"51";"50";"101";"6";"27";"12";"28";"1";"13"
"CHUQUISACA";"TOMINA";"TOMINA";"OTORONGO";"RURAL";"110";"134";"244";"15";"61";"25";"37";"1";"14"
"CHUQUISACA";"TOMINA";"TOMINA";"TOMINA";"RURAL";"54";"75";"129";"13";"45";"17";"10";"0";"0"
"CHUQUISACA";"TOMINA";"SOPACHUY";"COMUNIDAD ALISOS";"RURAL";"100";"81";"181";"18";"43";"26";"23";"2";"34"
"CHUQUISACA";"TOMINA";"ALCALÁ";"HOYADA GRANDE";"RURAL";"30";"12";"42";"1";"8";"1";"10";"0";"0"
"CHUQUISACA";"TOMINA";"ALCALÁ";"POMABAMBILLO";"RURAL";"73";"66";"139";"7";"22";"22";"29";"0";"0"
"CHUQUISACA";"YAMPARÁEZ";"YAMPARÁEZ";"LA MENDOZA";"RURAL";"73";"73";"146";"5";"28";"18";"31";"0";"0"
"CHUQUISACA";"YAMPARÁEZ";"YAMPARÁEZ";"PAMPA YAMPARA";"RURAL";"69";"83";"152";"9";"23";"11";"42";"1";"6"
"CHUQUISACA";"NOR CINTI";"CAMARGO";"CHAÑARMAYO";"RURAL";"16";"11";"27";"0";"2";"1";"15";"0";"0"
"CHUQUISACA";"NOR CINTI";"SAN LUCAS";"TAMBO KASA";"RURAL";"100";"102";"202";"14";"72";"11";"37";"1";"104"
"CHUQUISACA";"NOR CINTI";"VILLA CHARCAS";"CENTRO VILLA CHARCAS";"RURAL";"246";"279";"525";"61";"176";"50";"28";"0";"0"
"CHUQUISACA";"BELISARIO BOETO";"VILLA SERRANO";"PAMPAS ARIAS";"RURAL";"0";"0";"0";"0";"0";"0";"0";"1";"16"
"CHUQUISACA";"OROPEZA";"POROMA";"BASTACA";"RURAL";"75";"55";"130";"15";"43";"21";"15";"0";"0"
"CHUQUISACA";"OROPEZA";"POROMA";"COMUNIDAD CURCUNCHI";"RURAL";"30";"32";"62";"4";"15";"4";"18";"0";"0"
"CHUQUISACA";"AZURDUY";"TARVITA";"SAN MIGUEL DE MARCAVI";"RURAL";"217";"198";"415";"33";"129";"50";"50";"1";"108"
"CHUQUISACA";"ZUDÁÑEZ";"PRESTO";"CORRALON";"RURAL";"161";"145";"306";"26";"91";"47";"48";"1";"26"
"CHUQUISACA";"TOMINA";"TOMINA";"ARQUILLOS";"RURAL";"138";"134";"272";"19";"77";"17";"52";"0";"0"
"CHUQUISACA";"HERNANDO SILES";"MONTEAGUDO";"PUCAHUSI";"RURAL";"98";"76";"174";"9";"47";"18";"31";"1";"26"
"CHUQUISACA";"HERNANDO SILES";"HUACARETA";"TENTAPUKO";"RURAL";"9";"8";"17";"2";"4";"2";"3";"0";"0"
"CHUQUISACA";"YAMPARÁEZ";"TARABUCO";"JATUN CHURICANA";"RURAL";"76";"58";"134";"10";"35";"9";"30";"1";"21"
"CHUQUISACA";"SUD CINTI";"VILLA ABECIA";"ACHUMA";"RURAL";"187";"165";"352";"31";"56";"38";"63";"1";"7"
"CHUQUISACA";"SUD CINTI";"CULPINA";"COMUNIDAD ALTO MARCO ANTONIO";"RURAL";"30";"25";"55";"5";"11";"9";"8";"1";"2"
"CHUQUISACA";"SUD CINTI";"CULPINA";"COMUNIDAD EL SALITRE";"RURAL";"70";"64";"134";"10";"33";"15";"38";"1";"10"
"CHUQUISACA";"LUIS CALVO";"VILLA VACA GUZMÁN";"LA TAPERA";"RURAL";"42";"33";"75";"7";"21";"2";"8";"0";"0"
"CHUQUISACA";"LUIS CALVO";"VILLA VACA GUZMÁN";"TURURUMBA";"RURAL";"33";"42";"75";"7";"25";"2";"15";"1";"4"
"CHUQUISACA";"LUIS CALVO";"VILLA VACA GUZMÁN";"CUMANDAYTI";"RURAL";"200";"205";"405";"23";"226";"29";"26";"0";"0"
"CHUQUISACA";"LUIS CALVO";"HUACAYA (AUTONOMÍA GUARANÍ CHAQUEÑO DE HUACAYA)";"SANTA ROSA";"RURAL";"6";"8";"14";"0";"4";"0";"6";"0";"0"
"CHUQUISACA";"LUIS CALVO";"MACHARETÍ";"CARANDAYTI";"RURAL";"108";"123";"231";"23";"59";"43";"26";"1";"142"
"CHUQUISACA";"OROPEZA";"SUCRE";"COMUNIDAD CAJAMARCA";"RURAL";"72";"76";"148";"10";"31";"12";"21";"0";"0"
"CHUQUISACA";"AZURDUY";"TARVITA";"PAMPA GRANDE";"RURAL";"62";"42";"104";"2";"24";"3";"28";"1";"4"
"CHUQUISACA";"TOMINA";"PADILLA";"LA SEJA";"RURAL";"8";"3";"11";"0";"1";"1";"2";"0";"0"
"CHUQUISACA";"TOMINA";"TOMINA";"THURU CANCHA";"RURAL";"182";"170";"352";"30";"103";"56";"49";"1";"37"
"CHUQUISACA";"HERNANDO SILES";"MONTEAGUDO";"ACHIRAL";"RURAL";"94";"80";"174";"17";"45";"11";"21";"1";"23"
"CHUQUISACA";"YAMPARÁEZ";"TARABUCO";"FICHUYOJ";"RURAL";"13";"58";"71";"0";"16";"15";"16";"1";"8"
"CHUQUISACA";"YAMPARÁEZ";"TARABUCO";"JAUJA ESMERALDA";"RURAL";"57";"63";"120";"10";"33";"15";"11";"1";"10"
"CHUQUISACA";"ZUDÁÑEZ";"PRESTO";"LLAVETANI";"RURAL";"53";"41";"94";"5";"17";"17";"10";"0";"0"
"CHUQUISACA";"ZUDÁÑEZ";"MOJOCOYA";"CHIQUERILLOS";"RURAL";"59";"58";"117";"12";"24";"9";"11";"1";"7"
"CHUQUISACA";"TOMINA";"PADILLA";"KHAKAHUASI";"RURAL";"33";"31";"64";"1";"18";"4";"14";"1";"5"
"CHUQUISACA";"YAMPARÁEZ";"YAMPARÁEZ";"SOROJCHI";"RURAL";"44";"53";"97";"4";"23";"4";"25";"0";"0"
"CHUQUISACA";"NOR CINTI";"CAMARGO";"MOCOPATA";"RURAL";"72";"93";"165";"13";"35";"19";"26";"0";"0"
"CHUQUISACA";"SUD CINTI";"LAS CARRERAS";"SANTA ROSA";"RURAL";"34";"43";"77";"5";"13";"6";"15";"0";"0"
"CHUQUISACA";"TOMINA";"SOPACHUY";"COMUNIDAD MILANES ALTO";"RURAL";"42";"36";"78";"9";"15";"10";"14";"0";"0"
"CHUQUISACA";"TOMINA";"ALCALÁ";"LIMA ALTO";"RURAL";"52";"46";"98";"1";"15";"8";"25";"0";"0"
"CHUQUISACA";"TOMINA";"ALCALÁ";"VILLCA VILLCA";"RURAL";"32";"30";"62";"1";"12";"5";"9";"1";"6"
"CHUQUISACA";"OROPEZA";"SUCRE";"KACHA KACHA";"RURAL";"44";"40";"84";"4";"20";"7";"8";"0";"0"
"CHUQUISACA";"YAMPARÁEZ";"TARABUCO";"TARCANI ALTA";"RURAL";"86";"84";"170";"11";"55";"16";"35";"1";"33"
"CHUQUISACA";"NOR CINTI";"CAMARGO";"CARPACHACRA";"RURAL";"47";"45";"92";"4";"24";"7";"15";"1";"10"
"CHUQUISACA";"NOR CINTI";"CAMARGO";"JATUN HUASI";"RURAL";"89";"59";"148";"11";"53";"28";"10";"1";"15"
"CHUQUISACA";"HERNANDO SILES";"MONTEAGUDO";"CAPILLA VIEJA";"RURAL";"35";"29";"64";"3";"14";"4";"15";"1";"8"
"CHUQUISACA";"HERNANDO SILES";"MONTEAGUDO";"IVOPERENDA";"RURAL";"35";"40";"75";"4";"17";"3";"21";"0";"0"
"CHUQUISACA";"HERNANDO SILES";"MONTEAGUDO";"YAJO PAMPA";"RURAL";"22";"18";"40";"1";"9";"5";"7";"1";"3"
"CHUQUISACA";"YAMPARÁEZ";"TARABUCO";"KOLLACAMANI";"RURAL";"71";"75";"146";"9";"24";"25";"27";"1";"4"
"CHUQUISACA";"OROPEZA";"SUCRE";"MOLLE MAYU";"RURAL";"17";"17";"34";"2";"9";"1";"6";"0";"0"
"CHUQUISACA";"OROPEZA";"YOTALA";"SALANCACHI";"RURAL";"66";"80";"146";"15";"48";"13";"16";"0";"0"
"CHUQUISACA";"OROPEZA";"POROMA";"COMUNIDAD URUGUAYO BAJA";"RURAL";"42";"46";"88";"6";"30";"10";"11";"0";"0"
"CHUQUISACA";"AZURDUY";"AZURDUY";"HUANCARANILLO";"RURAL";"43";"33";"76";"6";"11";"10";"24";"0";"0"
"CHUQUISACA";"ZUDÁÑEZ";"MOJOCOYA";"TOCORO";"RURAL";"90";"77";"167";"18";"34";"16";"18";"1";"10"
"CHUQUISACA";"TOMINA";"PADILLA";"EL TABACAL";"RURAL";"83";"74";"157";"13";"33";"5";"33";"1";"33"
"CHUQUISACA";"TOMINA";"TOMINA";"PAMPAS ABAJO";"RURAL";"190";"189";"379";"16";"85";"51";"63";"1";"19"
"CHUQUISACA";"TOMINA";"TOMINA";"RUMI CANCHA";"RURAL";"24";"20";"44";"5";"9";"1";"13";"0";"0"
"CHUQUISACA";"NOR CINTI";"CAMARGO";"LINTACA";"RURAL";"61";"52";"113";"9";"8";"11";"28";"0";"0"
"CHUQUISACA";"NOR CINTI";"CAMARGO";"PALQUIPAMPA";"RURAL";"30";"23";"53";"2";"15";"4";"14";"0";"0"
"CHUQUISACA";"NOR CINTI";"CAMARGO";"TACAQUIRA";"RURAL";"111";"141";"252";"12";"50";"18";"65";"2";"24"
"CHUQUISACA";"NOR CINTI";"SAN LUCAS";"CARACOLLO";"RURAL";"72";"93";"165";"5";"38";"22";"43";"1";"8"
"CHUQUISACA";"NOR CINTI";"SAN LUCAS";"ORGANOS PAMPA";"RURAL";"38";"34";"72";"4";"27";"7";"9";"0";"0"
"CHUQUISACA";"NOR CINTI";"SAN LUCAS";"SIERRA GRANDE";"RURAL";"47";"38";"85";"9";"29";"9";"15";"1";"12"
"CHUQUISACA";"BELISARIO BOETO";"VILLA SERRANO";"JAHUE";"RURAL";"13";"14";"27";"2";"10";"5";"2";"0";"0"
"CHUQUISACA";"SUD CINTI";"CULPINA";"COMUNIDAD CANTU PAMPA";"RURAL";"87";"89";"176";"16";"49";"19";"25";"1";"24"
"CHUQUISACA";"OROPEZA";"POROMA";"COMUNIDAD TAPALA";"RURAL";"43";"44";"87";"2";"16";"10";"21";"0";"0"
"CHUQUISACA";"OROPEZA";"SUCRE";"COLLPA GRANDE";"RURAL";"36";"43";"79";"5";"20";"6";"10";"0";"0"
"CHUQUISACA";"OROPEZA";"SUCRE";"MOJON PAMPA";"RURAL";"4";"3";"7";"0";"1";"0";"0";"0";"0"
"CHUQUISACA";"OROPEZA";"SUCRE";"OVEJERIAS";"RURAL";"30";"34";"64";"4";"24";"2";"9";"0";"0"
"CHUQUISACA";"OROPEZA";"YOTALA";"YOTALILLA";"RURAL";"156";"150";"306";"27";"78";"42";"37";"0";"0"
"CHUQUISACA";"OROPEZA";"YOTALA";"PALAMANA";"RURAL";"41";"31";"72";"2";"8";"10";"26";"0";"0"
"CHUQUISACA";"OROPEZA";"POROMA";"COMUNIDAD ALTO KORIPUNCU";"RURAL";"68";"53";"121";"7";"29";"19";"28";"0";"0"
"CHUQUISACA";"ZUDÁÑEZ";"ZUDÁÑEZ";"CAPILLA LLAVE";"RURAL";"144";"143";"287";"18";"65";"34";"29";"0";"0"
"CHUQUISACA";"TOMINA";"ALCALÁ";"LIMA CENTRO";"RURAL";"55";"49";"104";"6";"19";"10";"34";"0";"0"
"CHUQUISACA";"HERNANDO SILES";"MONTEAGUDO";"EL PUENTE";"RURAL";"31";"44";"75";"6";"16";"3";"14";"1";"8"
"CHUQUISACA";"HERNANDO SILES";"MONTEAGUDO";"SIVIGAMAYU A";"RURAL";"75";"55";"130";"12";"30";"10";"17";"0";"0"
"CHUQUISACA";"HERNANDO SILES";"HUACARETA";"CUMANDAITI";"RURAL";"26";"21";"47";"4";"6";"1";"15";"0";"0"
"CHUQUISACA";"YAMPARÁEZ";"TARABUCO";"LAJAS SIJLLA";"RURAL";"212";"212";"424";"31";"119";"49";"75";"1";"205"
"CHUQUISACA";"YAMPARÁEZ";"TARABUCO";"CHUAO PAMPA";"RURAL";"57";"50";"107";"1";"16";"19";"21";"1";"6"
"CHUQUISACA";"NOR CINTI";"SAN LUCAS";"PAMPA CIENEGA";"RURAL";"85";"98";"183";"21";"46";"13";"34";"1";"20"
"CHUQUISACA";"NOR CINTI";"VILLA CHARCAS";"HUANCARANI ALTO";"RURAL";"226";"261";"487";"52";"142";"71";"61";"1";"170"
"CHUQUISACA";"NOR CINTI";"VILLA CHARCAS";"PUCARA DE LLUJLLAYA";"RURAL";"154";"156";"310";"23";"83";"52";"40";"1";"23"
"CHUQUISACA";"LUIS CALVO";"HUACAYA (AUTONOMÍA GUARANÍ CHAQUEÑO DE HUACAYA)";"ITANGUA";"RURAL";"13";"5";"18";"0";"4";"3";"3";"0";"0"
"CHUQUISACA";"LUIS CALVO";"MACHARETÍ";"LAS LOMAS";"RURAL";"32";"25";"57";"4";"16";"8";"7";"1";"9"
"CHUQUISACA";"OROPEZA";"SUCRE";"CHARCOMA";"RURAL";"37";"41";"78";"2";"13";"7";"28";"0";"0"
"CHUQUISACA";"OROPEZA";"SUCRE";"MOJTULO";"RURAL";"11";"14";"25";"4";"5";"1";"1";"0";"0"
"CHUQUISACA";"OROPEZA";"SUCRE";"PAMPAS AGUILA KASA";"RURAL";"23";"3";"26";"3";"1";"2";"4";"1";"6"
"CHUQUISACA";"OROPEZA";"SUCRE";"YANA WARA";"RURAL";"1";"4";"5";"0";"2";"1";"1";"0";"0"
"CHUQUISACA";"OROPEZA";"SUCRE";"KHOCHIS";"RURAL";"120";"130";"250";"29";"70";"24";"24";"0";"0"
"CHUQUISACA";"OROPEZA";"YOTALA";"TAMBO AQHACHILLA";"RURAL";"40";"40";"80";"6";"22";"7";"15";"0";"0"
"CHUQUISACA";"OROPEZA";"YOTALA";"UÑALA";"RURAL";"11";"8";"19";"0";"2";"3";"7";"0";"0"
"CHUQUISACA";"AZURDUY";"AZURDUY";"PINOS";"RURAL";"140";"135";"275";"19";"98";"35";"28";"1";"77"
"CHUQUISACA";"NOR CINTI";"INCAHUASI";"MIRAFLORES";"RURAL";"739";"636";"1375";"76";"312";"154";"179";"1";"76"
"CHUQUISACA";"NOR CINTI";"INCAHUASI";"SANTA ROSA";"RURAL";"117";"114";"231";"23";"66";"47";"16";"1";"17"
"CHUQUISACA";"AZURDUY";"AZURDUY";"RODEO GRANDE";"RURAL";"38";"29";"67";"8";"21";"1";"16";"0";"0"
"CHUQUISACA";"AZURDUY";"TARVITA";"CUÑURI PAMPA";"RURAL";"55";"57";"112";"5";"18";"19";"28";"0";"0"
"CHUQUISACA";"ZUDÁÑEZ";"ZUDÁÑEZ";"MAYU TORCOCO";"RURAL";"177";"167";"344";"23";"74";"41";"43";"1";"17"
"CHUQUISACA";"ZUDÁÑEZ";"PRESTO";"HORNO Q'ASA";"RURAL";"82";"88";"170";"20";"36";"28";"17";"1";"12"
"CHUQUISACA";"TOMINA";"PADILLA";"TAPIAL";"RURAL";"54";"41";"95";"13";"19";"13";"18";"1";"6"
"CHUQUISACA";"HERNANDO SILES";"MONTEAGUDO";"CHUNCUSLA";"RURAL";"86";"73";"159";"14";"40";"15";"23";"0";"0"
"CHUQUISACA";"HERNANDO SILES";"MONTEAGUDO";"CUMARINDO";"RURAL";"15";"14";"29";"3";"7";"1";"2";"1";"5"
"CHUQUISACA";"HERNANDO SILES";"HUACARETA";"ITACUA";"RURAL";"49";"50";"99";"8";"17";"7";"24";"0";"0"
"CHUQUISACA";"YAMPARÁEZ";"TARABUCO";"CUSI HUASI";"RURAL";"13";"15";"28";"1";"8";"2";"5";"0";"0"
"CHUQUISACA";"YAMPARÁEZ";"YAMPARÁEZ";"ALCANTARI";"RURAL";"44";"50";"94";"2";"16";"4";"25";"0";"0"
"CHUQUISACA";"YAMPARÁEZ";"YAMPARÁEZ";"SAUCE PAMPA";"RURAL";"73";"84";"157";"11";"25";"12";"32";"0";"0"
"CHUQUISACA";"YAMPARÁEZ";"YAMPARÁEZ";"SOTOMAYOR";"RURAL";"42";"40";"82";"2";"18";"6";"17";"0";"0"
"CHUQUISACA";"NOR CINTI";"SAN LUCAS";"MISKHA MAYU";"RURAL";"47";"40";"87";"6";"13";"1";"32";"1";"7"
"CHUQUISACA";"NOR CINTI";"SAN LUCAS";"MONTE PAMPA";"RURAL";"72";"58";"130";"4";"22";"27";"22";"0";"0"
"CHUQUISACA";"NOR CINTI";"SAN LUCAS";"SACAVILLQUE GRANDE";"RURAL";"166";"152";"318";"52";"98";"43";"39";"1";"53"
"CHUQUISACA";"LUIS CALVO";"MACHARETÍ";"MACHARETI ESTACION";"RURAL";"61";"49";"110";"7";"38";"13";"8";"0";"0"
"CHUQUISACA";"OROPEZA";"SUCRE";"COMUNIDAD SAYACA";"RURAL";"69";"50";"119";"10";"31";"12";"7";"0";"0"
"CHUQUISACA";"OROPEZA";"SUCRE";"ESMERALDA";"RURAL";"17";"13";"30";"2";"6";"5";"7";"0";"0"
"CHUQUISACA";"LUIS CALVO";"VILLA VACA GUZMÁN";"NOGALPAMPA";"RURAL";"35";"25";"60";"5";"9";"6";"14";"1";"6"
"CHUQUISACA";"LUIS CALVO";"VILLA VACA GUZMÁN";"PINCAL";"RURAL";"24";"10";"34";"1";"2";"4";"15";"0";"0"
"CHUQUISACA";"LUIS CALVO";"VILLA VACA GUZMÁN";"PIRITI";"RURAL";"8";"11";"19";"2";"6";"1";"1";"0";"0"
"CHUQUISACA";"LUIS CALVO";"MACHARETÍ";"IVAVIRANKI";"RURAL";"12";"7";"19";"1";"2";"0";"3";"0";"0"
"CHUQUISACA";"LUIS CALVO";"MACHARETÍ";"TENTAMI";"RURAL";"45";"40";"85";"9";"25";"16";"4";"0";"0"
"CHUQUISACA";"YAMPARÁEZ";"YAMPARÁEZ";"MARAPAMPA";"RURAL";"24";"17";"41";"0";"15";"4";"4";"0";"0"
"CHUQUISACA";"YAMPARÁEZ";"YAMPARÁEZ";"QUIRAGUANI";"RURAL";"33";"31";"64";"4";"8";"3";"21";"0";"0"
"CHUQUISACA";"NOR CINTI";"CAMARGO";"LA COLORADA";"RURAL";"6";"5";"11";"0";"3";"0";"2";"0";"0"
"CHUQUISACA";"SUD CINTI";"CULPINA";"COMUNIDAD SAN LORENZO";"RURAL";"91";"77";"168";"18";"37";"19";"33";"1";"8"
"CHUQUISACA";"LUIS CALVO";"VILLA VACA GUZMÁN";"GUAZURENDA";"RURAL";"34";"22";"56";"4";"8";"3";"10";"0";"0"
"CHUQUISACA";"OROPEZA";"SUCRE";"SONCKO CHIPA";"RURAL";"142";"133";"275";"15";"76";"13";"60";"1";"153"
"CHUQUISACA";"OROPEZA";"SUCRE";"COMPUERTA";"RURAL";"96";"99";"195";"7";"50";"19";"36";"0";"0"
"CHUQUISACA";"OROPEZA";"POROMA";"COMUNIDAD KASPICANCHITA";"RURAL";"11";"12";"23";"0";"7";"0";"6";"0";"0"
"CHUQUISACA";"AZURDUY";"TARVITA";"TRIGO LOMA";"RURAL";"127";"125";"252";"18";"45";"27";"43";"1";"17"
"CHUQUISACA";"ZUDÁÑEZ";"ZUDÁÑEZ";"PUCARILLO";"RURAL";"47";"50";"97";"5";"19";"12";"7";"0";"0"
"CHUQUISACA";"ZUDÁÑEZ";"PRESTO";"CHIMORE";"RURAL";"49";"31";"80";"12";"19";"10";"11";"1";"15"
"CHUQUISACA";"ZUDÁÑEZ";"PRESTO";"EL PALMAR";"RURAL";"189";"166";"355";"39";"107";"50";"40";"1";"43"
"CHUQUISACA";"ZUDÁÑEZ";"MOJOCOYA";"LA JOYA";"RURAL";"68";"79";"147";"14";"50";"16";"10";"1";"16"
"CHUQUISACA";"ZUDÁÑEZ";"ICLA";"CHUNCA CANCHA";"RURAL";"170";"146";"316";"23";"107";"36";"41";"1";"167"
"CHUQUISACA";"TOMINA";"PADILLA";"LA BELLEZA";"RURAL";"17";"5";"22";"0";"1";"0";"4";"1";"6"
"CHUQUISACA";"TOMINA";"EL VILLAR";"SAUCE MAYO";"RURAL";"43";"53";"96";"3";"19";"8";"16";"0";"0"
"CHUQUISACA";"HERNANDO SILES";"HUACARETA";"YUMAO";"RURAL";"70";"58";"128";"3";"26";"8";"27";"2";"30"
"CHUQUISACA";"OROPEZA";"SUCRE";"CHUQUI CHUQUI";"RURAL";"10";"5";"15";"0";"7";"0";"2";"0";"0"
"CHUQUISACA";"ZUDÁÑEZ";"MOJOCOYA";"NAUNACA";"RURAL";"147";"141";"288";"23";"65";"32";"42";"1";"6"
"CHUQUISACA";"ZUDÁÑEZ";"ICLA";"JATUN MAYU";"RURAL";"60";"50";"110";"6";"12";"13";"37";"0";"0"
"CHUQUISACA";"TOMINA";"PADILLA";"HUAYRAHUASI";"RURAL";"52";"30";"82";"6";"22";"8";"12";"1";"34"
"CHUQUISACA";"NOR CINTI";"VILLA CHARCAS";"MUTILA";"RURAL";"91";"97";"188";"24";"60";"31";"17";"1";"20"
"CHUQUISACA";"BELISARIO BOETO";"VILLA SERRANO";"NUEVO MUNDO";"RURAL";"120";"111";"231";"11";"47";"26";"53";"0";"0"
"CHUQUISACA";"BELISARIO BOETO";"VILLA SERRANO";"PAMPAS DEL TIGRE";"RURAL";"41";"45";"86";"4";"11";"9";"31";"0";"0"
"CHUQUISACA";"SUD CINTI";"CULPINA";"COMUNIDAD CHICHAYO";"RURAL";"93";"96";"189";"18";"58";"32";"18";"1";"44"
"CHUQUISACA";"SUD CINTI";"CULPINA";"COMUNIDAD LOS ALAMOS";"RURAL";"17";"16";"33";"0";"11";"2";"8";"0";"0"
"CHUQUISACA";"LUIS CALVO";"VILLA VACA GUZMÁN";"TICUCHA";"RURAL";"78";"76";"154";"16";"39";"16";"21";"0";"0"
"CHUQUISACA";"OROPEZA";"SUCRE";"KAJCHIPATA";"RURAL";"22";"26";"48";"1";"11";"6";"9";"0";"0"
"CHUQUISACA";"OROPEZA";"YOTALA";"BAJO CAMPANARIO";"RURAL";"99";"89";"188";"18";"48";"17";"18";"0";"0"
"CHUQUISACA";"AZURDUY";"TARVITA";"ABRA CKASA";"RURAL";"98";"93";"191";"20";"52";"15";"35";"0";"0"
"CHUQUISACA";"AZURDUY";"TARVITA";"PAMPA HUASI";"RURAL";"632";"654";"1286";"122";"381";"150";"151";"0";"0"
"CHUQUISACA";"ZUDÁÑEZ";"ZUDÁÑEZ";"TOLEDO";"RURAL";"43";"59";"102";"4";"19";"15";"10";"0";"0"
"CHUQUISACA";"NOR CINTI";"CAMARGO";"JANCOAQUE";"RURAL";"31";"35";"66";"1";"21";"8";"14";"0";"0"
"CHUQUISACA";"NOR CINTI";"CAMARGO";"NAZARET";"RURAL";"40";"32";"72";"2";"16";"9";"17";"1";"6"
"CHUQUISACA";"NOR CINTI";"SAN LUCAS";"CONDORIRI";"RURAL";"41";"41";"82";"4";"21";"8";"19";"1";"15"
"CHUQUISACA";"NOR CINTI";"SAN LUCAS";"MAICA";"RURAL";"54";"52";"106";"11";"36";"7";"25";"1";"9"
"CHUQUISACA";"NOR CINTI";"SAN LUCAS";"PAYACOTA DEL CARMEN";"RURAL";"142";"154";"296";"16";"68";"24";"66";"0";"0"
"CHUQUISACA";"NOR CINTI";"SAN LUCAS";"TAMBO MOKO";"RURAL";"65";"96";"161";"5";"48";"19";"19";"1";"10"
"CHUQUISACA";"NOR CINTI";"INCAHUASI";"SAN MARCELO";"RURAL";"295";"252";"547";"40";"145";"87";"53";"1";"82"
"CHUQUISACA";"NOR CINTI";"VILLA CHARCAS";"LA HOYADA";"RURAL";"115";"106";"221";"25";"62";"31";"26";"1";"29"
"CHUQUISACA";"LUIS CALVO";"HUACAYA (AUTONOMÍA GUARANÍ CHAQUEÑO DE HUACAYA)";"HUACAYA";"RURAL";"168";"177";"345";"26";"112";"24";"29";"0";"0"
"CHUQUISACA";"HERNANDO SILES";"MONTEAGUDO";"LA CAPILLA";"RURAL";"72";"69";"141";"4";"37";"20";"31";"1";"4"
"CHUQUISACA";"HERNANDO SILES";"MONTEAGUDO";"MATARAL";"RURAL";"47";"35";"82";"7";"16";"2";"18";"1";"9"
"CHUQUISACA";"YAMPARÁEZ";"TARABUCO";"HUASI HUASI";"RURAL";"16";"25";"41";"4";"11";"1";"9";"0";"0"
"CHUQUISACA";"YAMPARÁEZ";"YAMPARÁEZ";"SAN ANTONIO";"RURAL";"35";"42";"77";"7";"7";"8";"18";"0";"0"
"CHUQUISACA";"NOR CINTI";"CAMARGO";"HUERTA MAYU";"RURAL";"22";"28";"50";"2";"12";"10";"9";"0";"0"
"CHUQUISACA";"ZUDÁÑEZ";"MOJOCOYA";"RIO GRANDE";"RURAL";"70";"66";"136";"11";"27";"11";"16";"1";"12"
"CHUQUISACA";"ZUDÁÑEZ";"ICLA";"PALMAR";"RURAL";"123";"109";"232";"17";"53";"40";"33";"1";"6"
"CHUQUISACA";"OROPEZA";"SUCRE";"NARANJOS UNO";"RURAL";"27";"26";"53";"5";"10";"6";"7";"0";"0"
"CHUQUISACA";"OROPEZA";"POROMA";"COMUNIDAD IRICOTA";"RURAL";"106";"115";"221";"21";"54";"31";"39";"2";"46"
"CHUQUISACA";"ZUDÁÑEZ";"PRESTO";"CHAJRA MAYU";"RURAL";"41";"43";"84";"5";"19";"15";"13";"0";"0"
"CHUQUISACA";"TOMINA";"PADILLA";"CHAJRA MAYU";"RURAL";"45";"45";"90";"9";"15";"8";"10";"1";"3"
"CHUQUISACA";"TOMINA";"SOPACHUY";"COMUNIDAD VILLA CANDELARIA";"RURAL";"164";"166";"330";"30";"78";"58";"60";"1";"24"
"CHUQUISACA";"HERNANDO SILES";"MONTEAGUDO";"AGUA Y LECHE";"RURAL";"52";"32";"84";"1";"11";"9";"17";"0";"0"
"CHUQUISACA";"HERNANDO SILES";"MONTEAGUDO";"CHAPI MAYU";"RURAL";"57";"33";"90";"3";"17";"8";"27";"0";"0"
"CHUQUISACA";"HERNANDO SILES";"MONTEAGUDO";"SOMBRERILLOS";"RURAL";"125";"113";"238";"18";"48";"12";"53";"1";"21"
"CHUQUISACA";"HERNANDO SILES";"HUACARETA";"PUCAMAYU";"RURAL";"23";"19";"42";"4";"7";"3";"8";"2";"19"
"CHUQUISACA";"NOR CINTI";"INCAHUASI";"LA CHAPEADA DEL TIGRE";"RURAL";"0";"0";"0";"0";"0";"0";"0";"0";"0"
"CHUQUISACA";"SUD CINTI";"LAS CARRERAS";"IMPORA";"RURAL";"19";"11";"30";"1";"4";"3";"9";"0";"0"
"CHUQUISACA";"LUIS CALVO";"VILLA VACA GUZMÁN";"TIMBOYPAMPA";"RURAL";"118";"98";"216";"15";"103";"19";"23";"1";"8"
"CHUQUISACA";"LUIS CALVO";"MACHARETÍ";"ÑANCORAINZA";"RURAL";"207";"205";"412";"24";"136";"40";"50";"0";"0"
"CHUQUISACA";"YAMPARÁEZ";"TARABUCO";"CUSI HUASI";"RURAL";"39";"41";"80";"3";"24";"8";"17";"0";"0"
"CHUQUISACA";"YAMPARÁEZ";"TARABUCO";"YERBA BUENA";"RURAL";"31";"34";"65";"3";"11";"6";"14";"0";"0"
"CHUQUISACA";"NOR CINTI";"SAN LUCAS";"ANDAMARCA";"RURAL";"0";"0";"0";"0";"0";"0";"0";"0";"0"
"CHUQUISACA";"NOR CINTI";"SAN LUCAS";"PADCOYO";"RURAL";"4";"2";"6";"0";"0";"0";"4";"0";"0"
"CHUQUISACA";"NOR CINTI";"SAN LUCAS";"PICHACANI";"RURAL";"1";"1";"2";"0";"0";"0";"0";"0";"0"
"CHUQUISACA";"NOR CINTI";"SAN LUCAS";"SANI MAYU";"RURAL";"66";"79";"145";"16";"47";"20";"18";"1";"9"
"CHUQUISACA";"NOR CINTI";"SAN LUCAS";"SUNCHU TAMBO";"RURAL";"103";"109";"212";"16";"86";"14";"32";"1";"36"
"CHUQUISACA";"NOR CINTI";"SAN LUCAS";"TIRAHOYU";"RURAL";"42";"40";"82";"6";"12";"7";"24";"0";"0"
"CHUQUISACA";"OROPEZA";"SUCRE";"THONTORQA";"RURAL";"34";"29";"63";"4";"9";"4";"12";"0";"0"
"CHUQUISACA";"OROPEZA";"SUCRE";"LA BARRANCA";"RURAL";"292";"290";"582";"49";"172";"73";"38";"1";"400"
"CHUQUISACA";"OROPEZA";"POROMA";"COMUNIDAD URUGUAYO";"RURAL";"64";"42";"106";"2";"40";"12";"18";"1";"16"
"CHUQUISACA";"AZURDUY";"AZURDUY";"QUEWIÑAL";"RURAL";"85";"98";"183";"16";"42";"8";"39";"1";"8"
"CHUQUISACA";"TOMINA";"PADILLA";"ASTILLERO";"RURAL";"40";"46";"86";"9";"14";"11";"19";"1";"5"
"CHUQUISACA";"HERNANDO SILES";"MONTEAGUDO";"VALLECITO";"RURAL";"53";"39";"92";"4";"15";"7";"25";"1";"7"
"CHUQUISACA";"HERNANDO SILES";"HUACARETA";"TACURVITE";"RURAL";"44";"48";"92";"6";"17";"6";"17";"0";"0"
"CHUQUISACA";"YAMPARÁEZ";"TARABUCO";"PUCA PUCA";"RURAL";"88";"102";"190";"17";"38";"27";"41";"0";"0"
"CHUQUISACA";"YAMPARÁEZ";"TARABUCO";"THOLA MAYU";"RURAL";"18";"28";"46";"1";"13";"4";"18";"1";"0"
"CHUQUISACA";"AZURDUY";"TARVITA";"EL BAÑADO";"RURAL";"65";"47";"112";"5";"34";"9";"11";"0";"0"
"CHUQUISACA";"ZUDÁÑEZ";"PRESTO";"MUYU LOMITA";"RURAL";"31";"16";"47";"2";"6";"11";"6";"0";"0"
"CHUQUISACA";"ZUDÁÑEZ";"ICLA";"SOROMA";"RURAL";"276";"255";"531";"34";"126";"79";"39";"1";"30"
"CHUQUISACA";"NOR CINTI";"SAN LUCAS";"SAN LUCAS";"URBANO";"1301";"1536";"2837";"266";"861";"271";"291";"2";"1039"
"CHUQUISACA";"NOR CINTI";"SAN LUCAS";"QUIWAYLLANI";"RURAL";"39";"33";"72";"3";"12";"6";"21";"0";"0"
"CHUQUISACA";"SUD CINTI";"CULPINA";"COMUNIDAD EL MONTE";"RURAL";"157";"177";"334";"24";"80";"23";"82";"1";"53"
"CHUQUISACA";"SUD CINTI";"CULPINA";"COMUNIDAD MANZANAL";"RURAL";"43";"46";"89";"10";"14";"14";"14";"1";"18"
"CHUQUISACA";"SUD CINTI";"CULPINA";"COMUNIDAD PUCAPAMPA";"RURAL";"120";"120";"240";"33";"72";"18";"38";"1";"101"
"CHUQUISACA";"LUIS CALVO";"VILLA VACA GUZMÁN";"BELLA VISTA";"RURAL";"4";"4";"8";"0";"1";"1";"3";"0";"0"
"CHUQUISACA";"LUIS CALVO";"VILLA VACA GUZMÁN";"TAYASIGUA";"RURAL";"32";"27";"59";"2";"14";"2";"9";"1";"21"
"CHUQUISACA";"NOR CINTI";"CAMARGO";"CHAJRA KASA";"RURAL";"24";"17";"41";"4";"8";"5";"6";"0";"0"
"CHUQUISACA";"NOR CINTI";"CAMARGO";"HIGUERA HUAYCO";"RURAL";"36";"51";"87";"17";"21";"7";"9";"1";"6"
"CHUQUISACA";"NOR CINTI";"CAMARGO";"SACA PAMPA";"RURAL";"8";"12";"20";"5";"2";"1";"4";"0";"0"
"CHUQUISACA";"LUIS CALVO";"MACHARETÍ";"TIGUIPA PUEBLO";"RURAL";"117";"117";"234";"18";"50";"34";"33";"0";"0"
"CHUQUISACA";"YAMPARÁEZ";"YAMPARÁEZ";"JATUN KHAKHA";"RURAL";"123";"132";"255";"25";"57";"22";"42";"1";"33"
"CHUQUISACA";"YAMPARÁEZ";"YAMPARÁEZ";"KOTA";"RURAL";"50";"47";"97";"6";"16";"7";"28";"1";"9"
"CHUQUISACA";"NOR CINTI";"SAN LUCAS";"COPLACIA";"RURAL";"120";"136";"256";"27";"107";"5";"31";"1";"59"
"CHUQUISACA";"NOR CINTI";"SAN LUCAS";"PALACIO TAMBO";"RURAL";"42";"44";"86";"11";"21";"6";"18";"0";"0"
"CHUQUISACA";"NOR CINTI";"INCAHUASI";"CKOCHA LOMA";"RURAL";"125";"120";"245";"46";"87";"29";"15";"1";"62"
"CHUQUISACA";"NOR CINTI";"VILLA CHARCAS";"AYOMITA";"RURAL";"170";"160";"330";"21";"74";"59";"40";"0";"0"
"CHUQUISACA";"OROPEZA";"POROMA";"COMUNIDAD SOICOCO";"RURAL";"189";"204";"393";"36";"126";"53";"57";"2";"89"
"CHUQUISACA";"ZUDÁÑEZ";"MOJOCOYA";"TORRE PAMPA";"RURAL";"67";"76";"143";"9";"32";"25";"15";"0";"0"
"CHUQUISACA";"TOMINA";"SOPACHUY";"COMUNIDAD JARCA MAYU";"RURAL";"29";"23";"52";"4";"10";"4";"18";"0";"0"
"CHUQUISACA";"TOMINA";"SOPACHUY";"PAMPAS PUNTA";"RURAL";"38";"19";"57";"1";"11";"3";"14";"0";"0"
"CHUQUISACA";"HERNANDO SILES";"MONTEAGUDO";"INGAVI";"RURAL";"116";"98";"214";"7";"37";"27";"23";"0";"0"
"CHUQUISACA";"OROPEZA";"SUCRE";"HUATA";"RURAL";"40";"36";"76";"2";"10";"4";"18";"0";"0"
"CHUQUISACA";"OROPEZA";"SUCRE";"CHUQUI CHUQUI";"RURAL";"187";"230";"417";"24";"112";"48";"81";"0";"0"
"CHUQUISACA";"OROPEZA";"YOTALA";"TIPAKA";"RURAL";"8";"11";"19";"0";"1";"3";"10";"0";"0"
"CHUQUISACA";"OROPEZA";"POROMA";"SAPSE";"RURAL";"74";"88";"162";"16";"48";"18";"15";"0";"0"
"CHUQUISACA";"HERNANDO SILES";"MONTEAGUDO";"LOS PINOS";"RURAL";"17";"18";"35";"2";"9";"3";"4";"0";"0"
"CHUQUISACA";"YAMPARÁEZ";"TARABUCO";"ICHUPAMPA";"RURAL";"169";"156";"325";"22";"76";"36";"74";"1";"16"
"CHUQUISACA";"YAMPARÁEZ";"TARABUCO";"SARUFAYA";"RURAL";"111";"117";"228";"17";"71";"30";"30";"0";"0"
"CHUQUISACA";"ZUDÁÑEZ";"PRESTO";"MOLANI";"RURAL";"202";"192";"394";"32";"134";"51";"33";"0";"0"
"CHUQUISACA";"ZUDÁÑEZ";"PRESTO";"RODEO EL PALMAR";"RURAL";"578";"528";"1106";"75";"290";"163";"148";"1";"179"
"CHUQUISACA";"ZUDÁÑEZ";"PRESTO";"TORCO TORCO";"RURAL";"113";"93";"206";"19";"55";"38";"10";"1";"16"
"CHUQUISACA";"TOMINA";"PADILLA";"FUERTE PAMPA";"RURAL";"32";"17";"49";"3";"5";"3";"14";"1";"10"
"CHUQUISACA";"TOMINA";"SOPACHUY";"COMUNIDAD DODEO";"RURAL";"42";"37";"79";"8";"12";"5";"15";"0";"0"
"CHUQUISACA";"TOMINA";"EL VILLAR";"KEWIÑAS";"RURAL";"13";"9";"22";"1";"5";"2";"2";"0";"0"
"CHUQUISACA";"HERNANDO SILES";"MONTEAGUDO";"SAN JUAN DEL PIRAI";"RURAL";"77";"49";"126";"7";"28";"19";"21";"0";"0"
"CHUQUISACA";"YAMPARÁEZ";"YAMPARÁEZ";"YAMPARAEZ";"URBANO";"695";"752";"1447";"119";"309";"162";"248";"2";"349"
"CHUQUISACA";"NOR CINTI";"CAMARGO";"LIQUIMAYO II";"RURAL";"11";"11";"22";"1";"1";"2";"4";"0";"0"
"CHUQUISACA";"NOR CINTI";"CAMARGO";"MAJUELO";"RURAL";"53";"44";"97";"7";"22";"13";"13";"0";"0"
"CHUQUISACA";"OROPEZA";"SUCRE";"COMUNIDAD SANTA ANA DE MARAGUA";"RURAL";"48";"49";"97";"1";"18";"10";"32";"0";"0"
"CHUQUISACA";"OROPEZA";"SUCRE";"LIMON PAMPA";"RURAL";"8";"8";"16";"0";"1";"3";"2";"0";"0"
"CHUQUISACA";"OROPEZA";"SUCRE";"SAN CRISTOBAL";"RURAL";"26";"29";"55";"3";"16";"4";"8";"0";"0"
"CHUQUISACA";"OROPEZA";"YOTALA";"SAN ISIDRO DE ANFAYA";"RURAL";"232";"248";"480";"32";"124";"62";"79";"0";"0"
"CHUQUISACA";"OROPEZA";"POROMA";"COMUNIDAD CERA CERA";"RURAL";"61";"43";"104";"6";"19";"13";"23";"0";"0"
"CHUQUISACA";"OROPEZA";"POROMA";"COMUNIDAD ORIGINARIA OLLISCO";"RURAL";"53";"52";"105";"11";"25";"14";"22";"1";"6"
"CHUQUISACA";"OROPEZA";"POROMA";"SAN JUAN DE ORCAS";"RURAL";"31";"21";"52";"2";"17";"4";"9";"0";"0"
"CHUQUISACA";"NOR CINTI";"SAN LUCAS";"OCURI";"RURAL";"5";"3";"8";"0";"1";"0";"3";"0";"0"
"CHUQUISACA";"NOR CINTI";"INCAHUASI";"BANDA INCAHUASI UNO";"RURAL";"70";"47";"117";"7";"24";"16";"13";"0";"0"
"CHUQUISACA";"NOR CINTI";"INCAHUASI";"COMUNIDAD LOS PINOS";"RURAL";"48";"43";"91";"9";"26";"15";"5";"0";"0"
"CHUQUISACA";"NOR CINTI";"VILLA CHARCAS";"CHALLAUPE";"RURAL";"24";"20";"44";"1";"12";"10";"5";"0";"0"
"CHUQUISACA";"NOR CINTI";"VILLA CHARCAS";"CHIRAGUA";"RURAL";"31";"14";"45";"4";"16";"6";"9";"0";"0"
"CHUQUISACA";"BELISARIO BOETO";"VILLA SERRANO";"LAMPASILLOS";"RURAL";"59";"45";"104";"7";"22";"7";"23";"0";"0"
"CHUQUISACA";"LUIS CALVO";"MACHARETÍ";"SAN JOSE DE CAMATINDI";"RURAL";"9";"2";"11";"0";"0";"1";"4";"0";"0"
"CHUQUISACA";"SUD CINTI";"VILLA ABECIA";"CHARPAXI";"RURAL";"127";"111";"238";"18";"74";"28";"21";"1";"15"
"CHUQUISACA";"SUD CINTI";"CULPINA";"COMUNIDAD CAMPAMENTO";"RURAL";"120";"136";"256";"23";"56";"21";"52";"1";"34"
"CHUQUISACA";"SUD CINTI";"CULPINA";"COMUNIDAD POTRERO LA LOMA";"RURAL";"44";"38";"82";"8";"25";"5";"12";"1";"6"
"CHUQUISACA";"SUD CINTI";"CULPINA";"SUMAYA BAJA";"RURAL";"36";"33";"69";"4";"17";"6";"12";"1";"8"
"CHUQUISACA";"LUIS CALVO";"VILLA VACA GUZMÁN";"BELLA VISTA";"RURAL";"160";"141";"301";"26";"90";"41";"32";"0";"0"
"CHUQUISACA";"LUIS CALVO";"VILLA VACA GUZMÁN";"ITIRORO";"RURAL";"4";"6";"10";"0";"2";"2";"2";"0";"0"
"CHUQUISACA";"LUIS CALVO";"MACHARETÍ";"LA TRANQUILIDAD";"RURAL";"8";"0";"8";"0";"2";"1";"1";"0";"0"