"Código UE";"Unidad educativa";"Código municipio";"Departamento";"Provincia";"Municipio";"Latitud";"Longitud";"Dependencia";"Área UE";"Matrícula";"Comunidad declarada";"Área comunidad";"Calidad de vínculo"
"80460021";"FEDERICO KOLLE";"010301";"CHUQUISACA";"ZUDAÑEZ";"VILLA ZUDANEZ (TACOPAYA)";"-19.1231";"-64.701927";"FISCAL";"RURAL";"237";"ZUDAÑEZ";"URBANO";"exacta"
"80460022";"JAIME DE ZUDAÑEZ";"010301";"CHUQUISACA";"ZUDAÑEZ";"VILLA ZUDANEZ (TACOPAYA)";"-19.118799";"-64.701591";"FISCAL";"RURAL";"387";"ZUDAÑEZ";"URBANO";"exacta"
"80460023";"IGNACIO PRUDENCIO BUSTILLOS";"010301";"CHUQUISACA";"ZUDAÑEZ";"VILLA ZUDANEZ (TACOPAYA)";"-19.11363";"-64.703177";"FISCAL";"RURAL";"181";"ZUDAÑEZ";"URBANO";"exacta"
"80460029";"NIÑO JESUS DEL ROSARIO";"010301";"CHUQUISACA";"ZUDAÑEZ";"VILLA ZUDANEZ (TACOPAYA)";"-19.118049";"-64.701442";"FISCAL";"RURAL";"105";"ZUDAÑEZ";"URBANO";"exacta"
"80410025";"2 DE AGOSTO";"010801";"CHUQUISACA";"BELISARIO BOETO";"VILLA SERRANO";"-18.986394";"-64.377678";"FISCAL";"RURAL";"4";"ZAMORA";"RURAL";"ambigua"
"80410035";"GILBERTO FLORES POPPE";"010801";"CHUQUISACA";"BELISARIO BOETO";"VILLA SERRANO";"-18.961557";"-64.401807";"FISCAL";"RURAL";"14";"ZAMORA";"RURAL";"ambigua"
"80420046";"YURAC CABALLO";"010701";"CHUQUISACA";"NOR CINTI";"CAMARGO";"-20.739667";"-65.134003";"FISCAL";"RURAL";"12";"YURAC CABALLO";"RURAL";"exacta"
"80410014";"NEMECIO REYNA FERNANDEZ";"010801";"CHUQUISACA";"BELISARIO BOETO";"VILLA SERRANO";"-18.786593";"-64.380122";"FISCAL";"RURAL";"23";"YUNGUILLAS";"RURAL";"ambigua"
"80410034";"8 DE SEPTIEMBRE";"010801";"CHUQUISACA";"BELISARIO BOETO";"VILLA SERRANO";"-18.822571";"-64.36184";"FISCAL";"RURAL";"27";"YUNGUILLAS";"RURAL";"ambigua"
"70440026";"YUMAO";"010502";"CHUQUISACA";"HERNANDO SILES";"SAN PABLO DE HUACARETA";"-20.4981";"-63.976864";"FISCAL";"RURAL";"8";"YUMAO";"RURAL";"exacta"
"70440048";"SARARENDA";"010502";"CHUQUISACA";"HERNANDO SILES";"SAN PABLO DE HUACARETA";"-20.488773";"-63.984375";"FISCAL";"RURAL";"22";"YUMAO";"RURAL";"exacta"
"70480026";"YOTALILLA";"010102";"CHUQUISACA";"OROPEZA";"YOTALA";"-19.178101";"-65.241478";"FISCAL";"RURAL";"49";"YOTALILLA";"RURAL";"ambigua"
"40450015";"NOGALES";"010405";"CHUQUISACA";"TOMINA";"EL VILLAR";"-19.66001";"-64.340986";"FISCAL";"RURAL";"9";"YOTALA";"RURAL";"exacta"
"70480028";"SANTA ROSA C";"010102";"CHUQUISACA";"OROPEZA";"YOTALA";"-19.162201";"-65.26725";"CONVENIO";"RURAL";"241";"YOTALA";"URBANO";"exacta"
"70480029";"GREGORIO PACHECO";"010102";"CHUQUISACA";"OROPEZA";"YOTALA";"-19.1619";"-65.265251";"FISCAL";"RURAL";"244";"YOTALA";"URBANO";"exacta"
"70480030";"SANTA ROSA D";"010102";"CHUQUISACA";"OROPEZA";"YOTALA";"-19.162201";"-65.26725";"CONVENIO";"RURAL";"313";"YOTALA";"URBANO";"exacta"
"70470036";"YERBA BUENA";"010202";"CHUQUISACA";"AZURDUY";"TARVITA (VILLA ORIAS)";"-19.818056";"-64.544242";"FISCAL";"RURAL";"16";"YERBA BUENA";"RURAL";"exacta"
"80450005";"EL CAÑON";"010401";"CHUQUISACA";"TOMINA";"PADILLA";"-19.610105";"-64.103605";"FISCAL";"RURAL";"4";"YERBA BUENA";"RURAL";"exacta"
"70420100";"YAYOMA";"010702";"CHUQUISACA";"NOR CINTI";"SAN LUCAS";"-20.0077";"-64.668098";"FISCAL";"RURAL";"10";"YAYOMA";"RURAL";"exacta"
"60420055";"YATINA";"010703";"CHUQUISACA";"NOR CINTI";"INCAHUASI";"-20.62858";"-64.730294";"FISCAL";"RURAL";"88";"YATINA";"RURAL";"exacta"
"70420099";"YAPUSIRI";"010702";"CHUQUISACA";"NOR CINTI";"SAN LUCAS";"-20.071301";"-65.131958";"CONVENIO";"RURAL";"154";"YAPUSIRI";"RURAL";"exacta"
"80440055";"YANA YANA";"010501";"CHUQUISACA";"HERNANDO SILES";"MONTEAGUDO";"-20.223801";"-64.17881";"FISCAL";"RURAL";"3";"YANA YANA";"RURAL";"exacta"
"70430023";"EDUARDO SEMPERTEGUI";"010602";"CHUQUISACA";"YAMPARAEZ";"YAMPARAEZ";"-19.190351";"-65.124467";"FISCAL";"RURAL";"169";"YAMPARAEZ";"URBANO";"area"
"70430024";"EDUARDO SEMPERTEGUI SECUNDARIA";"010602";"CHUQUISACA";"YAMPARAEZ";"YAMPARAEZ";"-19.1904";"-65.1262";"FISCAL";"RURAL";"180";"YAMPARAEZ";"URBANO";"area"
"80440054";"YAJO PAMPA";"010501";"CHUQUISACA";"HERNANDO SILES";"MONTEAGUDO";"-20.3538";"-64.180916";"FISCAL";"RURAL";"3";"YAJO PAMPA";"RURAL";"exacta"
"70440040";"YAIRE";"010502";"CHUQUISACA";"HERNANDO SILES";"SAN PABLO DE HUACARETA";"-20.750623";"-64.146038";"FISCAL";"RURAL";"57";"YAIRE";"RURAL";"exacta"
"80440053";"YACONAL";"010501";"CHUQUISACA";"HERNANDO SILES";"MONTEAGUDO";"-19.882999";"-64.080643";"FISCAL";"RURAL";"7";"YACONAL";"RURAL";"exacta"
"60460022";"GUADALUPE";"010303";"CHUQUISACA";"ZUDAÑEZ";"VILLA MOJOCOYA";"-18.936001";"-64.560425";"FISCAL";"RURAL";"141";"YACAMBE";"RURAL";"ambigua"
"80470007";"HUANCARANI";"010201";"CHUQUISACA";"AZURDUY";"VILLA AZURDUY";"-20.23408";"-64.479043";"FISCAL";"RURAL";"18";"WANCARANI";"RURAL";"exacta"
"80410033";"SIMON BOLIVAR";"010801";"CHUQUISACA";"BELISARIO BOETO";"VILLA SERRANO";"-19.164721";"-64.29678";"FISCAL";"RURAL";"18";"WACA WASI";"RURAL";"exacta"
"80460020";"WACA WASI";"010301";"CHUQUISACA";"ZUDAÑEZ";"VILLA ZUDANEZ (TACOPAYA)";"-18.981199";"-64.780762";"FISCAL";"RURAL";"44";"WACA HUASI";"RURAL";"exacta"
"80420044";"SANTA MARÍA DE VIVICHA";"010701";"CHUQUISACA";"NOR CINTI";"CAMARGO";"-20.789674";"-65.231512";"FISCAL";"RURAL";"105";"VIVICHA";"RURAL";"exacta"
"80430058";"VISCACHANI";"010601";"CHUQUISACA";"YAMPARAEZ";"TARABUCO";"-19.091";"-64.832947";"FISCAL";"RURAL";"11";"VISCACHANI";"RURAL";"exacta"
"70470034";"VISANCHI";"010202";"CHUQUISACA";"AZURDUY";"TARVITA (VILLA ORIAS)";"-19.70776";"-64.711806";"FISCAL";"RURAL";"7";"VISANCHE";"RURAL";"ambigua"
"40450020";"VILLCA VILLCA";"010404";"CHUQUISACA";"TOMINA";"VILLA ALCALA";"-19.508118";"-64.299313";"FISCAL";"RURAL";"6";"VILLCA VILLCA";"RURAL";"exacta"
"40450019";"VILLAR PAMPA";"010405";"CHUQUISACA";"TOMINA";"EL VILLAR";"-19.633126";"-64.275776";"FISCAL";"RURAL";"12";"VILLAR PAMPA";"RURAL";"exacta"
"80410037";"MARISCAL SUCRE";"010801";"CHUQUISACA";"BELISARIO BOETO";"VILLA SERRANO";"-19.120854";"-64.323452";"FISCAL";"URBANA";"335";"VILLA SERRANO";"URBANO";"exacta"
"80410038";"FRANZ TAMAYO";"010801";"CHUQUISACA";"BELISARIO BOETO";"VILLA SERRANO";"-19.115218";"-64.330895";"FISCAL";"URBANA";"275";"VILLA SERRANO";"URBANO";"exacta"
"80410039";"EDUARDO ABAROA";"010801";"CHUQUISACA";"BELISARIO BOETO";"VILLA SERRANO";"-19.127399";"-64.321953";"FISCAL";"URBANA";"304";"VILLA SERRANO";"URBANO";"exacta"
"70420098";"VILLA PAZ";"010702";"CHUQUISACA";"NOR CINTI";"SAN LUCAS";"-19.9834";"-64.778427";"CONVENIO";"RURAL";"8";"VILLA PAZ";"RURAL";"exacta"
"70470033";"VILLA PAMPA";"010202";"CHUQUISACA";"AZURDUY";"TARVITA (VILLA ORIAS)";"-19.655662";"-64.518681";"FISCAL";"RURAL";"28";"VILLA PAMPA";"RURAL";"exacta"
"70470055";"CERRO GRANDE";"010202";"CHUQUISACA";"AZURDUY";"TARVITA (VILLA ORIAS)";"-19.667734";"-64.539586";"FISCAL";"RURAL";"14";"VILLA PAMPA";"RURAL";"exacta"
"80480360";"VILLA MONTE PAMPA";"010101";"CHUQUISACA";"OROPEZA";"CAPITAL (SUCRE)";"-18.658931";"-65.170341";"FISCAL";"RURAL";"15";"VILLA MONTE PAMPA";"RURAL";"exacta"
"70400050";"VILLA FLORES";"010902";"CHUQUISACA";"SUD CINTI";"CULPINA";"-20.778299";"-65.048767";"FISCAL";"RURAL";"29";"VILLA FLORES";"RURAL";"ambigua"
"80440052";"VILLA FERNANDEZ";"010501";"CHUQUISACA";"HERNANDO SILES";"MONTEAGUDO";"-20.014299";"-63.958675";"FISCAL";"RURAL";"23";"VILLA FERNANDEZ";"RURAL";"ambigua"
"70440041";"ROBERTO DURAN";"010502";"CHUQUISACA";"HERNANDO SILES";"SAN PABLO DE HUACARETA";"-20.210904";"-63.958308";"FISCAL";"RURAL";"10";"VILLA ESPERANZA";"RURAL";"exacta"
"80470044";"VILLA ESPERANZA";"010201";"CHUQUISACA";"AZURDUY";"VILLA AZURDUY";"-20.073999";"-64.460091";"FISCAL";"RURAL";"5";"VILLA ESPERANZA";"RURAL";"exacta"
"60420067";"SIMON BOLIVAR";"010704";"CHUQUISACA";"NOR CINTI";"VILLA CHARCAS";"-20.7253";"-64.884796";"FISCAL";"RURAL";"373";"VILLA CHARCAS";"URBANO";"exacta"
"60420080";"HUASCOYA";"010704";"CHUQUISACA";"NOR CINTI";"VILLA CHARCAS";"-20.72511";"-64.883966";"FISCAL";"RURAL";"19";"VILLA CHARCAS";"URBANO";"exacta"
"60420054";"PADRE LANDINI";"010704";"CHUQUISACA";"NOR CINTI";"VILLA CHARCAS";"-20.7253";"-64.884796";"FISCAL";"RURAL";"285";"VILLA CHARCAS";"URBANO";"exacta"
"80400013";"25 DE MAYO";"010901";"CHUQUISACA";"SUD CINTI";"CAMATAQUI (VILLA ABECIA)";"-20.9785";"-65.23233";"FISCAL";"RURAL";"152";"VILLA ABECIA";"URBANO";"area"
"80400014";"23 DE MARZO";"010901";"CHUQUISACA";"SUD CINTI";"CAMATAQUI (VILLA ABECIA)";"-20.97606";"-65.230746";"FISCAL";"RURAL";"204";"VILLA ABECIA";"URBANO";"area"
"80430056";"VILA VILA";"010601";"CHUQUISACA";"YAMPARAEZ";"TARABUCO";"-19.0972";"-64.909035";"FISCAL";"RURAL";"16";"VILA VILA";"RURAL";"ambigua"
"80440051";"VALLE NUEVO";"010501";"CHUQUISACA";"HERNANDO SILES";"MONTEAGUDO";"-19.933201";"-63.988041";"FISCAL";"RURAL";"26";"VALLENUEVO";"RURAL";"exacta"
"80390028";"VALLECITOS";"011001";"CHUQUISACA";"LUIS CALVO";"VILLA VACA GUZMAN (MUYUPAMPA)";"-19.8598";"-63.814621";"FISCAL";"RURAL";"17";"VALLECITOS";"RURAL";"exacta"
"80440065";"VALLECITOS A";"010501";"CHUQUISACA";"HERNANDO SILES";"MONTEAGUDO";"-20.2507";"-64.273827";"FISCAL";"RURAL";"3";"VALLECITOS";"RURAL";"exacta"
"80440071";"VALLECITOS B";"010501";"CHUQUISACA";"HERNANDO SILES";"MONTEAGUDO";"-19.993";"-64.005882";"FISCAL";"RURAL";"7";"VALLECITO";"RURAL";"exacta"
"60420053";"VALLE DE FLORES";"010704";"CHUQUISACA";"NOR CINTI";"VILLA CHARCAS";"-20.5355";"-64.688019";"FISCAL";"RURAL";"20";"VALLE FLORES";"RURAL";"exacta"
"50460021";"ROSENDO LA FUENTE";"010304";"CHUQUISACA";"ZUDAÑEZ";"ICLA";"-19.44765";"-64.833434";"FISCAL";"RURAL";"75";"UYUNI";"RURAL";"exacta"
"80420043";"UTURUNGO";"010701";"CHUQUISACA";"NOR CINTI";"CAMARGO";"-20.757739";"-65.095138";"FISCAL";"RURAL";"20";"UTURUNGO";"RURAL";"exacta"
"80420042";"USFAPAMPA";"010701";"CHUQUISACA";"NOR CINTI";"CAMARGO";"-20.595775";"-65.307116";"FISCAL";"RURAL";"10";"USFAPAMPA";"RURAL";"exacta"
"70440024";"ERNESTO THEOBALD A";"010502";"CHUQUISACA";"HERNANDO SILES";"SAN PABLO DE HUACARETA";"-20.5196";"-64.150993";"FISCAL";"RURAL";"168";"URUGUAY";"RURAL";"ambigua"
"70440007";"DURAZNITOS";"010502";"CHUQUISACA";"HERNANDO SILES";"SAN PABLO DE HUACARETA";"-20.4935";"-64.197922";"FISCAL";"RURAL";"5";"URUGUAY";"RURAL";"ambigua"
"70440047";"YAGUARENDA";"010502";"CHUQUISACA";"HERNANDO SILES";"SAN PABLO DE HUACARETA";"-20.537649";"-64.160843";"FISCAL";"RURAL";"17";"URUGUAY";"RURAL";"ambigua"
"70420096";"URUCHINI";"010702";"CHUQUISACA";"NOR CINTI";"SAN LUCAS";"-19.879499";"-64.989708";"CONVENIO";"RURAL";"6";"URUCHINI";"RURAL";"exacta"
"80410032";"LUIS SANTOS PRADO";"010801";"CHUQUISACA";"BELISARIO BOETO";"VILLA SERRANO";"-19.17377";"-64.265913";"FISCAL";"RURAL";"13";"URRIOLAGOITIA";"RURAL";"ambigua"
"70480024";"UÑALA";"010102";"CHUQUISACA";"OROPEZA";"YOTALA";"-19.2414";"-65.255371";"FISCAL";"RURAL";"6";"UÑALA";"RURAL";"ambigua"
"80390027";"TURURUMBA";"011001";"CHUQUISACA";"LUIS CALVO";"VILLA VACA GUZMAN (MUYUPAMPA)";"-19.7868";"-63.759418";"FISCAL";"RURAL";"4";"TURURUMBA";"RURAL";"exacta"
"80430054";"TUNAS CHILLCA";"010601";"CHUQUISACA";"YAMPARAEZ";"TARABUCO";"-19.191401";"-64.963722";"FISCAL";"RURAL";"5";"TUNAS CHILLCA";"RURAL";"exacta"
"70480042";"MAXTON HUAYTA DELFIN";"010102";"CHUQUISACA";"OROPEZA";"YOTALA";"-19.339439";"-65.211504";"FISCAL";"RURAL";"6";"TUERO CHICO";"RURAL";"exacta"
"60420068";"TROJA";"010704";"CHUQUISACA";"NOR CINTI";"VILLA CHARCAS";"-20.436382";"-64.799703";"FISCAL";"RURAL";"16";"TROJA";"RURAL";"exacta"
"70470032";"TRIGO LOMA";"010202";"CHUQUISACA";"AZURDUY";"TARVITA (VILLA ORIAS)";"-19.705349";"-64.475859";"FISCAL";"RURAL";"17";"TRIGO LOMA";"RURAL";"exacta"
"80450038";"VICENTA VARGAS";"010401";"CHUQUISACA";"TOMINA";"PADILLA";"-19.448571";"-64.255594";"FISCAL";"RURAL";"3";"TRES POSAS";"RURAL";"exacta"
"50460025";"TRANQUITAS";"010202";"CHUQUISACA";"AZURDUY";"TARVITA (VILLA ORIAS)";"-19.6178";"-64.715408";"FISCAL";"RURAL";"19";"TRANQUITAS";"RURAL";"sin coincidencia"
"80460002";"ALTO TRANCA MAYU";"010301";"CHUQUISACA";"ZUDAÑEZ";"VILLA ZUDANEZ (TACOPAYA)";"-19.179399";"-64.596382";"FISCAL";"RURAL";"12";"TRANCA MAYU";"RURAL";"exacta"
"80410031";"SALVADOR SALAME NOYA";"010801";"CHUQUISACA";"BELISARIO BOETO";"VILLA SERRANO";"-19.046894";"-64.34521";"FISCAL";"RURAL";"14";"TRAMPA MAYU";"RURAL";"ambigua"
"70440037";"LA MONTAÑA";"010502";"CHUQUISACA";"HERNANDO SILES";"SAN PABLO DE HUACARETA";"-20.272713";"-63.96242";"FISCAL";"RURAL";"20";"TOTORENDA LA MONTAÑA";"RURAL";"exacta"
"70420092";"TORRE HUANAYA";"010702";"CHUQUISACA";"NOR CINTI";"SAN LUCAS";"-20.304221";"-64.744389";"FISCAL";"RURAL";"21";"TORREGUANAYA";"RURAL";"exacta"
"80470031";"TORRECILLAS";"010201";"CHUQUISACA";"AZURDUY";"VILLA AZURDUY";"-19.966962";"-64.397147";"FISCAL";"RURAL";"9";"TORRECILLAS";"RURAL";"exacta"
"70470013";"LA TORRE";"010202";"CHUQUISACA";"AZURDUY";"TARVITA (VILLA ORIAS)";"-19.58413";"-64.518674";"FISCAL";"RURAL";"16";"TORRE PAMPA";"RURAL";"exacta"
"70420093";"TORRE DE LINARES";"010702";"CHUQUISACA";"NOR CINTI";"SAN LUCAS";"-19.9021";"-64.776566";"FISCAL";"RURAL";"31";"TORRE DE LINARES";"RURAL";"exacta"
"70420091";"TOROJCHI";"010702";"CHUQUISACA";"NOR CINTI";"SAN LUCAS";"-19.99184";"-65.004435";"CONVENIO";"RURAL";"16";"TOROJCHI";"RURAL";"exacta"
"70460017";"TORCO TORCO";"010302";"CHUQUISACA";"ZUDAÑEZ";"PRESTO";"-18.827999";"-64.788132";"FISCAL";"RURAL";"16";"TORCO TORCO";"RURAL";"exacta"
"70460016";"TOMOROCO";"010302";"CHUQUISACA";"ZUDAÑEZ";"PRESTO";"-18.9732";"-64.886642";"FISCAL";"RURAL";"67";"TOMOROCO";"RURAL";"ambigua"
"70460028";"ESTEBAN VASQUEZ ZARATE";"010302";"CHUQUISACA";"ZUDAÑEZ";"PRESTO";"-18.9732";"-64.886642";"FISCAL";"RURAL";"82";"TOMOROCO";"RURAL";"ambigua"
"70450015";"EDUARDO ABAROA";"010402";"CHUQUISACA";"TOMINA";"TOMINA";"-19.1856";"-64.463387";"FISCAL";"RURAL";"295";"TOMINA";"URBANO";"area"
"70450023";"25 DE JULIO";"010402";"CHUQUISACA";"TOMINA";"TOMINA";"-19.1882";"-64.462624";"FISCAL";"RURAL";"345";"TOMINA";"URBANO";"area"
"60460017";"FLORA TORRES";"010303";"CHUQUISACA";"ZUDAÑEZ";"VILLA MOJOCOYA";"-18.901419";"-64.650797";"FISCAL";"RURAL";"10";"TOCORO";"RURAL";"exacta"
"70480041";"TIPOYO";"010102";"CHUQUISACA";"OROPEZA";"YOTALA";"-19.133781";"-65.328575";"FISCAL";"RURAL";"33";"TIPOYO";"RURAL";"exacta"
"80430050";"TIPA VILLQUE";"010601";"CHUQUISACA";"YAMPARAEZ";"TARABUCO";"-19.0354";"-65.04216";"FISCAL";"RURAL";"24";"TIPAVILLQUE";"RURAL";"exacta"
"60420052";"TIPANI";"010704";"CHUQUISACA";"NOR CINTI";"VILLA CHARCAS";"-20.555401";"-64.695702";"FISCAL";"RURAL";"41";"TIPANI";"RURAL";"exacta"
"80460018";"TIPA TIPA";"010301";"CHUQUISACA";"ZUDAÑEZ";"VILLA ZUDANEZ (TACOPAYA)";"-19.2026";"-64.608452";"FISCAL";"RURAL";"7";"TIPA TIPA";"RURAL";"exacta"
"80390026";"TIMBOY PAMPA";"011001";"CHUQUISACA";"LUIS CALVO";"VILLA VACA GUZMAN (MUYUPAMPA)";"-19.7812";"-63.873238";"FISCAL";"RURAL";"8";"TIMBOYPAMPA";"RURAL";"exacta"
"60390012";"TIMBOICITO";"011003";"CHUQUISACA";"LUIS CALVO";"MACHARETI";"-20.744801";"-63.30864";"FISCAL";"RURAL";"7";"TIMBOICITO";"RURAL";"exacta"
"70430027";"27 DE MAYO";"010602";"CHUQUISACA";"YAMPARAEZ";"YAMPARAEZ";"-19.25204";"-65.019991";"FISCAL";"RURAL";"9";"TIHUACANA";"RURAL";"exacta"
"60390011";"TENTAMI";"011003";"CHUQUISACA";"LUIS CALVO";"MACHARETI";"-20.9191";"-63.363003";"FISCAL";"RURAL";"16";"TIGUIPA PUEBLO";"RURAL";"ambigua"
"60390013";"TIGUIPA PUEBLO";"011003";"CHUQUISACA";"LUIS CALVO";"MACHARETI";"-20.9151";"-63.38353";"FISCAL";"RURAL";"39";"TIGUIPA PUEBLO";"RURAL";"ambigua"
"60400014";"TICUCHAYOC";"010903";"CHUQUISACA";"SUD CINTI";"LAS CARRERAS";"-21.373539";"-65.309029";"FISCAL";"RURAL";"5";"TICUCHAYOC";"RURAL";"exacta"
"80390025";"TICUCHA";"011001";"CHUQUISACA";"LUIS CALVO";"VILLA VACA GUZMAN (MUYUPAMPA)";"-19.623218";"-63.825308";"FISCAL";"RURAL";"31";"TICUCHA";"RURAL";"ambigua"
"70420095";"TURU PAMPA";"010702";"CHUQUISACA";"NOR CINTI";"SAN LUCAS";"-20.1724";"-64.918808";"CONVENIO";"RURAL";"9";"THURU PAMPA";"RURAL";"exacta"
"70450017";"THAQUS";"010402";"CHUQUISACA";"TOMINA";"TOMINA";"-19.185862";"-64.564183";"FISCAL";"RURAL";"27";"THURU MAYU";"RURAL";"exacta"
"70450019";"TURU CANCHA";"010402";"CHUQUISACA";"TOMINA";"TOMINA";"-19.321899";"-64.49176";"FISCAL";"RURAL";"37";"THURU CANCHA";"RURAL";"exacta"
"80450037";"FRANZ TAMAYO";"010401";"CHUQUISACA";"TOMINA";"PADILLA";"-19.502811";"-64.236009";"FISCAL";"RURAL";"7";"THULAKASA";"RURAL";"exacta"
"80430079";"THULA MAYU";"010601";"CHUQUISACA";"YAMPARAEZ";"TARABUCO";"-19.242201";"-64.866234";"FISCAL";"RURAL";"0";"THOLA MAYU";"RURAL";"exacta"
"80450036";"NARCISO CACERES";"010401";"CHUQUISACA";"TOMINA";"PADILLA";"-19.564744";"-64.102113";"FISCAL";"RURAL";"94";"THIYUMAYU";"RURAL";"ambigua"
"80470026";"THIOMAYU";"010201";"CHUQUISACA";"AZURDUY";"VILLA AZURDUY";"-19.943633";"-64.352435";"FISCAL";"RURAL";"7";"THIUMAYU";"RURAL";"exacta"
"70420090";"THIU PAMPA";"010702";"CHUQUISACA";"NOR CINTI";"SAN LUCAS";"-19.906262";"-65.061669";"CONVENIO";"RURAL";"4";"THIO PAMPA";"RURAL";"exacta"
"70420089";"THAQU K'ASA";"010702";"CHUQUISACA";"NOR CINTI";"SAN LUCAS";"-19.8913";"-64.936111";"CONVENIO";"RURAL";"4";"THAQU QASA";"RURAL";"exacta"
"70470031";"THAQUS";"010202";"CHUQUISACA";"AZURDUY";"TARVITA (VILLA ORIAS)";"-19.794609";"-64.436002";"FISCAL";"RURAL";"30";"THACUS";"RURAL";"exacta"
"50460019";"THAKO PAMPA";"010304";"CHUQUISACA";"ZUDAÑEZ";"ICLA";"-19.385655";"-64.729052";"FISCAL";"RURAL";"139";"THACU PAMPA";"RURAL";"exacta"
"70470047";"TACO PAMPA";"010202";"CHUQUISACA";"AZURDUY";"TARVITA (VILLA ORIAS)";"-19.883775";"-64.485";"FISCAL";"RURAL";"6";"THACU PAMPA";"RURAL";"exacta"
"80480237";"THAKHOYOJ";"010101";"CHUQUISACA";"OROPEZA";"CAPITAL (SUCRE)";"-18.685905";"-65.177127";"CONVENIO";"URBANA";"9";"THACHOYOJ";"RURAL";"exacta"
"80430049";"THAYA WAKA";"010601";"CHUQUISACA";"YAMPARAEZ";"TARABUCO";"-19.1991";"-64.842094";"FISCAL";"RURAL";"27";"THAAYAWACA";"RURAL";"exacta"
"80410030";"JUVENTUDES DE AMERICA";"010801";"CHUQUISACA";"BELISARIO BOETO";"VILLA SERRANO";"-19.048724";"-64.157906";"FISCAL";"RURAL";"7";"TEMPORAL GRANDE";"RURAL";"exacta"
"80480149";"TEJA WASI";"010101";"CHUQUISACA";"OROPEZA";"CAPITAL (SUCRE)";"-18.945644";"-65.134777";"CONVENIO";"RURAL";"16";"TEJA HUASI";"RURAL";"ambigua"
"50460023";"TAYGATA";"010304";"CHUQUISACA";"ZUDAÑEZ";"ICLA";"-19.487037";"-64.819877";"FISCAL";"RURAL";"7";"TAYGATA";"RURAL";"exacta"
"80390008";"EL TUNAL";"011001";"CHUQUISACA";"LUIS CALVO";"VILLA VACA GUZMAN (MUYUPAMPA)";"-20.024";"-63.790257";"FISCAL";"RURAL";"21";"TAYASIGUA";"RURAL";"exacta"
"60390010";"TATI";"011003";"CHUQUISACA";"LUIS CALVO";"MACHARETI";"-20.808001";"-63.374321";"FISCAL";"RURAL";"29";"TATI";"RURAL";"exacta"
"70480020";"TASA PAMPA";"010102";"CHUQUISACA";"OROPEZA";"YOTALA";"-19.308701";"-65.259659";"FISCAL";"RURAL";"57";"TASAPAMPA";"RURAL";"exacta"
"80470038";"TARVITA ALTA";"010201";"CHUQUISACA";"AZURDUY";"VILLA AZURDUY";"-20.027996";"-64.484891";"FISCAL";"RURAL";"6";"TARVITA ALTA";"RURAL";"exacta"
"70470037";"ANTONIO TOVAR";"010202";"CHUQUISACA";"AZURDUY";"TARVITA (VILLA ORIAS)";"-19.9272";"-64.486473";"FISCAL";"RURAL";"134";"TARVITA";"RURAL";"exacta"
"70470038";"TARVITA";"010202";"CHUQUISACA";"AZURDUY";"TARVITA (VILLA ORIAS)";"-19.926769";"-64.484755";"FISCAL";"RURAL";"129";"TARVITA";"RURAL";"exacta"
"70470030";"TAREA PAMPA";"010202";"CHUQUISACA";"AZURDUY";"TARVITA (VILLA ORIAS)";"-19.65341";"-64.471594";"FISCAL";"RURAL";"24";"TAREA PAMPA";"RURAL";"exacta"
"80430053";"TARCAÑI BAJA";"010601";"CHUQUISACA";"YAMPARAEZ";"TARABUCO";"-19.0072";"-65.017677";"FISCAL";"RURAL";"14";"TARCAUI BAJA";"RURAL";"ambigua"
"80430052";"TARCAÑI ALTA";"010601";"CHUQUISACA";"YAMPARAEZ";"TARABUCO";"-19.0452";"-65.008011";"FISCAL";"RURAL";"33";"TARCANI ALTA";"RURAL";"exacta"
"60400013";"TARAYA";"010903";"CHUQUISACA";"SUD CINTI";"LAS CARRERAS";"-21.428548";"-65.241415";"FISCAL";"RURAL";"24";"TARAYA";"RURAL";"exacta"
"70450014";"DESTACAMENTO 111";"010402";"CHUQUISACA";"TOMINA";"TOMINA";"-19.353901";"-64.474937";"FISCAL";"RURAL";"131";"TARABUQUILLO";"RURAL";"exacta"
"80430009";"JATUN MAYU";"010601";"CHUQUISACA";"YAMPARAEZ";"TARABUCO";"-19.1733";"-64.898605";"FISCAL";"RURAL";"6";"TARABUCO";"RURAL";"area"
"80430061";"DR. MANUEL GUERRA MENDIETA";"010601";"CHUQUISACA";"YAMPARAEZ";"TARABUCO";"-19.17845";"-64.9167";"FISCAL";"URBANA";"124";"TARABUCO";"URBANO";"area"
"80430062";"ROSALIA VDA. DE ANTEZANA";"010601";"CHUQUISACA";"YAMPARAEZ";"TARABUCO";"-19.1821";"-64.912453";"FISCAL";"URBANA";"305";"TARABUCO";"URBANO";"area"
"80430063";"ANICETO ARCE";"010601";"CHUQUISACA";"YAMPARAEZ";"TARABUCO";"-19.1845";"-64.915405";"FISCAL";"URBANA";"269";"TARABUCO";"URBANO";"area"
"80450011";"BERNARDINO CESPEDES";"010401";"CHUQUISACA";"TOMINA";"PADILLA";"-19.360988";"-64.145191";"FISCAL";"RURAL";"6";"TAPIAL";"RURAL";"exacta"
"80480100";"EL TAPIAL";"010101";"CHUQUISACA";"OROPEZA";"CAPITAL (SUCRE)";"-18.767467";"-65.136035";"CONVENIO";"RURAL";"21";"TAPIAL";"RURAL";"ambigua"
"80390006";"CRUZ PAMPA";"011001";"CHUQUISACA";"LUIS CALVO";"VILLA VACA GUZMAN (MUYUPAMPA)";"-19.764439";"-63.836822";"FISCAL";"RURAL";"60";"TAPERILLAS";"RURAL";"exacta"
"60420069";"TANGOYA";"010703";"CHUQUISACA";"NOR CINTI";"INCAHUASI";"-20.479569";"-64.611838";"FISCAL";"RURAL";"20";"TANGOYA";"RURAL";"exacta"
"80470030";"TAMBOS";"010201";"CHUQUISACA";"AZURDUY";"VILLA AZURDUY";"-20.277679";"-64.458956";"FISCAL";"RURAL";"19";"TAMBOS";"RURAL";"exacta"
"70420088";"TAMBO MUQU";"010702";"CHUQUISACA";"NOR CINTI";"SAN LUCAS";"-20.122203";"-65.133851";"CONVENIO";"RURAL";"10";"TAMBO MOKO";"RURAL";"exacta"
"70420129";"TAMBO KUCHO";"010702";"CHUQUISACA";"NOR CINTI";"SAN LUCAS";"-20.206344";"-65.069208";"FISCAL";"RURAL";"20";"TAMBO KUCHU";"RURAL";"exacta"
"70420087";"TAMBO KASA";"010702";"CHUQUISACA";"NOR CINTI";"SAN LUCAS";"-20.330346";"-64.746142";"FISCAL";"RURAL";"104";"TAMBO KASA";"RURAL";"exacta"
"80430065";"TAMBO ATAJO";"010601";"CHUQUISACA";"YAMPARAEZ";"TARABUCO";"-18.9548";"-65.057617";"FISCAL";"RURAL";"5";"TAMBO ATAJO";"RURAL";"exacta"
"70480019";"ANTONIO TOVAR HINOJOSA";"010102";"CHUQUISACA";"OROPEZA";"YOTALA";"-19.3032";"-65.170242";"FISCAL";"RURAL";"97";"TAMBO AQHACHILLA";"RURAL";"ambigua"
"70420086";"TAMBO AGUADA";"010702";"CHUQUISACA";"NOR CINTI";"SAN LUCAS";"-19.985945";"-64.863729";"CONVENIO";"RURAL";"5";"TAMBO AGUADA";"RURAL";"exacta"
"70420085";"TAMBILLOS";"010702";"CHUQUISACA";"NOR CINTI";"SAN LUCAS";"-20.041599";"-65.27066";"CONVENIO";"RURAL";"90";"TAMBILLOS";"RURAL";"exacta"
"70430021";"TALAHUANCA";"010602";"CHUQUISACA";"YAMPARAEZ";"YAMPARAEZ";"-19.1283";"-65.16523";"FISCAL";"RURAL";"16";"TALAHUANCA";"RURAL";"exacta"
"80480130";"QUILA QUILA";"010101";"CHUQUISACA";"OROPEZA";"CAPITAL (SUCRE)";"-19.119499";"-65.378044";"FISCAL";"RURAL";"19";"TAJCHI";"RURAL";"exacta"
"80480297";"TOMAS KATARI";"010101";"CHUQUISACA";"OROPEZA";"CAPITAL (SUCRE)";"-19.121201";"-65.378357";"FISCAL";"RURAL";"38";"TAJCHI";"RURAL";"exacta"
"80440050";"QUIMET CARVAJAL PAZ";"010501";"CHUQUISACA";"HERNANDO SILES";"MONTEAGUDO";"-19.9471";"-63.901867";"FISCAL";"RURAL";"10";"TACUARA";"RURAL";"exacta"
"80420039";"TACO MAYU";"010701";"CHUQUISACA";"NOR CINTI";"CAMARGO";"-20.516607";"-65.162532";"FISCAL";"RURAL";"8";"TACOMAYO";"RURAL";"ambigua"
"80420014";"FALSURI";"010701";"CHUQUISACA";"NOR CINTI";"CAMARGO";"-20.522869";"-65.118229";"FISCAL";"RURAL";"7";"TACAQUIRA";"RURAL";"exacta"
"80420038";"TACAQUIRA";"010701";"CHUQUISACA";"NOR CINTI";"CAMARGO";"-20.54044";"-65.149555";"FISCAL";"RURAL";"17";"TACAQUIRA";"RURAL";"exacta"
"60400015";"TACAPI";"010903";"CHUQUISACA";"SUD CINTI";"LAS CARRERAS";"-21.32021";"-65.300087";"FISCAL";"RURAL";"2";"TACAPI";"RURAL";"exacta"
"70420115";"TABLAS";"010702";"CHUQUISACA";"NOR CINTI";"SAN LUCAS";"-20.117034";"-64.680514";"FISCAL";"RURAL";"6";"TABLAS";"RURAL";"exacta"
"80470029";"TABLANI";"010201";"CHUQUISACA";"AZURDUY";"VILLA AZURDUY";"-20.060082";"-64.564266";"FISCAL";"RURAL";"125";"TABLANI";"RURAL";"exacta"
"80470028";"TABLA MAYU";"010201";"CHUQUISACA";"AZURDUY";"VILLA AZURDUY";"-20.209697";"-64.496692";"FISCAL";"RURAL";"32";"TABLAMAYU";"RURAL";"exacta"
"80420037";"TABLA CRUZ";"010701";"CHUQUISACA";"NOR CINTI";"CAMARGO";"-20.642679";"-65.069732";"FISCAL";"RURAL";"8";"TABLA CRUZ";"RURAL";"exacta"
"80470027";"TABACAL";"010201";"CHUQUISACA";"AZURDUY";"VILLA AZURDUY";"-20.135766";"-64.531555";"FISCAL";"RURAL";"25";"TABACAL";"RURAL";"exacta"
"80430047";"ALFREDO MARTINEZ RODAS";"010601";"CHUQUISACA";"YAMPARAEZ";"TARABUCO";"-19.027062";"-64.867416";"FISCAL";"RURAL";"24";"SURIMA GRANDE";"RURAL";"exacta"
"80430046";"SURIMA CHICA";"010601";"CHUQUISACA";"YAMPARAEZ";"TARABUCO";"-19.012699";"-64.893333";"FISCAL";"RURAL";"6";"SURIMA CHICA";"RURAL";"ambigua"
"80480191";"FRAY GABRIEL MARIA LANDINI";"010101";"CHUQUISACA";"OROPEZA";"CAPITAL (SUCRE)";"-18.777064";"-65.129559";"CONVENIO";"RURAL";"278";"SURIMA";"RURAL";"ambigua"
"80420036";"SUQUISTACA";"010701";"CHUQUISACA";"NOR CINTI";"CAMARGO";"-20.38429";"-65.09589";"FISCAL";"RURAL";"42";"SUQUISTACA";"RURAL";"ambigua"
"60420051";"SUPAS";"010704";"CHUQUISACA";"NOR CINTI";"VILLA CHARCAS";"-20.43352";"-64.776356";"FISCAL";"RURAL";"96";"SUPAS";"RURAL";"exacta"
"80460017";"SUNDUR WASI";"010301";"CHUQUISACA";"ZUDAÑEZ";"VILLA ZUDANEZ (TACOPAYA)";"-19.179001";"-64.703598";"FISCAL";"RURAL";"27";"SUNDUR HUASI";"RURAL";"exacta"
"70420084";"SUNCHU TAMBO";"010702";"CHUQUISACA";"NOR CINTI";"SAN LUCAS";"-20.308967";"-64.822034";"FISCAL";"RURAL";"36";"SUNCHU TAMBO";"RURAL";"exacta"
"80460016";"SUNCHU PAMPA";"010301";"CHUQUISACA";"ZUDAÑEZ";"VILLA ZUDANEZ (TACOPAYA)";"-19.2181";"-64.644142";"FISCAL";"RURAL";"18";"SUNCHU PAMPA";"RURAL";"exacta"
"70400046";"SUMAYA";"010902";"CHUQUISACA";"SUD CINTI";"CULPINA";"-20.757401";"-64.787361";"FISCAL";"RURAL";"8";"SUMAYA BAJA";"RURAL";"exacta"
"50460009";"SUMALA";"010202";"CHUQUISACA";"AZURDUY";"TARVITA (VILLA ORIAS)";"-19.6357";"-64.783051";"FISCAL";"RURAL";"29";"SUMALA";"RURAL";"sin coincidencia"
"60420050";"ELIZARDO PEREZ";"010703";"CHUQUISACA";"NOR CINTI";"INCAHUASI";"-20.748476";"-64.901434";"FISCAL";"RURAL";"135";"SULTACA BAJA";"RURAL";"exacta"
"60420049";"JUANA DE AZURDUY DE PADILLA";"010704";"CHUQUISACA";"NOR CINTI";"VILLA CHARCAS";"-20.7241";"-64.926003";"FISCAL";"RURAL";"148";"SULTACA ALTA";"RURAL";"exacta"
"80430045";"SUINDIRI";"010601";"CHUQUISACA";"YAMPARAEZ";"TARABUCO";"-19.01";"-64.985336";"FISCAL";"RURAL";"15";"SUINDIRI";"RURAL";"exacta"
"80480075";"SAN ROQUE";"010101";"CHUQUISACA";"OROPEZA";"CAPITAL (SUCRE)";"-19.054021";"-65.270176";"FISCAL";"URBANA";"99";"SUCRE";"URBANO";"exacta"
"80480002";"JORGE REVILLA ALDANA B";"010101";"CHUQUISACA";"OROPEZA";"CAPITAL (SUCRE)";"-19.025";"-65.258568";"FISCAL";"URBANA";"741";"SUCRE";"URBANO";"exacta"
"80480004";"ANGELA MAURER";"010101";"CHUQUISACA";"OROPEZA";"CAPITAL (SUCRE)";"-19.0478";"-65.243088";"CONVENIO";"URBANA";"215";"SUCRE";"URBANO";"exacta"
"80480005";"ROBERTO ALVARADO DAZA C";"010101";"CHUQUISACA";"OROPEZA";"CAPITAL (SUCRE)";"-19.030399";"-65.247139";"FISCAL";"URBANA";"187";"SUCRE";"URBANO";"exacta"
"80480006";"ROBERTO ALVARADO DAZA B";"010101";"CHUQUISACA";"OROPEZA";"CAPITAL (SUCRE)";"-19.030399";"-65.247139";"FISCAL";"URBANA";"662";"SUCRE";"URBANO";"exacta"
"80480008";"DOMINGO SAVIO";"010101";"CHUQUISACA";"OROPEZA";"CAPITAL (SUCRE)";"-19.0483";"-65.2742";"CONVENIO";"URBANA";"567";"SUCRE";"URBANO";"exacta"
"80480009";"AGUSTIN ITURRICHA";"010101";"CHUQUISACA";"OROPEZA";"CAPITAL (SUCRE)";"-19.0455";"-65.260948";"FISCAL";"URBANA";"386";"SUCRE";"URBANO";"exacta"
"80480010";"DANIEL CALVO";"010101";"CHUQUISACA";"OROPEZA";"CAPITAL (SUCRE)";"-19.0455";"-65.260948";"FISCAL";"URBANA";"539";"SUCRE";"URBANO";"exacta"
"80480012";"6 DE JUNIO A";"010101";"CHUQUISACA";"OROPEZA";"CAPITAL (SUCRE)";"-19.027";"-65.267105";"FISCAL";"URBANA";"556";"SUCRE";"URBANO";"exacta"
"80480013";"FLORA QUIROGA DE ORTUZTE";"010101";"CHUQUISACA";"OROPEZA";"CAPITAL (SUCRE)";"-19.038";"-65.259689";"FISCAL";"URBANA";"85";"SUCRE";"URBANO";"exacta"
"80480014";"MCAL. SUCRE A";"010101";"CHUQUISACA";"OROPEZA";"CAPITAL (SUCRE)";"-19.0403";"-65.261108";"FISCAL";"URBANA";"510";"SUCRE";"URBANO";"exacta"
"80480015";"AMALIA VIUDA DE VARGAS";"010101";"CHUQUISACA";"OROPEZA";"CAPITAL (SUCRE)";"-19.0403";"-65.261108";"FISCAL";"URBANA";"151";"SUCRE";"URBANO";"exacta"
"80480016";"MERCEDES CANDIA DE OVANDO INICIAL";"010101";"CHUQUISACA";"OROPEZA";"CAPITAL (SUCRE)";"-19.038";"-65.259689";"FISCAL";"URBANA";"111";"SUCRE";"URBANO";"exacta"
"80480017";"MERCEDES CANDIA DE OVANDO";"010101";"CHUQUISACA";"OROPEZA";"CAPITAL (SUCRE)";"-19.038";"-65.259689";"FISCAL";"URBANA";"540";"SUCRE";"URBANO";"exacta"
"80480018";"ACCION SOCIAL B";"010101";"CHUQUISACA";"OROPEZA";"CAPITAL (SUCRE)";"-19.035712";"-65.256315";"FISCAL";"URBANA";"127";"SUCRE";"URBANO";"exacta"
"80480019";"GEORGES ROUMA";"010101";"CHUQUISACA";"OROPEZA";"CAPITAL (SUCRE)";"-19.0516";"-65.260033";"FISCAL";"URBANA";"75";"SUCRE";"URBANO";"exacta"
"80480020";"JUDITH CARRASCO DE ECHEVARRIA";"010101";"CHUQUISACA";"OROPEZA";"CAPITAL (SUCRE)";"-19.0516";"-65.260033";"FISCAL";"URBANA";"286";"SUCRE";"URBANO";"exacta"
"80480021";"ADOLFO SILES";"010101";"CHUQUISACA";"OROPEZA";"CAPITAL (SUCRE)";"-19.050907";"-65.260507";"FISCAL";"URBANA";"663";"SUCRE";"URBANO";"exacta"
"80480022";"MODESTA CAREAGA";"010101";"CHUQUISACA";"OROPEZA";"CAPITAL (SUCRE)";"-19.050907";"-65.260507";"FISCAL";"URBANA";"213";"SUCRE";"URBANO";"exacta"
"80480024";"SAN FRANCISCO";"010101";"CHUQUISACA";"OROPEZA";"CAPITAL (SUCRE)";"-19.048";"-65.275826";"CONVENIO";"URBANA";"232";"SUCRE";"URBANO";"exacta"
"80480030";"JULIA DEGAND";"010101";"CHUQUISACA";"OROPEZA";"CAPITAL (SUCRE)";"-19.0488";"-65.258255";"FISCAL";"URBANA";"204";"SUCRE";"URBANO";"exacta"
"80480031";"JULIO QUEZADA RENDON";"010101";"CHUQUISACA";"OROPEZA";"CAPITAL (SUCRE)";"-19.0488";"-65.258255";"FISCAL";"URBANA";"550";"SUCRE";"URBANO";"exacta"
"80480032";"CARDENAL MAURER";"010101";"CHUQUISACA";"OROPEZA";"CAPITAL (SUCRE)";"-19.0534";"-65.261597";"FISCAL";"URBANA";"474";"SUCRE";"URBANO";"exacta"
"80480034";"TERESA BUSTOS DE LEMOINE";"010101";"CHUQUISACA";"OROPEZA";"CAPITAL (SUCRE)";"-19.050501";"-65.255775";"FISCAL";"URBANA";"512";"SUCRE";"URBANO";"exacta"
"80480035";"REPUBLICA VENEZUELA";"010101";"CHUQUISACA";"OROPEZA";"CAPITAL (SUCRE)";"-19.050501";"-65.255775";"FISCAL";"URBANA";"530";"SUCRE";"URBANO";"exacta"
"80480036";"SAN LAZARO";"010101";"CHUQUISACA";"OROPEZA";"CAPITAL (SUCRE)";"-19.048851";"-65.255275";"FISCAL";"URBANA";"157";"SUCRE";"URBANO";"exacta"
"80480037";"MARIANO MORENO";"010101";"CHUQUISACA";"OROPEZA";"CAPITAL (SUCRE)";"-19.0469";"-65.255623";"FISCAL";"URBANA";"97";"SUCRE";"URBANO";"exacta"
"80480039";"TREVERIS";"010101";"CHUQUISACA";"OROPEZA";"CAPITAL (SUCRE)";"-19.0441";"-65.249641";"FISCAL";"URBANA";"61";"SUCRE";"URBANO";"exacta"
"80480040";"JOSE MARIANO SERRANO A";"010101";"CHUQUISACA";"OROPEZA";"CAPITAL (SUCRE)";"-19.0443";"-65.250031";"FISCAL";"URBANA";"544";"SUCRE";"URBANO";"exacta"
"80480042";"LUIS BOETO";"010101";"CHUQUISACA";"OROPEZA";"CAPITAL (SUCRE)";"-19.0501";"-65.26001";"CONVENIO";"URBANA";"421";"SUCRE";"URBANO";"exacta"
"80480043";"JUANA AZURDUY DE PADILLA A";"010101";"CHUQUISACA";"OROPEZA";"CAPITAL (SUCRE)";"-19.0516";"-65.257751";"FISCAL";"URBANA";"245";"SUCRE";"URBANO";"exacta"
"80480044";"NICOLAS ORTIZ";"010101";"CHUQUISACA";"OROPEZA";"CAPITAL (SUCRE)";"-19.0492";"-65.261063";"FISCAL";"URBANA";"519";"SUCRE";"URBANO";"exacta"
"80480045";"VALENTIN ABECIA";"010101";"CHUQUISACA";"OROPEZA";"CAPITAL (SUCRE)";"-19.0492";"-65.261063";"FISCAL";"URBANA";"305";"SUCRE";"URBANO";"exacta"
"80480046";"MUNICIPAL";"010101";"CHUQUISACA";"OROPEZA";"CAPITAL (SUCRE)";"-19.050777";"-65.268153";"FISCAL";"URBANA";"59";"SUCRE";"URBANO";"exacta"
"80480048";"ANICETO ARCE";"010101";"CHUQUISACA";"OROPEZA";"CAPITAL (SUCRE)";"-19.0639";"-65.273392";"FISCAL";"URBANA";"487";"SUCRE";"URBANO";"exacta"
"80480050";"GREGORIO REYNOLDS";"010101";"CHUQUISACA";"OROPEZA";"CAPITAL (SUCRE)";"-19.051201";"-65.255806";"FISCAL";"URBANA";"323";"SUCRE";"URBANO";"exacta"
"80480051";"VICTORINO VEGA B";"010101";"CHUQUISACA";"OROPEZA";"CAPITAL (SUCRE)";"-19.047899";"-65.237724";"FISCAL";"URBANA";"359";"SUCRE";"URBANO";"exacta"
"80480052";"ACCION SOCIAL A";"010101";"CHUQUISACA";"OROPEZA";"CAPITAL (SUCRE)";"-19.035712";"-65.256315";"FISCAL";"URBANA";"150";"SUCRE";"URBANO";"exacta"
"80480053";"DANIEL SANCHEZ BUSTAMANTE";"010101";"CHUQUISACA";"OROPEZA";"CAPITAL (SUCRE)";"-19.012632";"-65.286131";"FISCAL";"URBANA";"193";"SUCRE";"URBANO";"exacta"
"80480054";"23 DE MARZO";"010101";"CHUQUISACA";"OROPEZA";"CAPITAL (SUCRE)";"-19.012632";"-65.286131";"FISCAL";"URBANA";"256";"SUCRE";"URBANO";"exacta"
"80480058";"GUIDO VILLAGOMEZ B";"010101";"CHUQUISACA";"OROPEZA";"CAPITAL (SUCRE)";"-19.028299";"-65.282867";"FISCAL";"URBANA";"942";"SUCRE";"URBANO";"exacta"
"80480059";"TTE. EDMUNDO ANDRADE B";"010101";"CHUQUISACA";"OROPEZA";"CAPITAL (SUCRE)";"-19.083744";"-65.268147";"CONVENIO";"URBANA";"106";"SUCRE";"URBANO";"exacta"
"80480060";"LA RECOLETA";"010101";"CHUQUISACA";"OROPEZA";"CAPITAL (SUCRE)";"-19.054899";"-65.254143";"CONVENIO";"URBANA";"1785";"SUCRE";"URBANO";"exacta"
"80480061";"ARTURO ARANIBAR";"010101";"CHUQUISACA";"OROPEZA";"CAPITAL (SUCRE)";"-19.038879";"-65.257711";"FISCAL";"URBANA";"381";"SUCRE";"URBANO";"exacta"
"80480062";"BENJAMIN GUZMAN";"010101";"CHUQUISACA";"OROPEZA";"CAPITAL (SUCRE)";"-19.038879";"-65.257711";"FISCAL";"URBANA";"686";"SUCRE";"URBANO";"exacta"
"80480063";"SIMON BOLIVAR";"010101";"CHUQUISACA";"OROPEZA";"CAPITAL (SUCRE)";"-19.038879";"-65.257711";"FISCAL";"URBANA";"115";"SUCRE";"URBANO";"exacta"
"80480064";"EDUARDO ABAROA";"010101";"CHUQUISACA";"OROPEZA";"CAPITAL (SUCRE)";"-19.049299";"-65.264175";"FISCAL";"URBANA";"305";"SUCRE";"URBANO";"exacta"
"80480066";"RICARDO MUJIA";"010101";"CHUQUISACA";"OROPEZA";"CAPITAL (SUCRE)";"-19.049299";"-65.264175";"FISCAL";"URBANA";"330";"SUCRE";"URBANO";"exacta"
"80480069";"SAN VICENTE DE PAUL";"010101";"CHUQUISACA";"OROPEZA";"CAPITAL (SUCRE)";"-19.051126";"-65.257237";"CONVENIO";"URBANA";"723";"SUCRE";"URBANO";"exacta"
"80480070";"JAIME MENDOZA";"010101";"CHUQUISACA";"OROPEZA";"CAPITAL (SUCRE)";"-19.051041";"-65.261367";"FISCAL";"URBANA";"192";"SUCRE";"URBANO";"exacta"
"80480071";"SAUL MENDOZA";"010101";"CHUQUISACA";"OROPEZA";"CAPITAL (SUCRE)";"-19.051041";"-65.261367";"FISCAL";"URBANA";"65";"SUCRE";"URBANO";"exacta"
"80480072";"IGNACIO PRUDENCIO BUSTILLO";"010101";"CHUQUISACA";"OROPEZA";"CAPITAL (SUCRE)";"-19.052401";"-65.262436";"FISCAL";"URBANA";"364";"SUCRE";"URBANO";"exacta"
"80480073";"AGAR SALAZAR DE COX";"010101";"CHUQUISACA";"OROPEZA";"CAPITAL (SUCRE)";"-19.042801";"-65.262444";"FISCAL";"URBANA";"121";"SUCRE";"URBANO";"exacta"
"80480074";"GERARDO VACA GUZMAN";"010101";"CHUQUISACA";"OROPEZA";"CAPITAL (SUCRE)";"-19.042801";"-65.262444";"FISCAL";"URBANA";"312";"SUCRE";"URBANO";"exacta"
"80480076";"SAN XAVIER B";"010101";"CHUQUISACA";"OROPEZA";"CAPITAL (SUCRE)";"-19.042";"-65.244431";"CONVENIO";"URBANA";"836";"SUCRE";"URBANO";"exacta"
"80480077";"MANUEL RODRIGUEZ DE QUIROGA A";"010101";"CHUQUISACA";"OROPEZA";"CAPITAL (SUCRE)";"-19.0483";"-65.25647";"FISCAL";"URBANA";"741";"SUCRE";"URBANO";"exacta"
"80480078";"JAIME DE ZUDAÑEZ PRIMARIA";"010101";"CHUQUISACA";"OROPEZA";"CAPITAL (SUCRE)";"-19.047937";"-65.256458";"FISCAL";"URBANA";"299";"SUCRE";"URBANO";"exacta"
"80480079";"JOHN FITZGERALD KENNEDY";"010101";"CHUQUISACA";"OROPEZA";"CAPITAL (SUCRE)";"-19.0483";"-65.25647";"FISCAL";"URBANA";"137";"SUCRE";"URBANO";"exacta"
"80480080";"SANTA MARIA EUFRASIA";"010101";"CHUQUISACA";"OROPEZA";"CAPITAL (SUCRE)";"-19.048401";"-65.255768";"CONVENIO";"URBANA";"375";"SUCRE";"URBANO";"exacta"
"80480082";"ROBERTO ALVARADO DAZA A";"010101";"CHUQUISACA";"OROPEZA";"CAPITAL (SUCRE)";"-19.030399";"-65.247139";"FISCAL";"URBANA";"1084";"SUCRE";"URBANO";"exacta"
"80480083";"FRANCISCANA SAN JUANILLO";"010101";"CHUQUISACA";"OROPEZA";"CAPITAL (SUCRE)";"-19.0317";"-65.255447";"CONVENIO";"URBANA";"1089";"SUCRE";"URBANO";"exacta"
"80480084";"JOSEFINA GOITIA";"010101";"CHUQUISACA";"OROPEZA";"CAPITAL (SUCRE)";"-19.058901";"-65.260406";"FISCAL";"URBANA";"306";"SUCRE";"URBANO";"exacta"
"80480085";"CRISTO REY";"010101";"CHUQUISACA";"OROPEZA";"CAPITAL (SUCRE)";"-19.0341";"-65.260773";"FISCAL";"URBANA";"106";"SUCRE";"URBANO";"exacta"
"80480087";"EMILIO HOCHMANN B";"010101";"CHUQUISACA";"OROPEZA";"CAPITAL (SUCRE)";"-19.017997";"-65.266111";"FISCAL";"URBANA";"648";"SUCRE";"URBANO";"exacta"
"80480090";"ALEGRIA";"010101";"CHUQUISACA";"OROPEZA";"CAPITAL (SUCRE)";"-18.990601";"-65.273994";"FISCAL";"RURAL";"837";"SUCRE";"URBANO";"exacta"
"80480093";"JOSE CLEMENTE MAURER DE AZARI";"010101";"CHUQUISACA";"OROPEZA";"CAPITAL (SUCRE)";"-19.085204";"-65.236772";"FISCAL";"RURAL";"930";"SUCRE";"URBANO";"exacta"
"80480104";"MARCELO QUIROGA SANTA CRUZ A";"010101";"CHUQUISACA";"OROPEZA";"CAPITAL (SUCRE)";"-19.017799";"-65.257408";"FISCAL";"URBANA";"791";"SUCRE";"URBANO";"exacta"
"80480113";"LECHUGUILLAS";"010101";"CHUQUISACA";"OROPEZA";"CAPITAL (SUCRE)";"-19.047001";"-65.226387";"FISCAL";"URBANA";"148";"SUCRE";"URBANO";"exacta"
"80480114";"ANGEL BASPINEIRO";"010101";"CHUQUISACA";"OROPEZA";"CAPITAL (SUCRE)";"-19.004101";"-65.311623";"FISCAL";"URBANA";"1305";"SUCRE";"URBANO";"exacta"
"80480115";"LLINFI";"010101";"CHUQUISACA";"OROPEZA";"CAPITAL (SUCRE)";"-18.982599";"-65.301659";"FISCAL";"RURAL";"538";"SUCRE";"URBANO";"exacta"
"80480128";"QHORA QHORA ALTA";"010101";"CHUQUISACA";"OROPEZA";"CAPITAL (SUCRE)";"-19.0802";"-65.21553";"FISCAL";"RURAL";"604";"SUCRE";"URBANO";"exacta"
"80480150";"THAKO PAMPA";"010101";"CHUQUISACA";"OROPEZA";"CAPITAL (SUCRE)";"-19.0005";"-65.29554";"FISCAL";"URBANA";"1022";"SUCRE";"URBANO";"exacta"
"80480151";"TUJSUPAYA";"010101";"CHUQUISACA";"OROPEZA";"CAPITAL (SUCRE)";"-19.0229";"-65.27919";"FISCAL";"URBANA";"913";"SUCRE";"URBANO";"exacta"
"80480154";"VICTORIA DIEZ";"010101";"CHUQUISACA";"OROPEZA";"CAPITAL (SUCRE)";"-19.009501";"-65.305824";"CONVENIO";"URBANA";"925";"SUCRE";"URBANO";"exacta"
"80480160";"MANUEL RODRIGUEZ DE QUIROGA B";"010101";"CHUQUISACA";"OROPEZA";"CAPITAL (SUCRE)";"-19.0483";"-65.25647";"FISCAL";"URBANA";"396";"SUCRE";"URBANO";"exacta"
"80480161";"JAIME DE ZUDAÑEZ SECUNDARIA";"010101";"CHUQUISACA";"OROPEZA";"CAPITAL (SUCRE)";"-19.047937";"-65.256458";"FISCAL";"URBANA";"900";"SUCRE";"URBANO";"exacta"
"80480163";"NACIONAL JUNIN SECUNDARIA";"010101";"CHUQUISACA";"OROPEZA";"CAPITAL (SUCRE)";"-19.0492";"-65.257919";"FISCAL";"URBANA";"1013";"SUCRE";"URBANO";"exacta"
"80480164";"JUANA AZURDUY DE PADILLA B";"010101";"CHUQUISACA";"OROPEZA";"CAPITAL (SUCRE)";"-19.0516";"-65.257751";"FISCAL";"URBANA";"153";"SUCRE";"URBANO";"exacta"
"80480165";"SAN VICENTE DE PAUL INICIAL";"010101";"CHUQUISACA";"OROPEZA";"CAPITAL (SUCRE)";"-19.044724";"-65.255989";"CONVENIO";"URBANA";"232";"SUCRE";"URBANO";"exacta"
"80480166";"BERNARDO MONTEAGUDO A";"010101";"CHUQUISACA";"OROPEZA";"CAPITAL (SUCRE)";"-19.0469";"-65.255623";"FISCAL";"URBANA";"948";"SUCRE";"URBANO";"exacta"
"80480167";"MARIA JOSEFA MUJIA SECUNDARIA";"010101";"CHUQUISACA";"OROPEZA";"CAPITAL (SUCRE)";"-19.0497";"-65.263283";"FISCAL";"URBANA";"1262";"SUCRE";"URBANO";"exacta"
"80480168";"JOSE MARIANO SERRANO D";"010101";"CHUQUISACA";"OROPEZA";"CAPITAL (SUCRE)";"-19.0441";"-65.249641";"FISCAL";"URBANA";"97";"SUCRE";"URBANO";"exacta"
"80480170";"MCAL. SUCRE B";"010101";"CHUQUISACA";"OROPEZA";"CAPITAL (SUCRE)";"-19.0403";"-65.261108";"FISCAL";"URBANA";"671";"SUCRE";"URBANO";"exacta"
"80480171";"SAN JUANILLO";"010101";"CHUQUISACA";"OROPEZA";"CAPITAL (SUCRE)";"-19.0317";"-65.255447";"CONVENIO";"URBANA";"789";"SUCRE";"URBANO";"exacta"
"80480172";"GUIDO VILLAGOMEZ A";"010101";"CHUQUISACA";"OROPEZA";"CAPITAL (SUCRE)";"-19.028299";"-65.282867";"FISCAL";"URBANA";"872";"SUCRE";"URBANO";"exacta"
"80480173";"LOYOLA DE FE Y ALEGRIA B";"010101";"CHUQUISACA";"OROPEZA";"CAPITAL (SUCRE)";"-19.036501";"-65.26767";"CONVENIO";"URBANA";"602";"SUCRE";"URBANO";"exacta"
"80480174";"TTE. EDMUNDO ANDRADE A";"010101";"CHUQUISACA";"OROPEZA";"CAPITAL (SUCRE)";"-19.083744";"-65.268147";"CONVENIO";"URBANA";"224";"SUCRE";"URBANO";"exacta"
"80480179";"SAN XAVIER A";"010101";"CHUQUISACA";"OROPEZA";"CAPITAL (SUCRE)";"-19.042";"-65.244431";"CONVENIO";"URBANA";"942";"SUCRE";"URBANO";"exacta"
"80480180";"LOYOLA DE FE Y ALEGRIA A";"010101";"CHUQUISACA";"OROPEZA";"CAPITAL (SUCRE)";"-19.036501";"-65.26767";"CONVENIO";"URBANA";"701";"SUCRE";"URBANO";"exacta"
"80480183";"MANUEL ASCENCIO PADILLA";"010101";"CHUQUISACA";"OROPEZA";"CAPITAL (SUCRE)";"-19.0492";"-65.257919";"FISCAL";"URBANA";"115";"SUCRE";"URBANO";"exacta"
"80480190";"SAGRADA FAMILIA";"010101";"CHUQUISACA";"OROPEZA";"CAPITAL (SUCRE)";"-19.023977";"-65.24633";"CONVENIO";"URBANA";"935";"SUCRE";"URBANO";"exacta"
"80480192";"DON BOSCO A";"010101";"CHUQUISACA";"OROPEZA";"CAPITAL (SUCRE)";"-19.048201";"-65.263";"CONVENIO";"URBANA";"411";"SUCRE";"URBANO";"exacta"
"80480193";"GRAN MCAL. DE AYACUCHO";"010101";"CHUQUISACA";"OROPEZA";"CAPITAL (SUCRE)";"-19.0488";"-65.255241";"FISCAL";"URBANA";"313";"SUCRE";"URBANO";"exacta"
"80480196";"JORGE REVILLA ALDANA A";"010101";"CHUQUISACA";"OROPEZA";"CAPITAL (SUCRE)";"-19.025";"-65.258568";"FISCAL";"URBANA";"1066";"SUCRE";"URBANO";"exacta"
"80480197";"JORGE REVILLA ALDANA C";"010101";"CHUQUISACA";"OROPEZA";"CAPITAL (SUCRE)";"-19.025";"-65.258568";"FISCAL";"URBANA";"138";"SUCRE";"URBANO";"exacta"
"80480199";"FIELDING BOLIVIA";"010101";"CHUQUISACA";"OROPEZA";"CAPITAL (SUCRE)";"-19.045263";"-65.261986";"PRIVADA";"URBANA";"266";"SUCRE";"URBANO";"exacta"
"80480200";"ALEMAN ALEXANDER VON HUMBOLDT";"010101";"CHUQUISACA";"OROPEZA";"CAPITAL (SUCRE)";"-19.055099";"-65.261986";"PRIVADA";"URBANA";"299";"SUCRE";"URBANO";"exacta"
"80480203";"SUCRE";"010101";"CHUQUISACA";"OROPEZA";"CAPITAL (SUCRE)";"-19.0464";"-65.258499";"PRIVADA";"URBANA";"163";"SUCRE";"URBANO";"exacta"
"80480204";"SIMON RODRIGUEZ CARREÑO";"010101";"CHUQUISACA";"OROPEZA";"CAPITAL (SUCRE)";"-19.0515";"-65.255058";"PRIVADA";"URBANA";"764";"SUCRE";"URBANO";"exacta"
"80480205";"SANTA ANA";"010101";"CHUQUISACA";"OROPEZA";"CAPITAL (SUCRE)";"-19.048122";"-65.256295";"PRIVADA";"URBANA";"907";"SUCRE";"URBANO";"exacta"
"80480206";"SAN CRISTOBAL";"010101";"CHUQUISACA";"OROPEZA";"CAPITAL (SUCRE)";"-19.051126";"-65.257237";"PRIVADA";"URBANA";"728";"SUCRE";"URBANO";"exacta"
"80480207";"DEL SAGRADO CORAZON";"010101";"CHUQUISACA";"OROPEZA";"CAPITAL (SUCRE)";"-19.0464";"-65.261261";"PRIVADA";"URBANA";"1668";"SUCRE";"URBANO";"exacta"
"80480208";"JUAN ENRIQUE PESTALOZZI";"010101";"CHUQUISACA";"OROPEZA";"CAPITAL (SUCRE)";"-19.0506";"-65.254463";"PRIVADA";"URBANA";"403";"SUCRE";"URBANO";"exacta"
"80480209";"LUZ Y VERDAD";"010101";"CHUQUISACA";"OROPEZA";"CAPITAL (SUCRE)";"-19.047641";"-65.255238";"PRIVADA";"URBANA";"305";"SUCRE";"URBANO";"exacta"
"80480212";"NAZARENO";"010101";"CHUQUISACA";"OROPEZA";"CAPITAL (SUCRE)";"-19.0296";"-65.257851";"PRIVADA";"URBANA";"908";"SUCRE";"URBANO";"exacta"
"80480129";"GUALBERTO VILLARROEL DE QHORA QHORA BAJA";"010101";"CHUQUISACA";"OROPEZA";"CAPITAL (SUCRE)";"-19.0931";"-65.20636";"FISCAL";"RURAL";"25";"SUCRE";"URBANO";"exacta"
"80480132";"RUFFO";"010101";"CHUQUISACA";"OROPEZA";"CAPITAL (SUCRE)";"-19.05767";"-65.288446";"FISCAL";"RURAL";"640";"SUCRE";"URBANO";"exacta"
"80480269";"VILLA ARMONIA B";"010101";"CHUQUISACA";"OROPEZA";"CAPITAL (SUCRE)";"-19.021999";"-65.263977";"FISCAL";"URBANA";"355";"SUCRE";"URBANO";"exacta"
"80480275";"SANTISIMA TRINIDAD";"010101";"CHUQUISACA";"OROPEZA";"CAPITAL (SUCRE)";"-19.094409";"-65.283813";"CONVENIO";"RURAL";"45";"SUCRE";"URBANO";"exacta"
"80480276";"LATINO AMERICANO DE COMERCIO A";"010101";"CHUQUISACA";"OROPEZA";"CAPITAL (SUCRE)";"-19.0403";"-65.252846";"PRIVADA";"URBANA";"176";"SUCRE";"URBANO";"exacta"
"80480278";"HUGO POPPE ENTRAMBASAGUAS";"010101";"CHUQUISACA";"OROPEZA";"CAPITAL (SUCRE)";"-19.051701";"-65.232361";"FISCAL";"URBANA";"433";"SUCRE";"URBANO";"exacta"
"80480279";"GASTON VILAR CASSO";"010101";"CHUQUISACA";"OROPEZA";"CAPITAL (SUCRE)";"-19.022826";"-65.279231";"FISCAL";"URBANA";"664";"SUCRE";"URBANO";"exacta"
"80480280";"LIBERTAD DE LAS AMERICAS";"010101";"CHUQUISACA";"OROPEZA";"CAPITAL (SUCRE)";"-19.0137";"-65.250984";"FISCAL";"URBANA";"659";"SUCRE";"URBANO";"exacta"
"80480282";"BET-EL";"010101";"CHUQUISACA";"OROPEZA";"CAPITAL (SUCRE)";"-19.04125";"-65.243077";"PRIVADA";"URBANA";"382";"SUCRE";"URBANO";"exacta"
"80480283";"NICOLÁS JÛRGEN SCHÛTT";"010101";"CHUQUISACA";"OROPEZA";"CAPITAL (SUCRE)";"-19.045142";"-65.26188";"PRIVADA";"URBANA";"15";"SUCRE";"URBANO";"exacta"
"80480284";"CRISTINA AITKEN DE GUTIERREZ";"010101";"CHUQUISACA";"OROPEZA";"CAPITAL (SUCRE)";"-19.0413";"-65.238846";"CONVENIO";"URBANA";"218";"SUCRE";"URBANO";"exacta"
"80480213";"MARIA AUXILIADORA";"010101";"CHUQUISACA";"OROPEZA";"CAPITAL (SUCRE)";"-19.0501";"-65.26107";"PRIVADA";"URBANA";"471";"SUCRE";"URBANO";"exacta"
"80480216";"COOPERATIVA DE EDUCACION JUAN PABLO II";"010101";"CHUQUISACA";"OROPEZA";"CAPITAL (SUCRE)";"-19.045799";"-65.262733";"PRIVADA";"URBANA";"303";"SUCRE";"URBANO";"exacta"
"80480217";"LA INMACULADA";"010101";"CHUQUISACA";"OROPEZA";"CAPITAL (SUCRE)";"-19.0501";"-65.26001";"PRIVADA";"URBANA";"422";"SUCRE";"URBANO";"exacta"
"80480218";"DON BOSCO";"010101";"CHUQUISACA";"OROPEZA";"CAPITAL (SUCRE)";"-19.048201";"-65.263";"PRIVADA";"URBANA";"1154";"SUCRE";"URBANO";"exacta"
"80480219";"JOSE IPIÑA MELGAR";"010101";"CHUQUISACA";"OROPEZA";"CAPITAL (SUCRE)";"-19.045";"-65.262276";"PRIVADA";"URBANA";"6";"SUCRE";"URBANO";"exacta"
"80480221";"BOLIVIANO ALEMAN CARDENAL MAURER";"010101";"CHUQUISACA";"OROPEZA";"CAPITAL (SUCRE)";"-19.0502";"-65.261734";"PRIVADA";"URBANA";"837";"SUCRE";"URBANO";"exacta"
"80480226";"JOSE MARIA VELAZ";"010101";"CHUQUISACA";"OROPEZA";"CAPITAL (SUCRE)";"-19.023977";"-65.24633";"CONVENIO";"URBANA";"854";"SUCRE";"URBANO";"exacta"
"80480228";"MARCELO QUIROGA SANTA CRUZ B";"010101";"CHUQUISACA";"OROPEZA";"CAPITAL (SUCRE)";"-19.017799";"-65.257408";"FISCAL";"URBANA";"594";"SUCRE";"URBANO";"exacta"
"80480230";"LOYOLA A";"010101";"CHUQUISACA";"OROPEZA";"CAPITAL (SUCRE)";"-19.036501";"-65.26767";"CONVENIO";"URBANA";"145";"SUCRE";"URBANO";"exacta"
"80480236";"VICTORINO VEGA A";"010101";"CHUQUISACA";"OROPEZA";"CAPITAL (SUCRE)";"-19.047899";"-65.237724";"FISCAL";"URBANA";"331";"SUCRE";"URBANO";"exacta"
"80480238";"EMILIO HOCHMANN A";"010101";"CHUQUISACA";"OROPEZA";"CAPITAL (SUCRE)";"-19.017997";"-65.266111";"FISCAL";"URBANA";"861";"SUCRE";"URBANO";"exacta"
"80480241";"ROBERTO ALVARADO DAZA D";"010101";"CHUQUISACA";"OROPEZA";"CAPITAL (SUCRE)";"-19.033126";"-65.245181";"FISCAL";"URBANA";"141";"SUCRE";"URBANO";"exacta"
"80480242";"SUMAJ RIJCHARY";"010101";"CHUQUISACA";"OROPEZA";"CAPITAL (SUCRE)";"-19.0189";"-65.267181";"FISCAL";"URBANA";"276";"SUCRE";"URBANO";"exacta"
"80480244";"ANDINA UDEPAN";"010101";"CHUQUISACA";"OROPEZA";"CAPITAL (SUCRE)";"-19.042553";"-65.256765";"PRIVADA";"URBANA";"102";"SUCRE";"URBANO";"exacta"
"80480252";"CARITA DE ANGEL";"010101";"CHUQUISACA";"OROPEZA";"CAPITAL (SUCRE)";"-19.033433";"-65.256289";"PRIVADA";"URBANA";"35";"SUCRE";"URBANO";"exacta"
"80480253";"GUALBERTO PAREDES FERRUFINO";"010101";"CHUQUISACA";"OROPEZA";"CAPITAL (SUCRE)";"-19.0819";"-65.238403";"CONVENIO";"RURAL";"776";"SUCRE";"URBANO";"exacta"
"80480258";"CIUDAD BLANCA";"010101";"CHUQUISACA";"OROPEZA";"CAPITAL (SUCRE)";"-19.029106";"-65.25653";"PRIVADA";"URBANA";"208";"SUCRE";"URBANO";"exacta"
"80480261";"DON BOSCO B";"010101";"CHUQUISACA";"OROPEZA";"CAPITAL (SUCRE)";"-19.048201";"-65.263";"CONVENIO";"URBANA";"470";"SUCRE";"URBANO";"exacta"
"80480263";"SAN MARCOS";"010101";"CHUQUISACA";"OROPEZA";"CAPITAL (SUCRE)";"-19.047899";"-65.25531";"PRIVADA";"URBANA";"269";"SUCRE";"URBANO";"exacta"
"80480264";"ADHEMAR ALBERTO CARVAJAL COLLAZOS";"010101";"CHUQUISACA";"OROPEZA";"CAPITAL (SUCRE)";"-19.027";"-65.267105";"FISCAL";"URBANA";"559";"SUCRE";"URBANO";"exacta"
"80480312";"PEQUEÑOS GENIOS";"010101";"CHUQUISACA";"OROPEZA";"CAPITAL (SUCRE)";"-19.049921";"-65.262021";"PRIVADA";"URBANA";"31";"SUCRE";"URBANO";"exacta"
"80480315";"KURUSA LLAWI";"010101";"CHUQUISACA";"OROPEZA";"CAPITAL (SUCRE)";"-19.013403";"-65.300822";"FISCAL";"URBANA";"414";"SUCRE";"URBANO";"exacta"
"80480316";"MANITAS PINTADAS";"010101";"CHUQUISACA";"OROPEZA";"CAPITAL (SUCRE)";"-19.052768";"-65.250308";"PRIVADA";"URBANA";"8";"SUCRE";"URBANO";"exacta"
"80480317";"SAN JOSE UNETHVO";"010101";"CHUQUISACA";"OROPEZA";"CAPITAL (SUCRE)";"-19.048704";"-65.255525";"PRIVADA";"URBANA";"359";"SUCRE";"URBANO";"exacta"
"80480318";"ALBERTO BOHORQUEZ  B";"010101";"CHUQUISACA";"OROPEZA";"CAPITAL (SUCRE)";"-19.028999";"-65.301559";"FISCAL";"URBANA";"434";"SUCRE";"URBANO";"exacta"
"80480319";"MONTAÑA MAGICA";"010101";"CHUQUISACA";"OROPEZA";"CAPITAL (SUCRE)";"-19.033046";"-65.254861";"PRIVADA";"URBANA";"42";"SUCRE";"URBANO";"exacta"
"80480322";"TOMAS KATARI SUCRE";"010101";"CHUQUISACA";"OROPEZA";"CAPITAL (SUCRE)";"-19.012318";"-65.310521";"FISCAL";"URBANA";"963";"SUCRE";"URBANO";"exacta"
"80480323";"ABRA PALABRA";"010101";"CHUQUISACA";"OROPEZA";"CAPITAL (SUCRE)";"-19.052917";"-65.263123";"PRIVADA";"URBANA";"43";"SUCRE";"URBANO";"exacta"
"80480324";"MI JARDIN ENCANTADO";"010101";"CHUQUISACA";"OROPEZA";"CAPITAL (SUCRE)";"-19.040788";"-65.256045";"PRIVADA";"URBANA";"11";"SUCRE";"URBANO";"exacta"
"80480325";"ADVENTISTA ALBERTO JARA TAPIA";"010101";"CHUQUISACA";"OROPEZA";"CAPITAL (SUCRE)";"-19.046303";"-65.262702";"PRIVADA";"URBANA";"99";"SUCRE";"URBANO";"exacta"
"80480326";"EL MUNDO DE SOFIA";"010101";"CHUQUISACA";"OROPEZA";"CAPITAL (SUCRE)";"-19.027152";"-65.255214";"PRIVADA";"URBANA";"6";"SUCRE";"URBANO";"exacta"
"80480327";"CAMINITO FELIZ";"010101";"CHUQUISACA";"OROPEZA";"CAPITAL (SUCRE)";"-19.051089";"-65.25974";"PRIVADA";"URBANA";"33";"SUCRE";"URBANO";"exacta"
"80480328";"ESPERANZA DE VIDA";"010101";"CHUQUISACA";"OROPEZA";"CAPITAL (SUCRE)";"-19.003351";"-65.280115";"PRIVADA";"URBANA";"186";"SUCRE";"URBANO";"exacta"
"80480338";"NUEVOS HORIZONTES";"010101";"CHUQUISACA";"OROPEZA";"CAPITAL (SUCRE)";"-19.069999";"-65.240431";"FISCAL";"URBANA";"308";"SUCRE";"URBANO";"exacta"
"80480345";"MERCEDES CANDIA DE OVANDO SECUNDARIA";"010101";"CHUQUISACA";"OROPEZA";"CAPITAL (SUCRE)";"-19.038";"-65.259689";"FISCAL";"URBANA";"580";"SUCRE";"URBANO";"exacta"
"80480346";"GENOVEVA RIOS";"010101";"CHUQUISACA";"OROPEZA";"CAPITAL (SUCRE)";"-19.087731";"-65.232326";"FISCAL";"RURAL";"261";"SUCRE";"URBANO";"exacta"
"80480347";"INTERNACIONAL BOLIVIANA DE SUCRE";"010101";"CHUQUISACA";"OROPEZA";"CAPITAL (SUCRE)";"-19.047728";"-65.252867";"PRIVADA";"URBANA";"389";"SUCRE";"URBANO";"exacta"
"80480348";"ERNESTO CHE GUEVARA";"010101";"CHUQUISACA";"OROPEZA";"CAPITAL (SUCRE)";"-19.001106";"-65.268955";"FISCAL";"URBANA";"370";"SUCRE";"URBANO";"exacta"
"80480349";"JOSE IGNACIO DE SANJINES";"010101";"CHUQUISACA";"OROPEZA";"CAPITAL (SUCRE)";"-19.018346";"-65.30848";"FISCAL";"URBANA";"618";"SUCRE";"URBANO";"exacta"
"80480357";"CIBERKIDS";"010101";"CHUQUISACA";"OROPEZA";"CAPITAL (SUCRE)";"-19.050841";"-65.252684";"PRIVADA";"URBANA";"45";"SUCRE";"URBANO";"exacta"
"80480359";"BICENTENARIO";"010101";"CHUQUISACA";"OROPEZA";"CAPITAL (SUCRE)";"-19.073997";"-65.245013";"FISCAL";"URBANA";"101";"SUCRE";"URBANO";"exacta"
"80480361";"DOMINGO SAVIO B";"010101";"CHUQUISACA";"OROPEZA";"CAPITAL (SUCRE)";"-19.0483";"-65.2742";"CONVENIO";"URBANA";"765";"SUCRE";"URBANO";"exacta"
"80480365";"CHARCAS";"010101";"CHUQUISACA";"OROPEZA";"CAPITAL (SUCRE)";"-19.050367";"-65.277777";"FISCAL";"URBANA";"55";"SUCRE";"URBANO";"exacta"
"80480366";"GUIDO VILLAGOMEZ";"010101";"CHUQUISACA";"OROPEZA";"CAPITAL (SUCRE)";"-19.028299";"-65.282867";"FISCAL";"URBANA";"184";"SUCRE";"URBANO";"exacta"
"80480367";"SINAI-TERESA HUARTE TAMA";"010101";"CHUQUISACA";"OROPEZA";"CAPITAL (SUCRE)";"-19.013376";"-65.300875";"FISCAL";"URBANA";"320";"SUCRE";"URBANO";"exacta"
"80480285";"MONTESSORI DE SUCRE";"010101";"CHUQUISACA";"OROPEZA";"CAPITAL (SUCRE)";"-19.049101";"-65.258842";"PRIVADA";"URBANA";"1003";"SUCRE";"URBANO";"exacta"
"80480288";"MONTE CRISTO";"010101";"CHUQUISACA";"OROPEZA";"CAPITAL (SUCRE)";"-19.029283";"-65.261202";"PRIVADA";"URBANA";"704";"SUCRE";"URBANO";"exacta"
"80480289";"GASTON VILAR CASSO B";"010101";"CHUQUISACA";"OROPEZA";"CAPITAL (SUCRE)";"-19.022826";"-65.279231";"FISCAL";"URBANA";"536";"SUCRE";"URBANO";"exacta"
"80480290";"LIBERTAD DE LAS AMERICAS B";"010101";"CHUQUISACA";"OROPEZA";"CAPITAL (SUCRE)";"-19.0137";"-65.250984";"FISCAL";"URBANA";"363";"SUCRE";"URBANO";"exacta"
"80480291";"FRANZ TAMAYO";"010101";"CHUQUISACA";"OROPEZA";"CAPITAL (SUCRE)";"-19.014299";"-65.264191";"FISCAL";"URBANA";"682";"SUCRE";"URBANO";"exacta"
"80480292";"ANICETO ARCE B";"010101";"CHUQUISACA";"OROPEZA";"CAPITAL (SUCRE)";"-19.0639";"-65.273392";"FISCAL";"URBANA";"373";"SUCRE";"URBANO";"exacta"
"80480294";"ROBERTO ALVARADO DAZA E";"010101";"CHUQUISACA";"OROPEZA";"CAPITAL (SUCRE)";"-19.033126";"-65.245181";"FISCAL";"URBANA";"80";"SUCRE";"URBANO";"exacta"
"80480298";"ALBERTO BOHORQUEZ";"010101";"CHUQUISACA";"OROPEZA";"CAPITAL (SUCRE)";"-19.028999";"-65.301559";"FISCAL";"URBANA";"605";"SUCRE";"URBANO";"exacta"
"80480302";"PEPITO GRILLO";"010101";"CHUQUISACA";"OROPEZA";"CAPITAL (SUCRE)";"-19.045601";"-65.247375";"PRIVADA";"URBANA";"31";"SUCRE";"URBANO";"exacta"
"80480307";"JARDIN INFATIL UBUNTU KIDS";"010101";"CHUQUISACA";"OROPEZA";"CAPITAL (SUCRE)";"-19.049299";"-65.253311";"PRIVADA";"URBANA";"45";"SUCRE";"URBANO";"exacta"
"80480311";"TAMBO ARANJUEZ";"010101";"CHUQUISACA";"OROPEZA";"CAPITAL (SUCRE)";"-19.0396";"-65.28952";"FISCAL";"RURAL";"214";"SUCRE";"URBANO";"exacta"
"80480371";"JOHN C. MAXWELL";"010101";"CHUQUISACA";"OROPEZA";"CAPITAL (SUCRE)";"-19.045071";"-65.261943";"PRIVADA";"URBANA";"71";"SUCRE";"URBANO";"exacta"
"80430044";"SOTOMAYOR";"010602";"CHUQUISACA";"YAMPARAEZ";"YAMPARAEZ";"-19.342501";"-64.9953";"FISCAL";"RURAL";"162";"SOTOMAYOR";"RURAL";"ambigua"
"70420120";"SOTO LOMA";"010702";"CHUQUISACA";"NOR CINTI";"SAN LUCAS";"-20.392151";"-64.796344";"FISCAL";"RURAL";"10";"SOTO LOMA";"RURAL";"exacta"
"80480145";"SOTANI";"010101";"CHUQUISACA";"OROPEZA";"CAPITAL (SUCRE)";"-18.9368";"-65.1101";"CONVENIO";"RURAL";"8";"SOTANI";"RURAL";"ambigua"
"70420117";"SOSCOLO";"010702";"CHUQUISACA";"NOR CINTI";"SAN LUCAS";"-20.292949";"-64.801626";"FISCAL";"RURAL";"20";"SOSCOLO";"RURAL";"exacta"
"50460020";"MCAL. SUCRE";"010304";"CHUQUISACA";"ZUDAÑEZ";"ICLA";"-19.507636";"-64.819354";"FISCAL";"RURAL";"30";"SOROMA";"RURAL";"exacta"
"60450016";"ALEGRIA";"010403";"CHUQUISACA";"TOMINA";"SOPACHUY";"-19.488772";"-64.475885";"FISCAL";"RURAL";"51";"SOPACHUY";"URBANO";"exacta"
"60450017";"RVDO. HANS JOSEF VOSSING";"010403";"CHUQUISACA";"TOMINA";"SOPACHUY";"-19.488909";"-64.475795";"FISCAL";"RURAL";"242";"SOPACHUY";"URBANO";"exacta"
"80480144";"SAN JOSE";"010101";"CHUQUISACA";"OROPEZA";"CAPITAL (SUCRE)";"-18.994364";"-65.208486";"FISCAL";"RURAL";"153";"SONCKO CHIPA";"RURAL";"exacta"
"80440080";"SOMBRERILLOS";"010501";"CHUQUISACA";"HERNANDO SILES";"MONTEAGUDO";"-19.9534";"-63.987572";"FISCAL";"RURAL";"21";"SOMBRERILLOS";"RURAL";"exacta"
"80480143";"SOJTA PATA";"010101";"CHUQUISACA";"OROPEZA";"CAPITAL (SUCRE)";"-19.045";"-65.089172";"CONVENIO";"RURAL";"7";"SOJTA PATA";"RURAL";"exacta"
"80480175";"SOICO";"010101";"CHUQUISACA";"OROPEZA";"CAPITAL (SUCRE)";"-18.812309";"-65.264234";"CONVENIO";"RURAL";"87";"SOICO";"RURAL";"exacta"
"60400009";"SOCPORA";"010903";"CHUQUISACA";"SUD CINTI";"LAS CARRERAS";"-21.35276";"-65.230465";"FISCAL";"RURAL";"7";"SOCPORA";"RURAL";"exacta"
"80410029";"TELMO ESPADA PEREIRA";"010801";"CHUQUISACA";"BELISARIO BOETO";"VILLA SERRANO";"-19.026579";"-64.379207";"FISCAL";"RURAL";"5";"SOCABON";"RURAL";"exacta"
"70450021";"BENIGNO NUÑEZ";"010402";"CHUQUISACA";"TOMINA";"TOMINA";"-19.2687";"-64.424957";"FISCAL";"RURAL";"25";"SOBO SOBO";"RURAL";"exacta"
"70420108";"SIVINGA MAYU A";"010702";"CHUQUISACA";"NOR CINTI";"SAN LUCAS";"-20.267685";"-65.142474";"CONVENIO";"RURAL";"7";"SIVINGA MAYU";"RURAL";"ambigua"
"80440020";"EL BAÑADO";"010501";"CHUQUISACA";"HERNANDO SILES";"MONTEAGUDO";"-19.8381";"-63.972614";"FISCAL";"RURAL";"7";"SIVIGAMAYU B";"RURAL";"exacta"
"60460019";"SAN AGUSTIN";"010303";"CHUQUISACA";"ZUDAÑEZ";"VILLA MOJOCOYA";"-18.906914";"-64.508073";"FISCAL";"RURAL";"4";"SITURI";"RURAL";"exacta"
"70430020";"SIRICHACA";"010602";"CHUQUISACA";"YAMPARAEZ";"YAMPARAEZ";"-19.1584";"-65.058128";"FISCAL";"RURAL";"5";"SIRICHACA";"RURAL";"exacta"
"80430043";"SIPUCO";"010601";"CHUQUISACA";"YAMPARAEZ";"TARABUCO";"-19.2267";"-64.932442";"FISCAL";"RURAL";"8";"SIPUCO";"RURAL";"exacta"
"80410056";"EL FUERTE";"010801";"CHUQUISACA";"BELISARIO BOETO";"VILLA SERRANO";"-18.872504";"-64.421082";"FISCAL";"RURAL";"15";"SIPOTENDI";"RURAL";"exacta"
"80410028";"EDUARDO GUTIERREZ";"010801";"CHUQUISACA";"BELISARIO BOETO";"VILLA SERRANO";"-18.866189";"-64.412397";"FISCAL";"RURAL";"86";"SIPOTENDI";"RURAL";"exacta"
"60450018";"25 DE MAYO";"010403";"CHUQUISACA";"TOMINA";"SOPACHUY";"";"";"FISCAL";"RURAL";"299";"SIN RELACION";"SIN RELACION";"sin coincidencia"
"80440067";"MARIANO";"010501";"CHUQUISACA";"HERNANDO SILES";"MONTEAGUDO";"";"";"CONVENIO";"URBANA";"662";"SIN RELACION";"SIN RELACION";"sin coincidencia"
"80440059";"DOLLY BORJA DE MENDOZA";"010501";"CHUQUISACA";"HERNANDO SILES";"MONTEAGUDO";"";"";"FISCAL";"URBANA";"218";"SIN RELACION";"SIN RELACION";"sin coincidencia"
"80440060";"MAX FERNANDEZ ROJAS";"010501";"CHUQUISACA";"HERNANDO SILES";"MONTEAGUDO";"";"";"FISCAL";"URBANA";"357";"SIN RELACION";"SIN RELACION";"sin coincidencia"
"80440089";"GLADYS CRUZ PÉREZ";"010501";"CHUQUISACA";"HERNANDO SILES";"MONTEAGUDO";"";"";"FISCAL";"RURAL";"401";"SIN RELACION";"SIN RELACION";"sin coincidencia"
"70460031";"SILLANI BAJA";"010302";"CHUQUISACA";"ZUDAÑEZ";"PRESTO";"-18.9583";"-64.830254";"FISCAL";"RURAL";"6";"SILLANI";"RURAL";"exacta"
"80450035";"MARCELO QUIROGA SANTA CRUZ";"010401";"CHUQUISACA";"TOMINA";"PADILLA";"-19.2696";"-64.38192";"FISCAL";"RURAL";"20";"SILLANI";"RURAL";"exacta"
"70480018";"SIGUAYO";"010102";"CHUQUISACA";"OROPEZA";"YOTALA";"-19.1443";"-65.236809";"FISCAL";"RURAL";"4";"SIGUAYO";"RURAL";"exacta"
"70420126";"SIERRA GRANDE";"010702";"CHUQUISACA";"NOR CINTI";"SAN LUCAS";"-20.228701";"-64.675461";"FISCAL";"RURAL";"12";"SIERRA GRANDE";"RURAL";"exacta"
"80460015";"SAYANCHACA";"010301";"CHUQUISACA";"ZUDAÑEZ";"VILLA ZUDANEZ (TACOPAYA)";"-19.2446";"-64.634399";"FISCAL";"RURAL";"55";"SAYANCHACA";"RURAL";"exacta"
"70440021";"SAUCEMAYU";"010502";"CHUQUISACA";"HERNANDO SILES";"SAN PABLO DE HUACARETA";"-20.446899";"-64.198273";"FISCAL";"RURAL";"7";"SAUCE MAYU";"RURAL";"exacta"
"80390024";"SAUCE MAYU";"011001";"CHUQUISACA";"LUIS CALVO";"VILLA VACA GUZMAN (MUYUPAMPA)";"-19.993601";"-63.764336";"FISCAL";"RURAL";"7";"SAUCE MAYU";"RURAL";"exacta"
"80440047";"SAUCE MAYU";"010501";"CHUQUISACA";"HERNANDO SILES";"MONTEAGUDO";"-20.069";"-63.96397";"FISCAL";"RURAL";"3";"SAUCE MAYU";"RURAL";"exacta"
"60400012";"SATOYA";"010903";"CHUQUISACA";"SUD CINTI";"LAS CARRERAS";"-21.129466";"-65.301664";"FISCAL";"RURAL";"6";"SATOYA";"RURAL";"exacta"
"80420035";"SASTREYOC";"010701";"CHUQUISACA";"NOR CINTI";"CAMARGO";"-20.523345";"-65.071118";"FISCAL";"RURAL";"10";"SASTREYOC";"RURAL";"exacta"
"80430048";"SARUFAYA";"010601";"CHUQUISACA";"YAMPARAEZ";"TARABUCO";"-19.111099";"-64.799751";"FISCAL";"RURAL";"111";"SARUFAYA";"RURAL";"ambigua"
"80420013";"EL PURON";"010701";"CHUQUISACA";"NOR CINTI";"CAMARGO";"-20.564342";"-65.151393";"FISCAL";"RURAL";"13";"SARCARCA";"RURAL";"exacta"
"60480037";"SAPSE";"010103";"CHUQUISACA";"OROPEZA";"POROMA";"-18.7253";"-65.278648";"CONVENIO";"RURAL";"35";"SAPSE";"RURAL";"ambigua"
"80390023";"SAPIRANGUIMIRI";"011001";"CHUQUISACA";"LUIS CALVO";"VILLA VACA GUZMAN (MUYUPAMPA)";"-20.091107";"-63.768046";"FISCAL";"RURAL";"16";"SAPIRANGUIMIRI";"RURAL";"exacta"
"80410027";"NUEVO AMANECER";"010801";"CHUQUISACA";"BELISARIO BOETO";"VILLA SERRANO";"-19.181056";"-64.236387";"FISCAL";"RURAL";"6";"SANTIAGO CHICO";"RURAL";"exacta"
"80480136";"SANTA ROSALIA";"010101";"CHUQUISACA";"OROPEZA";"CAPITAL (SUCRE)";"-19.097799";"-65.122856";"FISCAL";"RURAL";"6";"SANTA ROSALIA";"RURAL";"exacta"
"80420034";"SANTA ROSA";"010701";"CHUQUISACA";"NOR CINTI";"CAMARGO";"-20.576378";"-65.21805";"FISCAL";"RURAL";"5";"SANTA ROSA DE CUCHILLUNI";"RURAL";"exacta"
"60400011";"SANTA ROSA";"010903";"CHUQUISACA";"SUD CINTI";"LAS CARRERAS";"-21.320499";"-65.224541";"FISCAL";"RURAL";"14";"SANTA ROSA";"RURAL";"ambigua"
"60420048";"SANTA ROSA";"010703";"CHUQUISACA";"NOR CINTI";"INCAHUASI";"-20.69683";"-64.824429";"FISCAL";"RURAL";"17";"SANTA ROSA";"RURAL";"exacta"
"70390017";"FRAY MARCOS ORSETTY";"011002";"CHUQUISACA";"LUIS CALVO";"VILLA DE HUACAYA";"-20.488423";"-63.524992";"FISCAL";"RURAL";"203";"SANTA ROSA";"RURAL";"ambigua"
"70420082";"SANTA ROSA";"010702";"CHUQUISACA";"NOR CINTI";"SAN LUCAS";"-20.273504";"-65.04505";"FISCAL";"RURAL";"34";"SANTA ROSA";"RURAL";"exacta"
"80410026";"SANTIAGO CARABALLO";"010801";"CHUQUISACA";"BELISARIO BOETO";"VILLA SERRANO";"-18.974869";"-64.419003";"FISCAL";"RURAL";"5";"SANTA ROSA";"RURAL";"exacta"
"80470025";"SANTA ROSA";"010201";"CHUQUISACA";"AZURDUY";"VILLA AZURDUY";"-19.881865";"-64.400119";"FISCAL";"RURAL";"43";"SANTA ROSA";"RURAL";"exacta"
"50460026";"SANTA LUCIA";"010304";"CHUQUISACA";"ZUDAÑEZ";"ICLA";"-19.564769";"-64.727142";"FISCAL";"RURAL";"7";"SANTA LUCIA";"RURAL";"exacta"
"60420047";"SANTA ELENA";"010704";"CHUQUISACA";"NOR CINTI";"VILLA CHARCAS";"-20.583";"-64.776543";"FISCAL";"RURAL";"169";"SANTA ELENA";"RURAL";"ambigua"
"70420081";"SANI MAYU";"010702";"CHUQUISACA";"NOR CINTI";"SAN LUCAS";"-20.278023";"-64.926513";"FISCAL";"RURAL";"9";"SANI MAYU";"RURAL";"exacta"
"70420080";"SAN SALVADOR";"010702";"CHUQUISACA";"NOR CINTI";"SAN LUCAS";"-19.850148";"-64.751721";"FISCAL";"RURAL";"23";"SAN SALVADOR";"RURAL";"exacta"
"80470024";"SAN ROQUE";"010201";"CHUQUISACA";"AZURDUY";"VILLA AZURDUY";"-20.1355";"-64.515312";"FISCAL";"RURAL";"27";"SAN ROQUE";"RURAL";"exacta"
"80440056";"EL ZAPALLAR";"010501";"CHUQUISACA";"HERNANDO SILES";"MONTEAGUDO";"-19.808901";"-63.939377";"FISCAL";"RURAL";"161";"SAN PEDRO DEL ZAPALLAR";"RURAL";"ambigua"
"80440010";"CASAPA";"010501";"CHUQUISACA";"HERNANDO SILES";"MONTEAGUDO";"-20.146601";"-63.879406";"FISCAL";"RURAL";"15";"SAN PEDRO DEL PARAPETI";"RURAL";"exacta"
"80440046";"SAN PEDRO DEL PARAPETI";"010501";"CHUQUISACA";"HERNANDO SILES";"MONTEAGUDO";"-20.1644";"-63.881546";"FISCAL";"RURAL";"5";"SAN PEDRO DEL PARAPETI";"RURAL";"exacta"
"70420079";"SAN PEDRO";"010702";"CHUQUISACA";"NOR CINTI";"SAN LUCAS";"-20.280962";"-64.69404";"FISCAL";"RURAL";"24";"SAN PEDRO";"RURAL";"exacta"
"70470029";"LUIS EVENCIO ORIAS";"010202";"CHUQUISACA";"AZURDUY";"TARVITA (VILLA ORIAS)";"-19.618717";"-64.445785";"FISCAL";"RURAL";"260";"SAN PEDRO";"RURAL";"exacta"
"80420059";"SAN PEDRO";"010701";"CHUQUISACA";"NOR CINTI";"CAMARGO";"-20.726108";"-65.226082";"FISCAL";"RURAL";"7";"SAN PEDRO";"RURAL";"exacta"
"60420061";"SAN PEDRITO";"010703";"CHUQUISACA";"NOR CINTI";"INCAHUASI";"-20.603811";"-64.628796";"FISCAL";"RURAL";"25";"SAN PEDRITO";"RURAL";"exacta"
"80440045";"SAN MIGUEL DE LAS PAMPAS";"010501";"CHUQUISACA";"HERNANDO SILES";"MONTEAGUDO";"-19.807275";"-64.004256";"FISCAL";"RURAL";"37";"SAN MIGUIEL DE LAS PAMPAS";"RURAL";"exacta"
"80440044";"SAN MIGUEL DEL BAÑADO";"010501";"CHUQUISACA";"HERNANDO SILES";"MONTEAGUDO";"-20.078699";"-63.886742";"FISCAL";"RURAL";"162";"SAN MIGUEL DEL BAÑADO";"RURAL";"ambigua"
"70470028";"SAN MIGUEL DE MARCAVI";"010202";"CHUQUISACA";"AZURDUY";"TARVITA (VILLA ORIAS)";"-19.8836";"-64.619797";"FISCAL";"RURAL";"108";"SAN MIGUEL DE MARCAVI";"RURAL";"exacta"
"80470023";"SAN MATIAS";"010201";"CHUQUISACA";"AZURDUY";"VILLA AZURDUY";"-19.839119";"-64.413349";"FISCAL";"RURAL";"13";"SAN MATIAS";"RURAL";"exacta"
"70420078";"SAN MARTIN";"010702";"CHUQUISACA";"NOR CINTI";"SAN LUCAS";"-20.002001";"-64.949066";"CONVENIO";"RURAL";"16";"SAN MARTIN";"RURAL";"exacta"
"60420046";"16 DE JULIO";"010703";"CHUQUISACA";"NOR CINTI";"INCAHUASI";"-20.675301";"-64.640404";"FISCAL";"RURAL";"31";"SAN MARCOS";"RURAL";"exacta"
"60420045";"SAN MARCELO";"010703";"CHUQUISACA";"NOR CINTI";"INCAHUASI";"-20.654699";"-64.564987";"FISCAL";"RURAL";"82";"SAN MARCELO";"RURAL";"exacta"
"80420033";"SAN LUIS";"010701";"CHUQUISACA";"NOR CINTI";"CAMARGO";"-20.773993";"-65.224627";"FISCAL";"RURAL";"5";"SAN LUIS";"RURAL";"exacta"
"70460024";"SAN LUCAS UÑUQURI";"010302";"CHUQUISACA";"ZUDAÑEZ";"PRESTO";"-18.7253";"-65.043068";"FISCAL";"RURAL";"3";"SAN LUCAS DE UÑUCURI";"RURAL";"exacta"
"70420101";"RENE BARRIENTOS ORTUÑO";"010702";"CHUQUISACA";"NOR CINTI";"SAN LUCAS";"-20.0972";"-65.135475";"FISCAL";"RURAL";"528";"SAN LUCAS";"URBANO";"exacta"
"70420102";"EDUARDO ABAROA";"010702";"CHUQUISACA";"NOR CINTI";"SAN LUCAS";"-20.103399";"-65.134613";"FISCAL";"RURAL";"511";"SAN LUCAS";"URBANO";"exacta"
"60460016";"RODEITO";"010303";"CHUQUISACA";"ZUDAÑEZ";"VILLA MOJOCOYA";"-18.76283";"-64.647788";"FISCAL";"RURAL";"16";"SAN LORENZO";"RURAL";"exacta"
"80440043";"SAN LORENZO";"010501";"CHUQUISACA";"HERNANDO SILES";"MONTEAGUDO";"-19.945";"-64.201721";"FISCAL";"RURAL";"17";"SAN LORENZO";"RURAL";"exacta"
"60420044";"SAN LORENCITO";"010902";"CHUQUISACA";"SUD CINTI";"CULPINA";"-20.824903";"-64.890085";"FISCAL";"RURAL";"10";"SAN LORENCITO";"RURAL";"sin coincidencia"
"70420077";"SAN LEON";"010702";"CHUQUISACA";"NOR CINTI";"SAN LUCAS";"-20.2661";"-64.67437";"FISCAL";"RURAL";"7";"SAN LEON";"RURAL";"exacta"
"80470041";"SAN LEON";"010201";"CHUQUISACA";"AZURDUY";"VILLA AZURDUY";"-20.214302";"-64.535531";"FISCAL";"RURAL";"16";"SAN LEON";"RURAL";"exacta"
"80450034";"VIRGEN DE GUADALUPE";"010401";"CHUQUISACA";"TOMINA";"PADILLA";"-19.365499";"-64.290718";"FISCAL";"RURAL";"18";"SAN JULIAN BAJO";"RURAL";"exacta"
"80450033";"TEOFILO RAMIREZ PLATA";"010401";"CHUQUISACA";"TOMINA";"PADILLA";"-19.353701";"-64.279686";"FISCAL";"RURAL";"15";"SAN JULIAN ALTO";"RURAL";"exacta"
"80440069";"6 DE JUNIO";"010501";"CHUQUISACA";"HERNANDO SILES";"MONTEAGUDO";"-20.3354";"-64.12233";"FISCAL";"RURAL";"67";"SAN JUAN DEL PIRAI";"RURAL";"ambigua"
"80440042";"FIDENCIO MOSTAJO";"010501";"CHUQUISACA";"HERNANDO SILES";"MONTEAGUDO";"-20.3332";"-64.120087";"FISCAL";"RURAL";"66";"SAN JUAN DEL PIRAI";"RURAL";"ambigua"
"60400025";"SAN JUAN";"010903";"CHUQUISACA";"SUD CINTI";"LAS CARRERAS";"-21.219701";"-65.211507";"FISCAL";"RURAL";"48";"SAN JUAN DEL ORO";"RURAL";"exacta"
"60480036";"SAN JUAN DE HORCAS";"010103";"CHUQUISACA";"OROPEZA";"POROMA";"-18.733601";"-65.311928";"CONVENIO";"RURAL";"158";"SAN JUAN DE ORCAS";"RURAL";"ambigua"
"70430018";"MAURO NUÑEZ";"010602";"CHUQUISACA";"YAMPARAEZ";"YAMPARAEZ";"-19.271";"-65.121498";"FISCAL";"RURAL";"54";"SAN JUAN";"RURAL";"exacta"
"80430071";"SAN JOSE DEL PAREDON";"010601";"CHUQUISACA";"YAMPARAEZ";"TARABUCO";"-19.2521";"-64.836617";"FISCAL";"RURAL";"68";"SAN JOSE DEL PAREDON";"RURAL";"exacta"
"70470025";"SAN JOSE DE TROJE";"010202";"CHUQUISACA";"AZURDUY";"TARVITA (VILLA ORIAS)";"-19.717645";"-64.647392";"FISCAL";"RURAL";"4";"SAN JOSE DE TROJE";"RURAL";"exacta"
"70460015";"SAN JOSE DE TOCA";"010302";"CHUQUISACA";"ZUDAÑEZ";"PRESTO";"-18.988199";"-64.947701";"FISCAL";"RURAL";"9";"SAN JOSE DE TOCA";"RURAL";"exacta"
"70420114";"SAN JOSE DE TAMBO";"010702";"CHUQUISACA";"NOR CINTI";"SAN LUCAS";"-20.028099";"-65.2939";"CONVENIO";"RURAL";"5";"SAN JOSE DE TAMBO";"RURAL";"exacta"
"70430016";"SAN JOSE DE MOLLES";"010602";"CHUQUISACA";"YAMPARAEZ";"YAMPARAEZ";"-19.291401";"-65.072456";"FISCAL";"RURAL";"8";"SAN JOSE DE MOLLES";"RURAL";"exacta"
"60420043";"SAN JOSE DE CHUNCHULI";"010704";"CHUQUISACA";"NOR CINTI";"VILLA CHARCAS";"-20.6882";"-64.859024";"FISCAL";"RURAL";"10";"SAN JOSE DE CHUNCHULI";"RURAL";"exacta"
"70470024";"SAN JOSE DE ALISOS";"010202";"CHUQUISACA";"AZURDUY";"TARVITA (VILLA ORIAS)";"-19.699418";"-64.63758";"FISCAL";"RURAL";"95";"SAN JOSE DE ALISOS";"RURAL";"exacta"
"80430042";"SAN JORGE DE QUOLLPA";"010601";"CHUQUISACA";"YAMPARAEZ";"TARABUCO";"-19.223";"-64.796623";"FISCAL";"RURAL";"9";"SAN JORGE DE KOLLPA";"RURAL";"exacta"
"70440010";"SAN JORGE DE IPATY";"010502";"CHUQUISACA";"HERNANDO SILES";"SAN PABLO DE HUACARETA";"-20.423313";"-63.855157";"FISCAL";"RURAL";"100";"SAN JORGE DE IPATY";"RURAL";"exacta"
"60460021";"CASTO MATURANO";"010303";"CHUQUISACA";"ZUDAÑEZ";"VILLA MOJOCOYA";"-18.881624";"-64.598824";"FISCAL";"RURAL";"9";"SAN JORGE";"RURAL";"exacta"
"50460014";"SAN JACINTO";"010304";"CHUQUISACA";"ZUDAÑEZ";"ICLA";"-19.321899";"-64.745811";"FISCAL";"RURAL";"109";"SAN JACINTO";"RURAL";"exacta"
"70470026";"SAN JUAN DE PINOS";"010202";"CHUQUISACA";"AZURDUY";"TARVITA (VILLA ORIAS)";"-19.745795";"-64.396369";"FISCAL";"RURAL";"5";"SAN J. DE PINOS";"RURAL";"exacta"
"70480002";"SAN ISIDRO DE ANFAYA";"010102";"CHUQUISACA";"OROPEZA";"YOTALA";"-19.255899";"-65.219116";"FISCAL";"RURAL";"83";"SAN ISIDRO DE ANFAYA";"RURAL";"ambigua"
"70470023";"SAN ISIDRO";"010202";"CHUQUISACA";"AZURDUY";"TARVITA (VILLA ORIAS)";"-19.919441";"-64.596546";"FISCAL";"RURAL";"25";"SAN ISIDRO";"RURAL";"exacta"
"60420042";"SAN GREGORIO";"010703";"CHUQUISACA";"NOR CINTI";"INCAHUASI";"-20.533775";"-64.423203";"FISCAL";"RURAL";"75";"SAN GREGORIO";"RURAL";"exacta"
"80470022";"SAN GERONIMO";"010201";"CHUQUISACA";"AZURDUY";"VILLA AZURDUY";"-20.060801";"-64.49057";"FISCAL";"RURAL";"38";"SAN GERONIMO";"RURAL";"exacta"
"40450017";"SAN BLAS";"010405";"CHUQUISACA";"TOMINA";"EL VILLAR";"-19.633691";"-64.390163";"FISCAL";"RURAL";"17";"SAN BLAS";"RURAL";"exacta"
"80430041";"SAN ANTONIO DE TOCA";"010601";"CHUQUISACA";"YAMPARAEZ";"TARABUCO";"-19.007799";"-64.933731";"FISCAL";"RURAL";"6";"SAN ANTONIO DE TOCA";"RURAL";"ambigua"
"60420071";"30 DE MARZO";"010704";"CHUQUISACA";"NOR CINTI";"VILLA CHARCAS";"-20.713249";"-64.886059";"FISCAL";"RURAL";"183";"SAN ANTONIO";"RURAL";"ambigua"
"80470021";"SAN ANTONIO";"010201";"CHUQUISACA";"AZURDUY";"VILLA AZURDUY";"-20.3265";"-64.407593";"FISCAL";"RURAL";"9";"SAN ANTONIO";"RURAL";"exacta"
"80480088";"ACHIA";"010101";"CHUQUISACA";"OROPEZA";"CAPITAL (SUCRE)";"-19.021394";"-65.081031";"CONVENIO";"RURAL";"2";"SAN ANTONIO";"RURAL";"exacta"
"80480134";"SAN ANTONIO";"010101";"CHUQUISACA";"OROPEZA";"CAPITAL (SUCRE)";"-19.048822";"-65.140229";"CONVENIO";"RURAL";"15";"SAN ANTONIO";"RURAL";"exacta"
"60420041";"SAN ANDRES";"010703";"CHUQUISACA";"NOR CINTI";"INCAHUASI";"-20.4935";"-64.364723";"FISCAL";"RURAL";"69";"SAN ANDRES";"RURAL";"exacta"
"70480016";"SALANCACHI";"010102";"CHUQUISACA";"OROPEZA";"YOTALA";"-19.191401";"-65.21376";"FISCAL";"RURAL";"25";"SALANCACHI";"RURAL";"ambigua"
"70430017";"SAJPAYA";"010602";"CHUQUISACA";"YAMPARAEZ";"YAMPARAEZ";"-19.153799";"-65.126709";"FISCAL";"RURAL";"0";"SAJPAYA";"RURAL";"exacta"
"70400041";"SAJLINA";"010902";"CHUQUISACA";"SUD CINTI";"CULPINA";"-20.8095";"-64.998711";"FISCAL";"RURAL";"113";"SAJLINA";"RURAL";"ambigua"
"70400068";"SAJLINA B";"010902";"CHUQUISACA";"SUD CINTI";"CULPINA";"-20.808956";"-64.998808";"FISCAL";"RURAL";"100";"SAJLINA";"RURAL";"ambigua"
"80480137";"SIMON BOLIVAR DE SAQUPAYA";"010101";"CHUQUISACA";"OROPEZA";"CAPITAL (SUCRE)";"-19.0061";"-65.519669";"FISCAL";"RURAL";"12";"SACOPAYA";"RURAL";"exacta"
"60460018";"EUSTAQUIO RAMIREZ";"010303";"CHUQUISACA";"ZUDAÑEZ";"VILLA MOJOCOYA";"-18.706446";"-64.51005";"FISCAL";"RURAL";"8";"SACHA PAMPA";"RURAL";"exacta"
"70420011";"SACAVILLQUE GRANDE";"010702";"CHUQUISACA";"NOR CINTI";"SAN LUCAS";"-20.365193";"-64.632375";"FISCAL";"RURAL";"53";"SACAVILLQUE GRANDE";"RURAL";"exacta"
"70420076";"SACAVILLQUE CHICO";"010702";"CHUQUISACA";"NOR CINTI";"SAN LUCAS";"-20.304798";"-64.620035";"FISCAL";"RURAL";"133";"SACAVILLQUE CHICO";"RURAL";"exacta"
"60420075";"JAIME ESCALANTE";"010704";"CHUQUISACA";"NOR CINTI";"VILLA CHARCAS";"-20.616136";"-64.799992";"FISCAL";"RURAL";"4";"SACARI";"RURAL";"exacta"
"60420040";"SACARI";"010704";"CHUQUISACA";"NOR CINTI";"VILLA CHARCAS";"-20.616501";"-64.798286";"FISCAL";"RURAL";"50";"SACARI";"RURAL";"exacta"
"80420065";"SACA PAMPA";"010701";"CHUQUISACA";"NOR CINTI";"CAMARGO";"-20.421302";"-65.038902";"FISCAL";"RURAL";"5";"SACA PAMPA";"RURAL";"ambigua"
"70420075";"SABALA";"010702";"CHUQUISACA";"NOR CINTI";"SAN LUCAS";"-20.135201";"-64.693039";"FISCAL";"RURAL";"7";"SABALA";"RURAL";"exacta"
"70420074";"RUMI RUMI";"010702";"CHUQUISACA";"NOR CINTI";"SAN LUCAS";"-19.888825";"-64.754907";"FISCAL";"RURAL";"9";"RUMI RUMI";"RURAL";"exacta"
"60460020";"SAGRADO CORAZON";"010303";"CHUQUISACA";"ZUDAÑEZ";"VILLA MOJOCOYA";"-18.925527";"-64.654305";"FISCAL";"RURAL";"7";"RUMI CAMCHA";"RURAL";"exacta"
"50460008";"RUDITAYUQ";"010304";"CHUQUISACA";"ZUDAÑEZ";"ICLA";"-19.563424";"-64.770409";"FISCAL";"RURAL";"13";"RUDITAYOJ";"RURAL";"exacta"
"70440030";"ROSARIO DEL INGRE";"010502";"CHUQUISACA";"HERNANDO SILES";"SAN PABLO DE HUACARETA";"-20.583738";"-63.894457";"FISCAL";"RURAL";"104";"ROSARIO DEL INGRE";"RURAL";"ambigua"
"70440002";"ANGUAGUAZU";"010502";"CHUQUISACA";"HERNANDO SILES";"SAN PABLO DE HUACARETA";"-20.579105";"-63.894213";"FISCAL";"RURAL";"47";"ROSARIO DEL INGRE";"RURAL";"ambigua"
"80440041";"ROLDANA";"010501";"CHUQUISACA";"HERNANDO SILES";"MONTEAGUDO";"-19.803801";"-64.12162";"FISCAL";"RURAL";"13";"ROLDANA";"RURAL";"ambigua"
"70450012";"RODEO EL PORVENIR";"010402";"CHUQUISACA";"TOMINA";"TOMINA";"-19.057631";"-64.587722";"FISCAL";"RURAL";"122";"RODEO PORVENIR";"RURAL";"ambigua"
"80470020";"RODEO GRANDE";"010201";"CHUQUISACA";"AZURDUY";"VILLA AZURDUY";"-20.278431";"-64.535861";"FISCAL";"RURAL";"71";"RODEO GRANDE";"RURAL";"ambigua"
"70460020";"RODEO EL PALMAR";"010302";"CHUQUISACA";"ZUDAÑEZ";"PRESTO";"-18.743256";"-64.876666";"FISCAL";"RURAL";"179";"RODEO EL PALMAR";"RURAL";"exacta"
"70420073";"RODEO COCHA";"010702";"CHUQUISACA";"NOR CINTI";"SAN LUCAS";"-20.154303";"-65.194904";"FISCAL";"RURAL";"29";"RODEO COCHA";"RURAL";"exacta"
"80470019";"RODEO CHICO";"010201";"CHUQUISACA";"AZURDUY";"VILLA AZURDUY";"-20.255216";"-64.544124";"FISCAL";"RURAL";"108";"RODEO CHICO";"RURAL";"exacta"
"50460007";"RODEO";"010304";"CHUQUISACA";"ZUDAÑEZ";"ICLA";"-19.4459";"-64.739685";"FISCAL";"RURAL";"27";"RODEO";"RURAL";"exacta"
"80400011";"RODEO";"010901";"CHUQUISACA";"SUD CINTI";"CAMATAQUI (VILLA ABECIA)";"-21.071864";"-65.310516";"FISCAL";"RURAL";"3";"RODEO";"RURAL";"exacta"
"40450016";"RODEITO";"010405";"CHUQUISACA";"TOMINA";"EL VILLAR";"-19.822191";"-64.198981";"FISCAL";"RURAL";"137";"RODEITO";"RURAL";"ambigua"
"80470043";"RODEANA";"010201";"CHUQUISACA";"AZURDUY";"VILLA AZURDUY";"-20.317682";"-64.469886";"FISCAL";"RURAL";"6";"RODEANA";"RURAL";"exacta"
"60460015";"6 DE AGOSTO";"010303";"CHUQUISACA";"ZUDAÑEZ";"VILLA MOJOCOYA";"-18.589701";"-64.651001";"FISCAL";"RURAL";"12";"RIO GRANDE";"RURAL";"exacta"
"80450032";"TOMAS VARGAS";"010401";"CHUQUISACA";"TOMINA";"PADILLA";"-19.6127";"-64.086472";"FISCAL";"RURAL";"4";"RIO ACERO";"RURAL";"exacta"
"80430040";"RINCON LUPIARA";"010601";"CHUQUISACA";"YAMPARAEZ";"TARABUCO";"-19.27781";"-64.757916";"FISCAL";"RURAL";"14";"RINCON LUPIARA";"RURAL";"ambigua"
"70460023";"RUMI CANCHA";"010302";"CHUQUISACA";"ZUDAÑEZ";"PRESTO";"-18.682899";"-64.981812";"FISCAL";"RURAL";"6";"RIMU CANCHA";"RURAL";"exacta"
"80470036";"REY LOMA";"010201";"CHUQUISACA";"AZURDUY";"VILLA AZURDUY";"-20.412928";"-64.522331";"FISCAL";"RURAL";"28";"REY LOMA";"RURAL";"exacta"
"60460023";"FRANZ TAMAYO";"010303";"CHUQUISACA";"ZUDAÑEZ";"VILLA MOJOCOYA";"-18.830015";"-64.618737";"FISCAL";"RURAL";"388";"REDENCION PAMPA";"URBANO";"exacta"
"60460014";"HERNANDO SILES";"010303";"CHUQUISACA";"ZUDAÑEZ";"VILLA MOJOCOYA";"-18.828699";"-64.616791";"FISCAL";"RURAL";"451";"REDENCION PAMPA";"URBANO";"exacta"
"60460013";"MIGUEL GONZALES";"010303";"CHUQUISACA";"ZUDAÑEZ";"VILLA MOJOCOYA";"-18.857201";"-64.653572";"FISCAL";"RURAL";"16";"RAMADAS";"RURAL";"exacta"
"60420039";"QUIVINCHO";"010704";"CHUQUISACA";"NOR CINTI";"VILLA CHARCAS";"-20.515132";"-64.813685";"FISCAL";"RURAL";"5";"QUIVINCHO";"RURAL";"exacta"
"60460012";"HILARION VIDES CHOQUE";"010303";"CHUQUISACA";"ZUDAÑEZ";"VILLA MOJOCOYA";"-18.617341";"-64.734695";"FISCAL";"RURAL";"92";"QUIVALE";"RURAL";"ambigua"
"60420059";"QUISQUIRA ALTA";"010704";"CHUQUISACA";"NOR CINTI";"VILLA CHARCAS";"-20.546458";"-64.814543";"FISCAL";"RURAL";"6";"QUISQUIRA ALTA";"RURAL";"exacta"
"80420031";"QUISKAPAMPA";"010701";"CHUQUISACA";"NOR CINTI";"CAMARGO";"-20.755323";"-65.229578";"FISCAL";"RURAL";"5";"QUISKAPAMPA";"RURAL";"exacta"
"80430017";"QUISCOLI";"010601";"CHUQUISACA";"YAMPARAEZ";"TARABUCO";"-19.2015";"-64.773979";"FISCAL";"RURAL";"13";"QUISCOLI";"RURAL";"exacta"
"60420036";"QUIRUSILLANI";"010701";"CHUQUISACA";"NOR CINTI";"CAMARGO";"-20.409901";"-64.865875";"FISCAL";"RURAL";"4";"QUIRUSILLANI";"RURAL";"exacta"
"70420071";"QUIRPINI";"010702";"CHUQUISACA";"NOR CINTI";"SAN LUCAS";"-20.157";"-65.13932";"CONVENIO";"RURAL";"28";"QUIRPINI JATUN QUILLAJA";"RURAL";"exacta"
"70420116";"QUIRPINI GRANDE";"010702";"CHUQUISACA";"NOR CINTI";"SAN LUCAS";"-20.36411";"-65.031721";"FISCAL";"RURAL";"20";"QUIRPINI";"RURAL";"exacta"
"70430015";"QUIRAWANI";"010602";"CHUQUISACA";"YAMPARAEZ";"YAMPARAEZ";"-19.2141";"-65.159058";"FISCAL";"RURAL";"23";"QUIRAGUANI";"RURAL";"ambigua"
"80480131";"KIKIJANA";"010101";"CHUQUISACA";"OROPEZA";"CAPITAL (SUCRE)";"-18.788588";"-65.11759";"CONVENIO";"RURAL";"14";"QUIQUIJANA";"RURAL";"exacta"
"70470010";"QUINUA CHACRA";"010202";"CHUQUISACA";"AZURDUY";"TARVITA (VILLA ORIAS)";"-19.769849";"-64.626125";"FISCAL";"RURAL";"20";"QUINUA CHACRA";"RURAL";"exacta"
"80470016";"QUEWEÑAL";"010201";"CHUQUISACA";"AZURDUY";"VILLA AZURDUY";"-19.929181";"-64.418177";"FISCAL";"RURAL";"8";"QUEWIÑAL";"RURAL";"exacta"
"70420121";"QUEWACHALA";"010702";"CHUQUISACA";"NOR CINTI";"SAN LUCAS";"-20.2278";"-64.738113";"FISCAL";"RURAL";"9";"QUEWACHALA";"RURAL";"exacta"
"70420072";"QHIRQIWISI";"010702";"CHUQUISACA";"NOR CINTI";"SAN LUCAS";"-20.039499";"-65.133652";"CONVENIO";"RURAL";"38";"QUERQUIHUSI";"RURAL";"exacta"
"70420039";"QERURI";"010702";"CHUQUISACA";"NOR CINTI";"SAN LUCAS";"-20.278484";"-64.815377";"FISCAL";"RURAL";"15";"QIRURI";"RURAL";"exacta"
"70460013";"QHOCHI";"010302";"CHUQUISACA";"ZUDAÑEZ";"PRESTO";"-18.9259";"-64.861855";"FISCAL";"RURAL";"7";"QHOCHI";"RURAL";"exacta"
"70420069";"QHANAJA";"010702";"CHUQUISACA";"NOR CINTI";"SAN LUCAS";"-20.050047";"-65.216103";"FISCAL";"RURAL";"8";"QHANAJA";"RURAL";"exacta"
"60400022";"PURON DE ESCAPANA";"010903";"CHUQUISACA";"SUD CINTI";"LAS CARRERAS";"-21.475889";"-65.250897";"FISCAL";"RURAL";"4";"PURON DE ESCAPANA";"RURAL";"exacta"
"50460030";"JUANCITO PINTO";"010304";"CHUQUISACA";"ZUDAÑEZ";"ICLA";"-19.561276";"-64.668435";"FISCAL";"RURAL";"18";"PUPAYOJ";"RURAL";"exacta"
"80430075";"PUNO";"010601";"CHUQUISACA";"YAMPARAEZ";"TARABUCO";"-19.087099";"-65.047287";"FISCAL";"RURAL";"11";"PUNO";"RURAL";"exacta"
"80450017";"SAN PABLO";"010401";"CHUQUISACA";"TOMINA";"PADILLA";"-19.2176";"-64.361816";"FISCAL";"RURAL";"12";"PUNILLA";"RURAL";"exacta"
"80460014";"PUNILLA";"010301";"CHUQUISACA";"ZUDAÑEZ";"VILLA ZUDANEZ (TACOPAYA)";"-19.1499";"-64.641975";"FISCAL";"RURAL";"30";"PUNILLA";"RURAL";"exacta"
"70450011";"PUNA MAYU";"010402";"CHUQUISACA";"TOMINA";"TOMINA";"-19.146";"-64.394951";"FISCAL";"RURAL";"3";"PUNA MAYU";"RURAL";"exacta"
"70420067";"PULQUINA";"010702";"CHUQUISACA";"NOR CINTI";"SAN LUCAS";"-19.935064";"-64.703569";"FISCAL";"RURAL";"33";"PULQUINA";"RURAL";"exacta"
"70430013";"PULKI ABAROA";"010602";"CHUQUISACA";"YAMPARAEZ";"YAMPARAEZ";"-19.240801";"-65.128441";"FISCAL";"RURAL";"20";"PULQUI AVAROA";"RURAL";"ambigua"
"70480015";"PULQUI";"010102";"CHUQUISACA";"OROPEZA";"YOTALA";"-19.239799";"-65.191078";"FISCAL";"RURAL";"22";"PULQUI";"RURAL";"exacta"
"80470015";"PUJYUNI";"010201";"CHUQUISACA";"AZURDUY";"VILLA AZURDUY";"-20.174526";"-64.550134";"FISCAL";"RURAL";"39";"PUJYUNI";"RURAL";"exacta"
"70480031";"PUENTE SUCRE";"010102";"CHUQUISACA";"OROPEZA";"YOTALA";"-19.353201";"-65.176613";"FISCAL";"RURAL";"14";"PUENTE SUCRE";"RURAL";"exacta"
"70470020";"PUKYUNI";"010202";"CHUQUISACA";"AZURDUY";"TARVITA (VILLA ORIAS)";"-19.829855";"-64.604226";"FISCAL";"RURAL";"17";"PUCYUNI";"RURAL";"exacta"
"80450007";"FLORENTINO MARTINEZ BARJA";"010401";"CHUQUISACA";"TOMINA";"PADILLA";"-19.665756";"-64.103761";"FISCAL";"RURAL";"5";"PUCARILLO";"RURAL";"exacta"
"60420034";"PUCARA DE YATINA";"010703";"CHUQUISACA";"NOR CINTI";"INCAHUASI";"-20.640007";"-64.757976";"FISCAL";"RURAL";"20";"PUCARA DE YATINA";"RURAL";"exacta"
"60420057";"LLUJLLAYA";"010704";"CHUQUISACA";"NOR CINTI";"VILLA CHARCAS";"-20.548404";"-64.73952";"FISCAL";"RURAL";"23";"PUCARA DE LLUJLLAYA";"RURAL";"exacta"
"60420058";"JOSE ANTONIO ZAMPA";"010704";"CHUQUISACA";"NOR CINTI";"VILLA CHARCAS";"-20.663601";"-64.857613";"FISCAL";"RURAL";"215";"PUCARA";"RURAL";"ambigua"
"70450010";"PUCARA";"010402";"CHUQUISACA";"TOMINA";"TOMINA";"-19.0585";"-64.513";"FISCAL";"RURAL";"32";"PUCARA";"RURAL";"exacta"
"70440017";"PINCAL";"010502";"CHUQUISACA";"HERNANDO SILES";"SAN PABLO DE HUACARETA";"-20.4552";"-64.098885";"FISCAL";"RURAL";"15";"PUCAMAYU";"RURAL";"exacta"
"70440019";"PUCAMAYU";"010502";"CHUQUISACA";"HERNANDO SILES";"SAN PABLO DE HUACARETA";"-20.506001";"-64.11837";"FISCAL";"RURAL";"4";"PUCAMAYU";"RURAL";"exacta"
"80440079";"PUCA MAYU B";"010501";"CHUQUISACA";"HERNANDO SILES";"MONTEAGUDO";"-19.922501";"-63.869648";"FISCAL";"RURAL";"5";"PUCAMAYU";"RURAL";"ambigua"
"80440037";"PUCA MAYU F";"010501";"CHUQUISACA";"HERNANDO SILES";"MONTEAGUDO";"-19.971399";"-64.205605";"FISCAL";"RURAL";"8";"PUCAMAYU";"RURAL";"ambigua"
"80440038";"PUCAHUASI";"010501";"CHUQUISACA";"HERNANDO SILES";"MONTEAGUDO";"-19.7784";"-63.975368";"FISCAL";"RURAL";"26";"PUCAHUSI";"RURAL";"exacta"
"80430036";"UNIDAD DE LOS PUEBLOS";"010601";"CHUQUISACA";"YAMPARAEZ";"TARABUCO";"-19.195801";"-64.86541";"CONVENIO";"RURAL";"115";"PUCA PUCA";"RURAL";"ambigua"
"70460012";"PUCA PAMPA";"010302";"CHUQUISACA";"ZUDAÑEZ";"PRESTO";"-18.871401";"-64.78109";"FISCAL";"RURAL";"12";"PUCA PAMPA";"RURAL";"exacta"
"70420066";"PUCA LOMA";"010702";"CHUQUISACA";"NOR CINTI";"SAN LUCAS";"-20.276699";"-65.102592";"CONVENIO";"RURAL";"24";"PUCA LOMA";"RURAL";"exacta"
"80460027";"PUCA WASI";"010301";"CHUQUISACA";"ZUDAÑEZ";"VILLA ZUDANEZ (TACOPAYA)";"-19.055599";"-64.774803";"FISCAL";"RURAL";"29";"PUCA HUASI";"RURAL";"exacta"
"70420065";"PUCA CANCHA";"010702";"CHUQUISACA";"NOR CINTI";"SAN LUCAS";"-20.0488";"-64.97274";"CONVENIO";"RURAL";"5";"PUCA CANCHA";"RURAL";"exacta"
"70460011";"RICARDO MUJIA DE PRESTO";"010302";"CHUQUISACA";"ZUDAÑEZ";"PRESTO";"-18.933117";"-64.934388";"FISCAL";"RURAL";"237";"PRESTO";"URBANO";"exacta"
"70460025";"14 DE ENERO";"010302";"CHUQUISACA";"ZUDAÑEZ";"PRESTO";"-18.9333";"-64.933578";"FISCAL";"RURAL";"205";"PRESTO";"URBANO";"exacta"
"80440036";"POZUELOS";"010501";"CHUQUISACA";"HERNANDO SILES";"MONTEAGUDO";"-19.9419";"-64.084389";"FISCAL";"RURAL";"6";"POZUELOS";"RURAL";"exacta"
"80410024";"HEROES DEL CHACO";"010801";"CHUQUISACA";"BELISARIO BOETO";"VILLA SERRANO";"-19.06208";"-64.137467";"FISCAL";"RURAL";"9";"POZOS";"RURAL";"exacta"
"70450009";"POTREROS";"010402";"CHUQUISACA";"TOMINA";"TOMINA";"-19.1311";"-64.464012";"FISCAL";"RURAL";"15";"POTREROS";"RURAL";"ambigua"
"80410042";"RAUL ANDIA ZAGARDIA";"010801";"CHUQUISACA";"BELISARIO BOETO";"VILLA SERRANO";"-19.076134";"-64.091537";"FISCAL";"RURAL";"27";"POTREROS";"RURAL";"exacta"
"80440035";"POTREROS";"010501";"CHUQUISACA";"HERNANDO SILES";"MONTEAGUDO";"-19.939699";"-64.252296";"FISCAL";"RURAL";"2";"POTREROS";"RURAL";"exacta"
"50460017";"POTOLO";"010304";"CHUQUISACA";"ZUDAÑEZ";"ICLA";"-19.564301";"-64.690155";"FISCAL";"RURAL";"20";"POTOLO";"RURAL";"exacta"
"80480123";"GUALBERTO VILLARROEL";"010101";"CHUQUISACA";"OROPEZA";"CAPITAL (SUCRE)";"-19.015444";"-65.533584";"FISCAL";"RURAL";"89";"POTOLO";"RURAL";"exacta"
"80480177";"6 DE JUNIO B";"010101";"CHUQUISACA";"OROPEZA";"CAPITAL (SUCRE)";"-19.015444";"-65.533584";"FISCAL";"RURAL";"162";"POTOLO";"RURAL";"exacta"
"80420012";"EL PORVENIR";"010701";"CHUQUISACA";"NOR CINTI";"CAMARGO";"-20.695176";"-65.224453";"FISCAL";"RURAL";"48";"PORVENIR";"RURAL";"exacta"
"60420032";"2 DE AGOSTO";"010703";"CHUQUISACA";"NOR CINTI";"INCAHUASI";"-20.700828";"-64.710353";"FISCAL";"RURAL";"33";"PORTILLO";"RURAL";"ambigua"
"60420062";"BUENA VISTA CENTRO";"010703";"CHUQUISACA";"NOR CINTI";"INCAHUASI";"-20.693939";"-64.711109";"FISCAL";"RURAL";"23";"PORTILLO";"RURAL";"ambigua"
"60420006";"BUENA VISTA";"010703";"CHUQUISACA";"NOR CINTI";"INCAHUASI";"-20.689446";"-64.709714";"FISCAL";"RURAL";"25";"PORTILLO";"RURAL";"ambigua"
"60480035";"SAN ANDRES DE POROMA";"010103";"CHUQUISACA";"OROPEZA";"POROMA";"-18.539113";"-65.425861";"CONVENIO";"RURAL";"503";"POROMA";"URBANO";"area"
"80470039";"POMABAMBILLO";"010201";"CHUQUISACA";"AZURDUY";"VILLA AZURDUY";"-20.17151";"-64.399088";"FISCAL";"RURAL";"7";"POMABAMBILLO";"RURAL";"exacta"
"60480029";"POJPO";"010103";"CHUQUISACA";"OROPEZA";"POROMA";"-18.7938";"-65.327209";"CONVENIO";"RURAL";"93";"POJPO";"RURAL";"ambigua"
"70480014";"PITANTORILLA";"010102";"CHUQUISACA";"OROPEZA";"YOTALA";"-19.1583";"-65.321724";"FISCAL";"RURAL";"43";"PITANTORILLA";"RURAL";"ambigua"
"70420064";"PIRHUANI";"010702";"CHUQUISACA";"NOR CINTI";"SAN LUCAS";"-20.1693";"-64.648994";"FISCAL";"RURAL";"98";"PIRHUANI";"RURAL";"exacta"
"80460013";"PIRHUA MAYU";"010301";"CHUQUISACA";"ZUDAÑEZ";"VILLA ZUDANEZ (TACOPAYA)";"-19.0867";"-64.634323";"FISCAL";"RURAL";"14";"PIRHUA MAYU";"RURAL";"exacta"
"70440018";"BALDOMERO LOPEZ";"010502";"CHUQUISACA";"HERNANDO SILES";"SAN PABLO DE HUACARETA";"-20.162201";"-63.963306";"FISCAL";"RURAL";"119";"PIRAYCITO";"RURAL";"ambigua"
"60480028";"PIOCERA";"010103";"CHUQUISACA";"OROPEZA";"POROMA";"-18.7486";"-65.402763";"CONVENIO";"RURAL";"17";"PIOCERA";"RURAL";"exacta"
"80470014";"PINOS";"010201";"CHUQUISACA";"AZURDUY";"VILLA AZURDUY";"-20.345781";"-64.454086";"FISCAL";"RURAL";"77";"PINOS";"RURAL";"exacta"
"80450030";"29 DE MARZO";"010401";"CHUQUISACA";"TOMINA";"PADILLA";"-19.249126";"-64.216551";"FISCAL";"RURAL";"18";"PILI PILI BAJO";"RURAL";"exacta"
"80450029";"WALTER REYES VILLA";"010401";"CHUQUISACA";"TOMINA";"PADILLA";"-19.213746";"-64.227358";"FISCAL";"RURAL";"12";"PILI PILI ALTO";"RURAL";"exacta"
"70440049";"PILCOMAYO SUR";"010502";"CHUQUISACA";"HERNANDO SILES";"SAN PABLO DE HUACARETA";"-20.906927";"-64.077759";"FISCAL";"RURAL";"7";"PILCOMAYO";"RURAL";"exacta"
"70440016";"PILCOMAYO";"010502";"CHUQUISACA";"HERNANDO SILES";"SAN PABLO DE HUACARETA";"-20.8825";"-64.067734";"FISCAL";"RURAL";"6";"PILCOMAYO";"RURAL";"exacta"
"70420063";"PILALO";"010702";"CHUQUISACA";"NOR CINTI";"SAN LUCAS";"-20.282253";"-64.760511";"FISCAL";"RURAL";"42";"PILALO GRANDE";"RURAL";"exacta"
"50460013";"PILA TORRE";"010304";"CHUQUISACA";"ZUDAÑEZ";"ICLA";"-19.301201";"-64.755775";"FISCAL";"RURAL";"14";"PILA TORRE";"RURAL";"exacta"
"80410054";"NYLA GUTIERREZ CUELLAR";"010801";"CHUQUISACA";"BELISARIO BOETO";"VILLA SERRANO";"-18.823932";"-64.39512";"FISCAL";"RURAL";"43";"PIEDRA GRANDE";"RURAL";"exacta"
"80410022";"RENE ANIBARRO GOMEZ";"010801";"CHUQUISACA";"BELISARIO BOETO";"VILLA SERRANO";"-18.823911";"-64.39526";"FISCAL";"RURAL";"19";"PIEDRA GRANDE";"RURAL";"exacta"
"80430035";"PISILI";"010601";"CHUQUISACA";"YAMPARAEZ";"TARABUCO";"-19.2218";"-64.890953";"FISCAL";"RURAL";"96";"PICILY";"RURAL";"exacta"
"80430074";"QULLPA PAMPA";"010601";"CHUQUISACA";"YAMPARAEZ";"TARABUCO";"-19.24688";"-64.882082";"FISCAL";"RURAL";"11";"PICILY";"RURAL";"exacta"
"80470037";"PICHACANI";"010201";"CHUQUISACA";"AZURDUY";"VILLA AZURDUY";"-20.171498";"-64.417648";"FISCAL";"RURAL";"17";"PICHACANI";"RURAL";"exacta"
"70420062";"PHULLAYA";"010702";"CHUQUISACA";"NOR CINTI";"SAN LUCAS";"-20.3881";"-64.725174";"FISCAL";"RURAL";"16";"PHULLAYA";"RURAL";"exacta"
"80440034";"PEÑADERIA";"010501";"CHUQUISACA";"HERNANDO SILES";"MONTEAGUDO";"-19.893499";"-63.911591";"FISCAL";"RURAL";"18";"PEÑADERIA";"RURAL";"exacta"
"80410021";"SAGRADO CORAZON";"010801";"CHUQUISACA";"BELISARIO BOETO";"VILLA SERRANO";"-18.957346";"-64.335994";"FISCAL";"RURAL";"12";"PEÑA BLANCA";"RURAL";"ambigua"
"80440033";"PEDERNAL";"010501";"CHUQUISACA";"HERNANDO SILES";"MONTEAGUDO";"-19.743299";"-64.109604";"FISCAL";"RURAL";"77";"PEDERNAL";"RURAL";"exacta"
"80450028";"ISABEL PADILLA BRAVO";"010401";"CHUQUISACA";"TOMINA";"PADILLA";"-19.4025";"-64.085426";"FISCAL";"RURAL";"14";"PEDERNAL";"RURAL";"exacta"
"70420061";"DETERLINO MENDEZ IBARRA";"010702";"CHUQUISACA";"NOR CINTI";"SAN LUCAS";"-20.213011";"-65.256428";"FISCAL";"RURAL";"131";"PAYACOTA DEL CARMEN";"RURAL";"ambigua"
"80420021";"PATAPAMPA";"010701";"CHUQUISACA";"NOR CINTI";"CAMARGO";"-20.61276";"-65.190755";"FISCAL";"RURAL";"73";"PATAPAMPA";"RURAL";"ambigua"
"70430012";"PATA LLAJTA";"010602";"CHUQUISACA";"YAMPARAEZ";"YAMPARAEZ";"-19.111099";"-65.077705";"FISCAL";"RURAL";"78";"PATA LLACTA";"RURAL";"exacta"
"70420060";"PATA CANCHA";"010702";"CHUQUISACA";"NOR CINTI";"SAN LUCAS";"-19.919786";"-64.739234";"FISCAL";"RURAL";"13";"PATA CANCHA";"RURAL";"exacta"
"80460011";"PASOTA";"010301";"CHUQUISACA";"ZUDAÑEZ";"VILLA ZUDANEZ (TACOPAYA)";"-19.186199";"-64.677483";"FISCAL";"RURAL";"13";"PASOTA";"RURAL";"exacta"
"70460010";"PASOPAYITA";"010302";"CHUQUISACA";"ZUDAÑEZ";"PRESTO";"-18.8251";"-64.921272";"FISCAL";"RURAL";"4";"PASOPAYITA";"RURAL";"exacta"
"70460021";"ELIZARDO PEREZ DE PASOPAYA";"010302";"CHUQUISACA";"ZUDAÑEZ";"PRESTO";"-18.771299";"-64.942818";"FISCAL";"RURAL";"48";"PASOPAYA";"RURAL";"ambigua"
"70460027";"31 DE MAYO";"010302";"CHUQUISACA";"ZUDAÑEZ";"PRESTO";"-18.771299";"-64.942818";"FISCAL";"RURAL";"84";"PASOPAYA";"RURAL";"ambigua"
"70460030";"JARDIN DE NIÑOS CAMINITO DEL SABER";"010302";"CHUQUISACA";"ZUDAÑEZ";"PRESTO";"-18.7708";"-64.943123";"FISCAL";"RURAL";"15";"PASOPAYA";"RURAL";"ambigua"
"70420059";"PASLA";"010702";"CHUQUISACA";"NOR CINTI";"SAN LUCAS";"-19.9475";"-64.782211";"FISCAL";"RURAL";"90";"PASLA";"RURAL";"exacta"
"80460010";"JAIME ZUDAÑEZ DE PARAQTY";"010301";"CHUQUISACA";"ZUDAÑEZ";"VILLA ZUDANEZ (TACOPAYA)";"-19.0564";"-64.739021";"FISCAL";"RURAL";"112";"PARACTY";"RURAL";"exacta"
"80420030";"PAPAGAYO";"010701";"CHUQUISACA";"NOR CINTI";"CAMARGO";"-20.680351";"-65.215485";"FISCAL";"RURAL";"9";"PAPAGAYO";"RURAL";"exacta"
"70420122";"PAPA CHACRA GRANDE";"010702";"CHUQUISACA";"NOR CINTI";"SAN LUCAS";"-19.961163";"-64.804051";"CONVENIO";"RURAL";"8";"PAPACHACRA GRANDE";"RURAL";"exacta"
"80470040";"LAGUNILLAS";"010201";"CHUQUISACA";"AZURDUY";"VILLA AZURDUY";"-20.0326";"-64.519249";"FISCAL";"RURAL";"18";"PAMPAS SEPULTURAS";"RURAL";"exacta"
"60450009";"PAMPAS PUNTA";"010403";"CHUQUISACA";"TOMINA";"SOPACHUY";"-19.415988";"-64.458437";"FISCAL";"RURAL";"39";"PAMPAS PUNTA";"RURAL";"ambigua"
"80410020";"ELIZARDO PEREZ";"010801";"CHUQUISACA";"BELISARIO BOETO";"VILLA SERRANO";"-19.117093";"-64.192667";"FISCAL";"RURAL";"86";"PAMPAS DEL TIGRE";"RURAL";"ambigua"
"70470052";"PAMPAS DE LEQUE";"010202";"CHUQUISACA";"AZURDUY";"TARVITA (VILLA ORIAS)";"-19.724521";"-64.5778";"FISCAL";"RURAL";"169";"PAMPAS DE LEQUE";"RURAL";"exacta"
"80410019";"LA HERMANDAD";"010801";"CHUQUISACA";"BELISARIO BOETO";"VILLA SERRANO";"-19.170981";"-64.358983";"FISCAL";"RURAL";"16";"PAMPAS ARIAS";"RURAL";"exacta"
"80480121";"PAMPAS AGUILA KASA";"010101";"CHUQUISACA";"OROPEZA";"CAPITAL (SUCRE)";"-18.778479";"-65.045253";"CONVENIO";"RURAL";"6";"PAMPAS AGUILA KASA";"RURAL";"exacta"
"70450020";"PAMPAS ABAJO";"010402";"CHUQUISACA";"TOMINA";"TOMINA";"-19.31939";"-64.475884";"FISCAL";"RURAL";"19";"PAMPAS ABAJO";"RURAL";"exacta"
"70430011";"PAMPA YAMPARA";"010602";"CHUQUISACA";"YAMPARAEZ";"YAMPARAEZ";"-19.185101";"-65.138809";"FISCAL";"RURAL";"6";"PAMPA YAMPARA";"RURAL";"exacta"
"80430032";"PAMPA LUPIARA";"010601";"CHUQUISACA";"YAMPARAEZ";"TARABUCO";"-19.2589";"-64.784119";"FISCAL";"RURAL";"107";"PAMPA LUPIARA";"RURAL";"exacta"
"80440031";"PAMPA LA LIMA";"010501";"CHUQUISACA";"HERNANDO SILES";"MONTEAGUDO";"-20.1514";"-64.170143";"FISCAL";"RURAL";"10";"PAMPA LA LIMA";"RURAL";"exacta"
"70470019";"JESUS MAESTRO";"010202";"CHUQUISACA";"AZURDUY";"TARVITA (VILLA ORIAS)";"-19.674306";"-64.681476";"FISCAL";"RURAL";"243";"PAMPA HUASI";"RURAL";"ambigua"
"70470046";"PAMPA GRANDE";"010202";"CHUQUISACA";"AZURDUY";"TARVITA (VILLA ORIAS)";"-19.664345";"-64.628157";"FISCAL";"RURAL";"4";"PAMPA GRANDE";"RURAL";"exacta"
"70420058";"PAMPA CIENEGA";"010702";"CHUQUISACA";"NOR CINTI";"SAN LUCAS";"-19.846227";"-65.040685";"CONVENIO";"RURAL";"20";"PAMPA CIENEGA";"RURAL";"exacta"
"80440030";"PALMARCITO";"010501";"CHUQUISACA";"HERNANDO SILES";"MONTEAGUDO";"-20.0452";"-64.104012";"FISCAL";"RURAL";"16";"PALMARCITO";"RURAL";"exacta"
"50460006";"EL PALMAR";"010304";"CHUQUISACA";"ZUDAÑEZ";"ICLA";"-19.3622";"-64.84304";"FISCAL";"RURAL";"6";"PALMAR";"RURAL";"exacta"
"60420031";"PALCA PATA";"010704";"CHUQUISACA";"NOR CINTI";"VILLA CHARCAS";"-20.637857";"-64.85995";"FISCAL";"RURAL";"68";"PALCAPATA";"RURAL";"ambigua"
"70420057";"PALACIO TAMBO A";"010702";"CHUQUISACA";"NOR CINTI";"SAN LUCAS";"-20.211106";"-64.990082";"FISCAL";"RURAL";"391";"PALACIO TAMBO";"URBANO";"area"
"70420111";"PALACIO TAMBO B";"010702";"CHUQUISACA";"NOR CINTI";"SAN LUCAS";"-20.2108";"-64.990768";"FISCAL";"RURAL";"305";"PALACIO TAMBO";"URBANO";"area"
"80430033";"GUSTAVO VALDIVIA";"010601";"CHUQUISACA";"YAMPARAEZ";"TARABUCO";"-18.9781";"-65.030289";"FISCAL";"RURAL";"75";"PAJCHA";"RURAL";"ambigua"
"80450041";"DEOGRACIAS VEGA";"010401";"CHUQUISACA";"TOMINA";"PADILLA";"-19.310699";"-64.304939";"FISCAL";"URBANA";"311";"PADILLA";"URBANO";"exacta"
"80450042";"MANUEL ASCENCIO PADILLA";"010401";"CHUQUISACA";"TOMINA";"PADILLA";"-19.3071";"-64.301453";"FISCAL";"URBANA";"231";"PADILLA";"URBANO";"exacta"
"80450043";"SAN PIO X SECUNDARIA";"010401";"CHUQUISACA";"TOMINA";"PADILLA";"-19.306259";"-64.301146";"CONVENIO";"URBANA";"316";"PADILLA";"URBANO";"exacta"
"80450044";"SAN PIO X PRIMARIA";"010401";"CHUQUISACA";"TOMINA";"PADILLA";"-19.308201";"-64.304283";"CONVENIO";"URBANA";"280";"PADILLA";"URBANO";"exacta"
"80450045";"JUANA AZURDUY DE PADILLA";"010401";"CHUQUISACA";"TOMINA";"PADILLA";"-19.310517";"-64.305553";"FISCAL";"URBANA";"148";"PADILLA";"URBANO";"exacta"
"70420056";"PADCOYO";"010702";"CHUQUISACA";"NOR CINTI";"SAN LUCAS";"-20.2353";"-65.152222";"CONVENIO";"RURAL";"261";"PADCOYO";"RURAL";"ambigua"
"80390038";"ÑANCAHUAZU";"011001";"CHUQUISACA";"LUIS CALVO";"VILLA VACA GUZMAN (MUYUPAMPA)";"-19.402845";"-63.743492";"FISCAL";"RURAL";"6";"OVERA ÑANKAGUAZU";"RURAL";"exacta"
"80410049";"PEDRO CUELLAR BALLESTEROS";"010801";"CHUQUISACA";"BELISARIO BOETO";"VILLA SERRANO";"-19.096594";"-64.31621";"FISCAL";"RURAL";"6";"OVEJEROS";"RURAL";"exacta"
"80480092";"OVEJERIAS";"010101";"CHUQUISACA";"OROPEZA";"CAPITAL (SUCRE)";"-18.703786";"-65.168146";"CONVENIO";"RURAL";"21";"OVEJERIAS";"RURAL";"ambigua"
"80450027";"OVEJA CANCHA";"010401";"CHUQUISACA";"TOMINA";"PADILLA";"-19.340137";"-64.300638";"FISCAL";"RURAL";"7";"OVEJA CANCHA";"RURAL";"exacta"
"70450008";"OTORONGO";"010402";"CHUQUISACA";"TOMINA";"TOMINA";"-19.1521";"-64.545609";"FISCAL";"RURAL";"14";"OTORONGO";"RURAL";"exacta"
"80480120";"ORURILLO";"010101";"CHUQUISACA";"OROPEZA";"CAPITAL (SUCRE)";"-18.927305";"-65.213564";"FISCAL";"RURAL";"8";"ORURILLO";"RURAL";"exacta"
"70420055";"ORCKOYO";"010702";"CHUQUISACA";"NOR CINTI";"SAN LUCAS";"-20.073748";"-65.215588";"CONVENIO";"RURAL";"27";"ORCOYO";"RURAL";"exacta"
"70470007";"HORCANI";"010202";"CHUQUISACA";"AZURDUY";"TARVITA (VILLA ORIAS)";"-19.989444";"-64.52308";"FISCAL";"RURAL";"15";"ORCANI";"RURAL";"exacta"
"60420030";"OLOLOMA";"010701";"CHUQUISACA";"NOR CINTI";"CAMARGO";"-20.4303";"-64.82074";"FISCAL";"RURAL";"35";"OLOLOMA";"RURAL";"exacta"
"70420002";"OJEDA";"010702";"CHUQUISACA";"NOR CINTI";"SAN LUCAS";"-20.2899";"-64.646103";"FISCAL";"RURAL";"41";"OJEDA";"RURAL";"exacta"
"70420054";"OCURI";"010702";"CHUQUISACA";"NOR CINTI";"SAN LUCAS";"-20.216801";"-65.050568";"FISCAL";"RURAL";"115";"OCURI";"RURAL";"ambigua"
"70420124";"MARIA AYMA DE MORALES";"010702";"CHUQUISACA";"NOR CINTI";"SAN LUCAS";"-20.220136";"-65.045161";"FISCAL";"RURAL";"130";"OCURI";"RURAL";"ambigua"
"80420028";"ÑEQUETA";"010701";"CHUQUISACA";"NOR CINTI";"CAMARGO";"-20.5215";"-65.205961";"FISCAL";"RURAL";"18";"ÑEQUETA";"RURAL";"exacta"
"80440070";"ÑAURENDA";"010501";"CHUQUISACA";"HERNANDO SILES";"MONTEAGUDO";"-20.349899";"-63.855812";"FISCAL";"RURAL";"24";"ÑAURENDA";"RURAL";"exacta"
"60390016";"ÑANCAROINZA ESTACION";"011003";"CHUQUISACA";"LUIS CALVO";"MACHARETI";"-20.7096";"-63.287479";"FISCAL";"RURAL";"125";"ÑANCORAINZA";"RURAL";"ambigua"
"70440015";"MIGUEL JHASTER";"010502";"CHUQUISACA";"HERNANDO SILES";"SAN PABLO DE HUACARETA";"-20.718599";"-64.027779";"FISCAL";"RURAL";"99";"ÑACAMIRI";"RURAL";"exacta"
"80410017";"JORGE ANIBARRO ZAPATA";"010801";"CHUQUISACA";"BELISARIO BOETO";"VILLA SERRANO";"-18.994713";"-64.290729";"FISCAL";"RURAL";"85";"NUEVO MUNDO";"RURAL";"ambigua"
"80390020";"PEDRO DOMINGO MURILLO";"011001";"CHUQUISACA";"LUIS CALVO";"VILLA VACA GUZMAN (MUYUPAMPA)";"-19.930901";"-63.800517";"FISCAL";"RURAL";"6";"NOGALPAMPA";"RURAL";"exacta"
"80420027";"NAZARETH";"010701";"CHUQUISACA";"NOR CINTI";"CAMARGO";"-20.774382";"-65.111647";"FISCAL";"RURAL";"6";"NAZARET";"RURAL";"exacta"
"60460011";"SANTA ROSA DE LIMA";"010303";"CHUQUISACA";"ZUDAÑEZ";"VILLA MOJOCOYA";"-18.695308";"-64.697915";"FISCAL";"RURAL";"6";"NAUNACA";"RURAL";"exacta"
"40450014";"NARANJOS";"010404";"CHUQUISACA";"TOMINA";"VILLA ALCALA";"-19.409368";"-64.352576";"FISCAL";"RURAL";"7";"NARANJOS";"RURAL";"exacta"
"80450026";"ABELINO PADILLA";"010401";"CHUQUISACA";"TOMINA";"PADILLA";"-19.2381";"-64.140015";"FISCAL";"RURAL";"7";"NARANJAL";"RURAL";"exacta"
"80470035";"NABOS PAMPA";"010201";"CHUQUISACA";"AZURDUY";"VILLA AZURDUY";"-19.903628";"-64.353458";"FISCAL";"RURAL";"7";"NABOS PAMPA";"RURAL";"exacta"
"80420026";"MUYUQUIRI";"010701";"CHUQUISACA";"NOR CINTI";"CAMARGO";"-20.49713";"-65.147201";"FISCAL";"RURAL";"149";"MUYUQUIRI";"RURAL";"ambigua"
"80390029";"GERARDO VACA GUZMAN";"011001";"CHUQUISACA";"LUIS CALVO";"VILLA VACA GUZMAN (MUYUPAMPA)";"-19.895046";"-63.757884";"FISCAL";"URBANA";"331";"MUYUPAMPA";"URBANO";"exacta"
"80390030";"HERNANDO SILES PRIMARIA";"011001";"CHUQUISACA";"LUIS CALVO";"VILLA VACA GUZMAN (MUYUPAMPA)";"-19.895046";"-63.757884";"FISCAL";"URBANA";"349";"MUYUPAMPA";"URBANO";"exacta"
"80390031";"HERNANDO SILES SECUNDARIA";"011001";"CHUQUISACA";"LUIS CALVO";"VILLA VACA GUZMAN (MUYUPAMPA)";"-19.894985";"-63.744462";"FISCAL";"URBANA";"282";"MUYUPAMPA";"URBANO";"exacta"
"60420066";"MUTILLA";"010704";"CHUQUISACA";"NOR CINTI";"VILLA CHARCAS";"-20.447901";"-64.765251";"FISCAL";"RURAL";"20";"MUTILA";"RURAL";"exacta"
"40450013";"MUSKA";"010405";"CHUQUISACA";"TOMINA";"EL VILLAR";"-19.691584";"-64.20981";"FISCAL";"RURAL";"8";"MUSKA";"RURAL";"exacta"
"70420053";"MURIFAYA";"010702";"CHUQUISACA";"NOR CINTI";"SAN LUCAS";"-20.1348";"-65.001144";"CONVENIO";"RURAL";"71";"MURIFAYA";"RURAL";"exacta"
"40450011";"MOSOJ LLAJTA";"010404";"CHUQUISACA";"TOMINA";"VILLA ALCALA";"-19.478665";"-64.306237";"FISCAL";"RURAL";"7";"MOSOJ LLAJTA";"RURAL";"exacta"
"70470018";"MOSOJ LLAJTA";"010202";"CHUQUISACA";"AZURDUY";"TARVITA (VILLA ORIAS)";"-19.65124";"-64.699158";"FISCAL";"RURAL";"15";"MOSOJ LLAJTA";"RURAL";"ambigua"
"70480012";"VICTOR SANDY";"010102";"CHUQUISACA";"OROPEZA";"YOTALA";"-19.159001";"-65.240862";"FISCAL";"RURAL";"226";"MOSOJ LLACTA";"RURAL";"exacta"
"80430031";"MOROMARCA";"010601";"CHUQUISACA";"YAMPARAEZ";"TARABUCO";"-18.9937";"-65.052231";"FISCAL";"RURAL";"5";"MOROMARCA";"RURAL";"exacta"
"80430027";"MORADO QASA";"010601";"CHUQUISACA";"YAMPARAEZ";"TARABUCO";"-19.0597";"-64.916451";"FISCAL";"RURAL";"27";"MORADO CKASSA";"RURAL";"ambigua"
"80440058";"BERNARDO MONTEAGUDO";"010501";"CHUQUISACA";"HERNANDO SILES";"MONTEAGUDO";"-19.8006";"-63.954063";"FISCAL";"URBANA";"156";"MONTEAGUDO";"URBANO";"exacta"
"80440061";"MARIA VARGAS DE VALDA";"010501";"CHUQUISACA";"HERNANDO SILES";"MONTEAGUDO";"-19.8006";"-63.955284";"FISCAL";"URBANA";"447";"MONTEAGUDO";"URBANO";"exacta"
"80440062";"RAQUEL LOAYZA DE ESPRELLA";"010501";"CHUQUISACA";"HERNANDO SILES";"MONTEAGUDO";"-19.788601";"-63.956215";"FISCAL";"URBANA";"488";"MONTEAGUDO";"URBANO";"exacta"
"80440063";"REPUBLICA DE VENEZUELA";"010501";"CHUQUISACA";"HERNANDO SILES";"MONTEAGUDO";"-19.809125";"-63.961664";"FISCAL";"URBANA";"313";"MONTEAGUDO";"URBANO";"exacta"
"80440064";"LUCIO SILES MORALES";"010501";"CHUQUISACA";"HERNANDO SILES";"MONTEAGUDO";"-19.796301";"-63.955276";"FISCAL";"URBANA";"513";"MONTEAGUDO";"URBANO";"exacta"
"80440093";"ROBERTO JAIME GUZMAN BALDERAS";"010501";"CHUQUISACA";"HERNANDO SILES";"MONTEAGUDO";"-19.807388";"-63.964607";"FISCAL";"URBANA";"200";"MONTEAGUDO";"URBANO";"exacta"
"60400006";"EL MONTE DE SANDOVAL";"010903";"CHUQUISACA";"SUD CINTI";"LAS CARRERAS";"-21.1668";"-65.21051";"FISCAL";"RURAL";"41";"MONTE SANDOVAL";"RURAL";"exacta"
"80390019";"MONTE GRANDE";"011001";"CHUQUISACA";"LUIS CALVO";"VILLA VACA GUZMAN (MUYUPAMPA)";"-19.269067";"-63.883659";"FISCAL";"RURAL";"21";"MONTE GRANDE";"RURAL";"ambigua"
"80410016";"DARIO OVANDO CUELLAR";"010801";"CHUQUISACA";"BELISARIO BOETO";"VILLA SERRANO";"-18.890936";"-64.323318";"FISCAL";"RURAL";"81";"MONTE GRANDE";"RURAL";"exacta"
"60400021";"MONTE DE TARAYA";"010903";"CHUQUISACA";"SUD CINTI";"LAS CARRERAS";"-21.453773";"-65.307137";"FISCAL";"RURAL";"3";"MONTE DE TARAYA";"RURAL";"exacta"
"60480024";"MONCHARI";"010101";"CHUQUISACA";"OROPEZA";"CAPITAL (SUCRE)";"-18.752701";"-65.194466";"CONVENIO";"RURAL";"0";"MONCHARI";"RURAL";"exacta"
"60420029";"MOLLINI";"010704";"CHUQUISACA";"NOR CINTI";"VILLA CHARCAS";"-20.45339";"-64.715863";"FISCAL";"RURAL";"129";"MOLLINI";"RURAL";"exacta"
"80420025";"MOLLINI";"010701";"CHUQUISACA";"NOR CINTI";"CAMARGO";"-20.556973";"-65.209614";"FISCAL";"RURAL";"31";"MOLLINI";"RURAL";"exacta"
"70470044";"12 DE OCTUBRE";"010202";"CHUQUISACA";"AZURDUY";"TARVITA (VILLA ORIAS)";"-19.777514";"-64.464613";"FISCAL";"RURAL";"174";"MOLLENI";"RURAL";"ambigua"
"80430030";"MOLLE WATA";"010601";"CHUQUISACA";"YAMPARAEZ";"TARABUCO";"-19.1686";"-64.844444";"FISCAL";"RURAL";"27";"MOLLE WUATA";"RURAL";"exacta"
"70430010";"ZACARIAS MACY DE MOLLE PUNKU";"010602";"CHUQUISACA";"YAMPARAEZ";"YAMPARAEZ";"-19.164101";"-65.12989";"FISCAL";"RURAL";"108";"MOLLE PUNKU";"RURAL";"ambigua"
"70420052";"MOLLE PATA";"010702";"CHUQUISACA";"NOR CINTI";"SAN LUCAS";"-20.41305";"-64.639989";"FISCAL";"RURAL";"49";"MOLLE PATA";"RURAL";"exacta"
"70470016";"MOLLE PAMPA";"010202";"CHUQUISACA";"AZURDUY";"TARVITA (VILLA ORIAS)";"-19.647682";"-64.723024";"FISCAL";"RURAL";"14";"MOLLE PAMPA";"RURAL";"sin coincidencia"
"80450025";"1RO. DE MAYO";"010401";"CHUQUISACA";"TOMINA";"PADILLA";"-19.187756";"-64.29387";"FISCAL";"RURAL";"6";"MOLLE PAMPA";"RURAL";"exacta"
"70420051";"MOLLE MOLLE";"010702";"CHUQUISACA";"NOR CINTI";"SAN LUCAS";"-19.980801";"-64.675255";"FISCAL";"RURAL";"26";"MOLLE MOLLE";"RURAL";"exacta"
"80470011";"MOLLE MOLLE";"010201";"CHUQUISACA";"AZURDUY";"VILLA AZURDUY";"-20.117001";"-64.551575";"FISCAL";"RURAL";"62";"MOLLE MOLLE";"RURAL";"exacta"
"50460012";"MOLLE MAYU";"010304";"CHUQUISACA";"ZUDAÑEZ";"ICLA";"-19.280204";"-64.813691";"FISCAL";"RURAL";"14";"MOLLE MAYU";"RURAL";"exacta"
"70470015";"MOLLE KANCHA";"010202";"CHUQUISACA";"AZURDUY";"TARVITA (VILLA ORIAS)";"-19.743388";"-64.616503";"FISCAL";"RURAL";"22";"MOLLE CANCHA";"RURAL";"exacta"
"70460008";"MOLANI";"010302";"CHUQUISACA";"ZUDAÑEZ";"PRESTO";"-18.683432";"-64.872154";"FISCAL";"RURAL";"44";"MOLANI";"RURAL";"ambigua"
"80480265";"MOQTULO";"010101";"CHUQUISACA";"OROPEZA";"CAPITAL (SUCRE)";"-18.793617";"-65.123628";"CONVENIO";"RURAL";"24";"MOJTULO";"RURAL";"ambigua"
"80450024";"MATEO CACERES";"010401";"CHUQUISACA";"TOMINA";"PADILLA";"-19.371";"-64.326424";"FISCAL";"RURAL";"14";"MOJOTORILLO";"RURAL";"exacta"
"60460010";"EDUARDO ABAROA";"010303";"CHUQUISACA";"ZUDAÑEZ";"VILLA MOJOCOYA";"-18.764912";"-64.621517";"FISCAL";"RURAL";"60";"MOJOCOYA";"RURAL";"ambigua"
"80430026";"MICHKHA MAYU";"010601";"CHUQUISACA";"YAMPARAEZ";"TARABUCO";"-19.2194";"-64.8461";"FISCAL";"RURAL";"34";"MISKHAMAYU";"RURAL";"ambigua"
"70420050";"MISKHA MAYU";"010702";"CHUQUISACA";"NOR CINTI";"SAN LUCAS";"-20.237609";"-65.116613";"CONVENIO";"RURAL";"7";"MISKHA MAYU";"RURAL";"exacta"
"70460007";"MISION PAMPA";"010302";"CHUQUISACA";"ZUDAÑEZ";"PRESTO";"-18.8801";"-64.888664";"FISCAL";"RURAL";"15";"MISION PAMPA";"RURAL";"exacta"
"70460022";"HUAYLLA PAMPA ALTA";"010302";"CHUQUISACA";"ZUDAÑEZ";"PRESTO";"-18.8797";"-64.914139";"FISCAL";"RURAL";"5";"MISION PAMPA";"RURAL";"exacta"
"70480011";"MISKHA";"010102";"CHUQUISACA";"OROPEZA";"YOTALA";"-19.188499";"-65.334579";"FISCAL";"RURAL";"7";"MISCKA";"RURAL";"exacta"
"60390009";"EL SIMBOLAR";"011003";"CHUQUISACA";"LUIS CALVO";"MACHARETI";"-20.483999";"-62.511166";"FISCAL";"RURAL";"5";"MIRAFLORES";"RURAL";"exacta"
"60420028";"MIRAFLORES";"010703";"CHUQUISACA";"NOR CINTI";"INCAHUASI";"-20.724909";"-64.843806";"FISCAL";"RURAL";"76";"MIRAFLORES";"RURAL";"exacta"
"80450023";"VICENTA JUARISTE EGUINO";"010401";"CHUQUISACA";"TOMINA";"PADILLA";"-19.425189";"-64.279811";"FISCAL";"RURAL";"7";"MILLO KHAKA";"RURAL";"exacta"
"80410015";"6 DE AGOSTO";"010801";"CHUQUISACA";"BELISARIO BOETO";"VILLA SERRANO";"-19.016608";"-64.425714";"FISCAL";"RURAL";"63";"MENDOZA";"RURAL";"ambigua"
"80410044";"DANIEL SANCHEZ BUSTAMANTE";"010801";"CHUQUISACA";"BELISARIO BOETO";"VILLA SERRANO";"-19.016522";"-64.421106";"FISCAL";"RURAL";"75";"MENDOZA";"RURAL";"ambigua"
"70390002";"MBOIKOVO";"011002";"CHUQUISACA";"LUIS CALVO";"VILLA DE HUACAYA";"-20.6987";"-63.657364";"FISCAL";"RURAL";"31";"MBOYCOBO";"RURAL";"exacta"
"70390003";"MBORORIGUA";"011002";"CHUQUISACA";"LUIS CALVO";"VILLA DE HUACAYA";"-20.564276";"-63.63369";"FISCAL";"RURAL";"90";"MBORORIGUA";"RURAL";"exacta"
"80460009";"MAYU TORCOCO";"010301";"CHUQUISACA";"ZUDAÑEZ";"VILLA ZUDANEZ (TACOPAYA)";"-19.0474";"-64.670479";"FISCAL";"RURAL";"17";"MAYU TORCOCO";"RURAL";"exacta"
"40450010";"MATELA ALTA";"010404";"CHUQUISACA";"TOMINA";"VILLA ALCALA";"-19.478589";"-64.400018";"FISCAL";"RURAL";"3";"MATELA";"RURAL";"exacta"
"80440073";"MATARAL";"010501";"CHUQUISACA";"HERNANDO SILES";"MONTEAGUDO";"-19.8564";"-63.986359";"FISCAL";"RURAL";"9";"MATARAL";"RURAL";"exacta"
"80460008";"MARCANI";"010301";"CHUQUISACA";"ZUDAÑEZ";"VILLA ZUDANEZ (TACOPAYA)";"-19.251301";"-64.612717";"FISCAL";"RURAL";"11";"MARCANI";"RURAL";"exacta"
"80480119";"MARACORI";"010101";"CHUQUISACA";"OROPEZA";"CAPITAL (SUCRE)";"-18.979099";"-65.540604";"FISCAL";"RURAL";"14";"MARACURI";"RURAL";"sin coincidencia"
"70470014";"MARA PAMPA";"010202";"CHUQUISACA";"AZURDUY";"TARVITA (VILLA ORIAS)";"-19.662158";"-64.713859";"FISCAL";"RURAL";"79";"MARA PAMPA";"RURAL";"exacta"
"70470049";"MANZANAYUJ";"010202";"CHUQUISACA";"AZURDUY";"TARVITA (VILLA ORIAS)";"-19.918088";"-64.575547";"FISCAL";"RURAL";"6";"MANSANAYUJ";"RURAL";"exacta"
"70390022";"MANDIYUTI";"011002";"CHUQUISACA";"LUIS CALVO";"VILLA DE HUACAYA";"-20.452098";"-63.56226";"FISCAL";"RURAL";"11";"MANDIYUTI";"RURAL";"exacta"
"80460007";"MANDINGA";"010301";"CHUQUISACA";"ZUDAÑEZ";"VILLA ZUDANEZ (TACOPAYA)";"-19.250799";"-64.695633";"FISCAL";"RURAL";"17";"MANDINGA";"RURAL";"exacta"
"70420049";"12 DE ABRIL";"010702";"CHUQUISACA";"NOR CINTI";"SAN LUCAS";"-20.276813";"-65.026487";"FISCAL";"RURAL";"144";"MALLIRI";"RURAL";"ambigua"
"70420125";"12 DE ABRIL B";"010702";"CHUQUISACA";"NOR CINTI";"SAN LUCAS";"-20.277299";"-65.029167";"FISCAL";"RURAL";"195";"MALLIRI";"RURAL";"ambigua"
"80420024";"MALCASTACA";"010701";"CHUQUISACA";"NOR CINTI";"CAMARGO";"-20.616786";"-65.23792";"FISCAL";"RURAL";"8";"MALCASTACA";"RURAL";"exacta"
"80440028";"MAYCHA MAYU";"010501";"CHUQUISACA";"HERNANDO SILES";"MONTEAGUDO";"-19.8557";"-64.015205";"FISCAL";"RURAL";"14";"MAICHAMAYU";"RURAL";"exacta"
"70420048";"MAIKA";"010702";"CHUQUISACA";"NOR CINTI";"SAN LUCAS";"-20.334686";"-64.926887";"FISCAL";"RURAL";"9";"MAICA";"RURAL";"exacta"
"60390008";"MACHARETI ESTACION";"011003";"CHUQUISACA";"LUIS CALVO";"MACHARETI";"-20.862801";"-63.306416";"FISCAL";"RURAL";"18";"MACHARETI ESTACION";"RURAL";"ambigua"
"60390018";"EDUARDO ABAROA";"011003";"CHUQUISACA";"LUIS CALVO";"MACHARETI";"-20.815599";"-63.362766";"FISCAL";"RURAL";"274";"MACHARETI";"URBANO";"area"
"60390019";"FRANZ TAMAYO";"011003";"CHUQUISACA";"LUIS CALVO";"MACHARETI";"-20.8162";"-63.365108";"FISCAL";"RURAL";"220";"MACHARETI";"URBANO";"area"
"70460006";"MACHACA";"010302";"CHUQUISACA";"ZUDAÑEZ";"PRESTO";"-18.927099";"-64.804047";"FISCAL";"RURAL";"22";"MACHACA";"RURAL";"exacta"
"80400009";"LOS SOTOS";"010901";"CHUQUISACA";"SUD CINTI";"CAMATAQUI (VILLA ABECIA)";"-20.953401";"-65.228573";"FISCAL";"RURAL";"25";"LOS SOTOS";"RURAL";"exacta"
"80440027";"LOS ARCOS";"010501";"CHUQUISACA";"HERNANDO SILES";"MONTEAGUDO";"-20.3155";"-64.226212";"FISCAL";"RURAL";"16";"LOS ARCOS";"RURAL";"exacta"
"70460005";"LOMAN";"010302";"CHUQUISACA";"ZUDAÑEZ";"PRESTO";"-18.777";"-64.824654";"FISCAL";"RURAL";"18";"LOMAN";"RURAL";"exacta"
"80480089";"ALDANA";"010101";"CHUQUISACA";"OROPEZA";"CAPITAL (SUCRE)";"-18.9694";"-65.287102";"FISCAL";"RURAL";"8";"LLINFI 7 CASCADAS";"RURAL";"exacta"
"80450022";"CACIANO RODAS CARDENAS";"010401";"CHUQUISACA";"TOMINA";"PADILLA";"-19.290838";"-64.022081";"FISCAL";"RURAL";"8";"LLANTOJ";"RURAL";"exacta"
"80450051";"BARTOLINA SISA";"010401";"CHUQUISACA";"TOMINA";"PADILLA";"-19.263782";"-64.003244";"FISCAL";"RURAL";"12";"LLANTOJ";"RURAL";"exacta"
"80450052";"NATALIO APAZA";"010401";"CHUQUISACA";"TOMINA";"PADILLA";"-19.268856";"-64.008252";"FISCAL";"RURAL";"15";"LLANTOJ";"RURAL";"exacta"
"60420026";"LLANQUISA";"010704";"CHUQUISACA";"NOR CINTI";"VILLA CHARCAS";"-20.584801";"-64.797981";"FISCAL";"RURAL";"8";"LLANQUISA";"RURAL";"exacta"
"80440026";"LIMONAL";"010501";"CHUQUISACA";"HERNANDO SILES";"MONTEAGUDO";"-19.7017";"-64.108894";"FISCAL";"RURAL";"8";"LIMONAL";"RURAL";"exacta"
"60400005";"LIME";"010903";"CHUQUISACA";"SUD CINTI";"LAS CARRERAS";"-21.205138";"-65.261954";"FISCAL";"RURAL";"29";"LIME";"RURAL";"ambigua"
"40450009";"OSCAR ALFARO";"010404";"CHUQUISACA";"TOMINA";"VILLA ALCALA";"-19.503774";"-64.335135";"FISCAL";"RURAL";"151";"LIMA BAMBA CENTRO";"RURAL";"exacta"
"80450021";"ELIZARDO PEREZ";"010401";"CHUQUISACA";"TOMINA";"PADILLA";"-19.413566";"-64.196594";"FISCAL";"RURAL";"8";"LEUQUE PAMPA";"RURAL";"exacta"
"60390007";"LAS LOMAS";"011003";"CHUQUISACA";"LUIS CALVO";"MACHARETI";"-20.8001";"-63.223461";"FISCAL";"RURAL";"9";"LAS LOMAS";"RURAL";"exacta"
"60400004";"JAIME MENDOZA";"010903";"CHUQUISACA";"SUD CINTI";"LAS CARRERAS";"-21.2073";"-65.208267";"FISCAL";"RURAL";"94";"LAS CARRERAS";"RURAL";"ambigua"
"60400026";"25 DE MAYO";"010903";"CHUQUISACA";"SUD CINTI";"LAS CARRERAS";"-21.210365";"-65.210758";"FISCAL";"RURAL";"181";"LAS CARRERAS";"RURAL";"ambigua"
"80470010";"LAS ABRAS";"010201";"CHUQUISACA";"AZURDUY";"VILLA AZURDUY";"-20.205601";"-64.384453";"FISCAL";"RURAL";"4";"LAS ABRAS";"RURAL";"exacta"
"70420046";"LARAVINTO";"010702";"CHUQUISACA";"NOR CINTI";"SAN LUCAS";"-20.125799";"-64.635521";"FISCAL";"RURAL";"34";"LARAVINTO";"RURAL";"exacta"
"80410009";"SEVERINO DAZA REYNA";"010801";"CHUQUISACA";"BELISARIO BOETO";"VILLA SERRANO";"-18.767196";"-64.391365";"FISCAL";"RURAL";"18";"LAMPAZOS";"RURAL";"ambigua"
"80450019";"21 DE SEPTIEMBRE";"010401";"CHUQUISACA";"TOMINA";"PADILLA";"-19.2453";"-64.365738";"FISCAL";"RURAL";"3";"LAMPAZOS";"RURAL";"exacta"
"60420025";"LAMPAZAR";"010703";"CHUQUISACA";"NOR CINTI";"INCAHUASI";"-20.528999";"-64.506058";"FISCAL";"RURAL";"175";"LAMPAZAR";"RURAL";"exacta"
"80410013";"MAMERTO NAVA DURAN";"010801";"CHUQUISACA";"BELISARIO BOETO";"VILLA SERRANO";"-18.948919";"-64.378029";"FISCAL";"RURAL";"24";"LAMPASILLOS";"RURAL";"ambigua"
"80450018";"MCAL. SUCRE DE LAMPACILLOS";"010401";"CHUQUISACA";"TOMINA";"PADILLA";"-19.378201";"-64.216286";"FISCAL";"RURAL";"19";"LAMPACILLOS";"RURAL";"ambigua"
"60420024";"LAMBRANI";"010704";"CHUQUISACA";"NOR CINTI";"VILLA CHARCAS";"-20.496602";"-64.698949";"FISCAL";"RURAL";"18";"LAMBRANI";"RURAL";"exacta"
"80430025";"LAMBOYO";"010601";"CHUQUISACA";"YAMPARAEZ";"TARABUCO";"-19.073267";"-64.816031";"FISCAL";"RURAL";"28";"LAMBOYO";"RURAL";"exacta"
"80430023";"LAJAS";"010601";"CHUQUISACA";"YAMPARAEZ";"TARABUCO";"-19.1481";"-64.868965";"FISCAL";"RURAL";"205";"LAJAS SIJLLA";"RURAL";"exacta"
"70420045";"LAJA QASA";"010702";"CHUQUISACA";"NOR CINTI";"SAN LUCAS";"-20.1959";"-64.946159";"CONVENIO";"RURAL";"127";"LAJA KASA";"RURAL";"exacta"
"60460027";"EXALTINO VEDIA";"010303";"CHUQUISACA";"ZUDAÑEZ";"VILLA MOJOCOYA";"-18.810209";"-64.656047";"FISCAL";"RURAL";"4";"LAICA COTA";"RURAL";"exacta"
"80410012";"FELIPE MORALES GOMEZ";"010801";"CHUQUISACA";"BELISARIO BOETO";"VILLA SERRANO";"-18.856699";"-64.32755";"FISCAL";"RURAL";"8";"LAGUNITA";"RURAL";"exacta"
"40450008";"LAGUNILLAS";"010405";"CHUQUISACA";"TOMINA";"EL VILLAR";"-19.588879";"-64.269049";"FISCAL";"RURAL";"6";"LAGUNILLAS";"RURAL";"exacta"
"60420056";"LAGUNILLAS";"010703";"CHUQUISACA";"NOR CINTI";"INCAHUASI";"-20.478014";"-64.323527";"FISCAL";"RURAL";"25";"LAGUNILLA";"RURAL";"exacta"
"70420044";"LADERAS";"010702";"CHUQUISACA";"NOR CINTI";"SAN LUCAS";"-20.3589";"-64.805424";"FISCAL";"RURAL";"13";"LADERAS";"RURAL";"exacta"
"80430022";"LABRAN MAYU";"010601";"CHUQUISACA";"YAMPARAEZ";"TARABUCO";"-19.237939";"-64.765151";"FISCAL";"RURAL";"0";"LABRA MAYU";"RURAL";"exacta"
"60400003";"LA TORRE";"010903";"CHUQUISACA";"SUD CINTI";"LAS CARRERAS";"-21.203106";"-65.292531";"FISCAL";"RURAL";"15";"LA TORRE";"RURAL";"ambigua"
"80390032";"RUFINO SALAZAR";"011001";"CHUQUISACA";"LUIS CALVO";"VILLA VACA GUZMAN (MUYUPAMPA)";"-19.679252";"-63.81619";"FISCAL";"RURAL";"134";"LA TAPERA";"RURAL";"ambigua"
"70470022";"LA SILLADA";"010202";"CHUQUISACA";"AZURDUY";"TARVITA (VILLA ORIAS)";"-19.803121";"-64.601467";"FISCAL";"RURAL";"123";"LA SILLADA";"RURAL";"exacta"
"40450007";"LA REVUELTA";"010405";"CHUQUISACA";"TOMINA";"EL VILLAR";"-19.800126";"-64.202196";"FISCAL";"RURAL";"37";"LA REVUELTA";"RURAL";"ambigua"
"80420003";"HUARANGUAY";"010701";"CHUQUISACA";"NOR CINTI";"CAMARGO";"-20.751357";"-65.297925";"FISCAL";"RURAL";"13";"LA QUEMADA";"RURAL";"exacta"
"80410011";"SAN MIGUEL DE LA QUEBRADA";"010801";"CHUQUISACA";"BELISARIO BOETO";"VILLA SERRANO";"-19.107523";"-64.248736";"FISCAL";"RURAL";"24";"LA QUEBRADA";"RURAL";"exacta"
"60460009";"FAUSTINO RAMIREZ";"010303";"CHUQUISACA";"ZUDAÑEZ";"VILLA MOJOCOYA";"-18.84971";"-64.580547";"FISCAL";"RURAL";"22";"LA POZA";"RURAL";"exacta"
"80420020";"LA PLATEADA";"010701";"CHUQUISACA";"NOR CINTI";"CAMARGO";"-20.625874";"-65.195181";"FISCAL";"RURAL";"59";"LA PLATEADA";"RURAL";"ambigua"
"70450025";"TABLAS";"010402";"CHUQUISACA";"TOMINA";"TOMINA";"-16.502999";"-68.130778";"FISCAL";"RURAL";"8";"LA PAZ";"URBANO";"sin coincidencia"
"80480176";"LA PALMA";"010101";"CHUQUISACA";"OROPEZA";"CAPITAL (SUCRE)";"-18.9527";"-65.128311";"CONVENIO";"RURAL";"157";"LA PALMA";"RURAL";"exacta"
"60480055";"LA PALCA";"010103";"CHUQUISACA";"OROPEZA";"POROMA";"-18.769775";"-65.336135";"CONVENIO";"RURAL";"7";"LA PALCA";"RURAL";"exacta"
"80420029";"LA PALCA GRANDE";"010701";"CHUQUISACA";"NOR CINTI";"CAMARGO";"-20.74567";"-65.238421";"FISCAL";"RURAL";"20";"LA PALCA";"RURAL";"exacta"
"70470012";"LA MURALLA";"010202";"CHUQUISACA";"AZURDUY";"TARVITA (VILLA ORIAS)";"-19.694471";"-64.533776";"FISCAL";"RURAL";"26";"LA MURALLA";"RURAL";"exacta"
"80430021";"LA MENDOZA";"010602";"CHUQUISACA";"YAMPARAEZ";"YAMPARAEZ";"-19.350599";"-64.96035";"FISCAL";"RURAL";"18";"LA MENDOZA";"RURAL";"ambigua"
"80430077";"MAUK'A WASI";"010601";"CHUQUISACA";"YAMPARAEZ";"TARABUCO";"-19.316799";"-64.95443";"FISCAL";"RURAL";"24";"LA MENDOZA";"RURAL";"sin coincidencia"
"70440042";"SAUSALITO";"010502";"CHUQUISACA";"HERNANDO SILES";"SAN PABLO DE HUACARETA";"-20.1255";"-63.976162";"FISCAL";"RURAL";"5";"LA LIMA";"RURAL";"exacta"
"70440014";"LAS JUNTAS";"010502";"CHUQUISACA";"HERNANDO SILES";"SAN PABLO DE HUACARETA";"-20.648701";"-64.183472";"FISCAL";"RURAL";"3";"LA JUNTAS";"RURAL";"exacta"
"60460008";"SILVERIO CHOQUE TORRES";"010303";"CHUQUISACA";"ZUDAÑEZ";"VILLA MOJOCOYA";"-18.611769";"-64.830005";"FISCAL";"RURAL";"16";"LA JOYA";"RURAL";"exacta"
"60420023";"LA HOYADA";"010704";"CHUQUISACA";"NOR CINTI";"VILLA CHARCAS";"-20.562594";"-64.71978";"FISCAL";"RURAL";"29";"LA HOYADA";"RURAL";"exacta"
"80470009";"LA HOYADA";"010201";"CHUQUISACA";"AZURDUY";"VILLA AZURDUY";"-20.448989";"-64.357973";"FISCAL";"RURAL";"27";"LA HOYADA";"RURAL";"exacta"
"80450016";"PADRE JOSE BARBERO";"010401";"CHUQUISACA";"TOMINA";"PADILLA";"-19.446558";"-64.196681";"FISCAL";"RURAL";"5";"LA FAJCHA";"RURAL";"exacta"
"80450060";"SAN ISIDRO";"010401";"CHUQUISACA";"TOMINA";"PADILLA";"-19.434402";"-64.179971";"FISCAL";"RURAL";"5";"LA FAJCHA";"RURAL";"exacta"
"80450015";"2 DE ABRIL";"010401";"CHUQUISACA";"TOMINA";"PADILLA";"-19.2197";"-64.29998";"FISCAL";"RURAL";"26";"LA CIENEGA";"RURAL";"exacta"
"80440008";"LA CAPILLA";"010501";"CHUQUISACA";"HERNANDO SILES";"MONTEAGUDO";"-20.1628";"-64.09053";"FISCAL";"RURAL";"4";"LA CAPILLA";"RURAL";"exacta"
"70480010";"LA CALERA";"010102";"CHUQUISACA";"OROPEZA";"YOTALA";"-19.2302";"-65.319542";"FISCAL";"RURAL";"3";"LA CALERA";"RURAL";"ambigua"
"80450049";"TOMAS KATARI";"010401";"CHUQUISACA";"TOMINA";"PADILLA";"-19.41384";"-64.133582";"FISCAL";"RURAL";"6";"LA BELLEZA";"RURAL";"exacta"
"80480112";"LA BARRANCA";"010101";"CHUQUISACA";"OROPEZA";"CAPITAL (SUCRE)";"-18.976175";"-65.320145";"FISCAL";"RURAL";"400";"LA BARRANCA";"RURAL";"exacta"
"70400025";"LA BANDA";"010902";"CHUQUISACA";"SUD CINTI";"CULPINA";"-20.8312";"-64.966446";"FISCAL";"RURAL";"68";"LA BANDA";"RURAL";"exacta"
"60420022";"LA AGUADA";"010703";"CHUQUISACA";"NOR CINTI";"INCAHUASI";"-20.543908";"-64.611829";"FISCAL";"RURAL";"29";"LA AGUADA";"RURAL";"exacta"
"60460007";"JAIME MENDOZA";"010303";"CHUQUISACA";"ZUDAÑEZ";"VILLA MOJOCOYA";"-18.8717";"-64.510506";"FISCAL";"RURAL";"21";"LA ABRA";"RURAL";"exacta"
"80400008";"LA ABRA";"010901";"CHUQUISACA";"SUD CINTI";"CAMATAQUI (VILLA ABECIA)";"-20.913799";"-65.292068";"FISCAL";"RURAL";"4";"LA ABRA";"RURAL";"exacta"
"70450006";"KURI";"010402";"CHUQUISACA";"TOMINA";"TOMINA";"-19.241699";"-64.573593";"FISCAL";"RURAL";"37";"KURI";"RURAL";"exacta"
"70420040";"KUMUNI";"010702";"CHUQUISACA";"NOR CINTI";"SAN LUCAS";"-20.201209";"-65.153325";"CONVENIO";"RURAL";"7";"KUMUNI";"RURAL";"exacta"
"80480140";"1RO. DE MAYO";"010101";"CHUQUISACA";"OROPEZA";"CAPITAL (SUCRE)";"-18.925922";"-65.242905";"FISCAL";"RURAL";"7";"KULLKU TAMBO";"RURAL";"exacta"
"80480262";"9 DE MARZO";"010101";"CHUQUISACA";"OROPEZA";"CAPITAL (SUCRE)";"-18.991699";"-65.326332";"FISCAL";"RURAL";"707";"KUCHU TAMBO";"URBANO";"area"
"70430005";"KOTA";"010602";"CHUQUISACA";"YAMPARAEZ";"YAMPARAEZ";"-19.2363";"-65.033279";"FISCAL";"RURAL";"9";"KOTA";"RURAL";"exacta"
"80480047";"JOSE MARIANO SERRANO B";"010101";"CHUQUISACA";"OROPEZA";"CAPITAL (SUCRE)";"-18.830104";"-65.203746";"FISCAL";"RURAL";"597";"KORI PUNCU";"RURAL";"exacta"
"80480233";"QORI PUNCU";"010101";"CHUQUISACA";"OROPEZA";"CAPITAL (SUCRE)";"-18.830104";"-65.203746";"CONVENIO";"RURAL";"18";"KORI PUNCU";"RURAL";"exacta"
"50460011";"QULLPA PAMPA";"010304";"CHUQUISACA";"ZUDAÑEZ";"ICLA";"-19.296588";"-64.826471";"FISCAL";"RURAL";"21";"KOLLPA PAMPA";"RURAL";"exacta"
"80470003";"KOLLPAMAYU";"010201";"CHUQUISACA";"AZURDUY";"VILLA AZURDUY";"-20.0884";"-64.517982";"FISCAL";"RURAL";"121";"KOLLPA MAYU";"RURAL";"exacta"
"80430039";"QULLAKAMANI";"010601";"CHUQUISACA";"YAMPARAEZ";"TARABUCO";"-19.2528";"-64.902428";"FISCAL";"RURAL";"4";"KOLLACAMANI";"RURAL";"exacta"
"80480158";"TAEPO";"010101";"CHUQUISACA";"OROPEZA";"CAPITAL (SUCRE)";"-19.133101";"-65.205719";"FISCAL";"RURAL";"87";"KHOCHIS";"RURAL";"ambigua"
"80480159";"ELIZARDO PEREZ";"010101";"CHUQUISACA";"OROPEZA";"CAPITAL (SUCRE)";"-19.133101";"-65.205719";"FISCAL";"RURAL";"69";"KHOCHIS";"RURAL";"ambigua"
"80450014";"JUAN DE DIOS QUIROGA RUIZ";"010401";"CHUQUISACA";"TOMINA";"PADILLA";"-19.260579";"-64.240338";"FISCAL";"RURAL";"5";"KHAKAHUASI";"RURAL";"exacta"
"70420041";"KELLU KELLU";"010702";"CHUQUISACA";"NOR CINTI";"SAN LUCAS";"-20.138996";"-65.060705";"CONVENIO";"RURAL";"6";"KELLU KELLU";"RURAL";"exacta"
"70450007";"KAWASIRI";"010402";"CHUQUISACA";"TOMINA";"TOMINA";"-19.144199";"-64.413132";"FISCAL";"RURAL";"10";"KAWASIRI";"RURAL";"exacta"
"70470009";"KATARI PAMPA";"010202";"CHUQUISACA";"AZURDUY";"TARVITA (VILLA ORIAS)";"-19.793202";"-64.474998";"FISCAL";"RURAL";"8";"KATARI PAMPA";"RURAL";"exacta"
"80400015";"TARCANA";"010901";"CHUQUISACA";"SUD CINTI";"CAMATAQUI (VILLA ABECIA)";"-21.117439";"-65.261447";"FISCAL";"RURAL";"6";"KASPICANCHA";"RURAL";"sin coincidencia"
"40450006";"KASPICANCHA";"010404";"CHUQUISACA";"TOMINA";"VILLA ALCALA";"-19.441188";"-64.369481";"FISCAL";"RURAL";"6";"KASPI CANCHA";"RURAL";"exacta"
"80390037";"PENTIRENDA";"011001";"CHUQUISACA";"LUIS CALVO";"VILLA VACA GUZMAN (MUYUPAMPA)";"-20.650499";"-63.760395";"FISCAL";"RURAL";"28";"KARATINDY";"RURAL";"exacta"
"80390015";"KARATINDI";"011001";"CHUQUISACA";"LUIS CALVO";"VILLA VACA GUZMAN (MUYUPAMPA)";"-20.6505";"-63.76051";"FISCAL";"RURAL";"84";"KARATINDY";"RURAL";"exacta"
"50460022";"SIMON BOLIVAR";"010304";"CHUQUISACA";"ZUDAÑEZ";"ICLA";"-19.3409";"-64.748825";"FISCAL";"RURAL";"15";"KARALLANTAYOJ";"RURAL";"exacta"
"50460029";"SANTA BARBARA";"010304";"CHUQUISACA";"ZUDAÑEZ";"ICLA";"-19.341012";"-64.74874";"FISCAL";"RURAL";"4";"KARALLANTAYOJ";"RURAL";"exacta"
"40450005";"KARACHI MAYU";"010405";"CHUQUISACA";"TOMINA";"EL VILLAR";"-19.7171";"-64.198376";"FISCAL";"RURAL";"44";"KARACHIMAYU";"RURAL";"exacta"
"70430008";"KACHUQUIRA";"010602";"CHUQUISACA";"YAMPARAEZ";"YAMPARAEZ";"-19.147499";"-65.017677";"FISCAL";"RURAL";"6";"KACHUQUIRA";"RURAL";"exacta"
"80480107";"KACHA KACHA";"010101";"CHUQUISACA";"OROPEZA";"CAPITAL (SUCRE)";"-18.891856";"-65.177196";"CONVENIO";"RURAL";"84";"KACHA KACHA";"RURAL";"ambigua"
"80430014";"JUMBATE";"010601";"CHUQUISACA";"YAMPARAEZ";"TARABUCO";"-19.162901";"-64.948112";"FISCAL";"RURAL";"10";"JUMBATE";"RURAL";"exacta"
"70460026";"LA JOYA EL CHARAL";"010302";"CHUQUISACA";"ZUDAÑEZ";"PRESTO";"-18.614201";"-64.832672";"FISCAL";"RURAL";"14";"JOYA CHARAL";"RURAL";"exacta"
"60420021";"JOLENCIA";"010703";"CHUQUISACA";"NOR CINTI";"INCAHUASI";"-20.71498";"-64.863266";"FISCAL";"RURAL";"151";"JOLENCIA";"RURAL";"ambigua"
"80430012";"JAUJA ESMERALDA";"010601";"CHUQUISACA";"YAMPARAEZ";"TARABUCO";"-19.051759";"-64.805415";"FISCAL";"RURAL";"10";"JAUJA ESMERALDA";"RURAL";"exacta"
"50460005";"JATUN WASI";"010304";"CHUQUISACA";"ZUDAÑEZ";"ICLA";"-19.4944";"-64.723106";"FISCAL";"RURAL";"9";"JATUN WASI";"RURAL";"exacta"
"80430018";"JUAN CARRILLO";"010601";"CHUQUISACA";"YAMPARAEZ";"TARABUCO";"-19.096001";"-64.949936";"FISCAL";"RURAL";"5";"JATUN QUINCHANI";"RURAL";"exacta"
"70420038";"JATUN PAMPA";"010702";"CHUQUISACA";"NOR CINTI";"SAN LUCAS";"-20.3402";"-64.798119";"FISCAL";"RURAL";"127";"JATUN PAMPA";"RURAL";"exacta"
"50460018";"JATUN MAYU";"010304";"CHUQUISACA";"ZUDAÑEZ";"ICLA";"-19.406401";"-64.724213";"FISCAL";"RURAL";"43";"JATUN MAYU";"RURAL";"ambigua"
"70430025";"JATUN QHACA";"010602";"CHUQUISACA";"YAMPARAEZ";"YAMPARAEZ";"-19.288601";"-65.003799";"FISCAL";"RURAL";"33";"JATUN KHAKHA";"RURAL";"exacta"
"80420018";"JATUN KINRAY";"010701";"CHUQUISACA";"NOR CINTI";"CAMARGO";"-20.538377";"-64.953715";"FISCAL";"RURAL";"15";"JATUN HUASI";"RURAL";"exacta"
"80430002";"JATUN CHURIKANA";"010601";"CHUQUISACA";"YAMPARAEZ";"TARABUCO";"-19.2913";"-64.885757";"FISCAL";"RURAL";"21";"JATUN CHURICANA";"RURAL";"exacta"
"70420037";"JATUN CANCHA";"010702";"CHUQUISACA";"NOR CINTI";"SAN LUCAS";"-20.0625";"-64.643585";"FISCAL";"RURAL";"16";"JATUN CANCHA";"RURAL";"exacta"
"70420036";"JARCA MAYU";"010702";"CHUQUISACA";"NOR CINTI";"SAN LUCAS";"-19.957659";"-64.838133";"CONVENIO";"RURAL";"19";"JARKA MAYU";"RURAL";"exacta"
"70420035";"JAPO";"010702";"CHUQUISACA";"NOR CINTI";"SAN LUCAS";"-20.096399";"-64.771118";"CONVENIO";"RURAL";"18";"JAPO";"RURAL";"exacta"
"70420034";"JANQUYU";"010702";"CHUQUISACA";"NOR CINTI";"SAN LUCAS";"-19.974701";"-65.212082";"CONVENIO";"RURAL";"19";"JANKOYO";"RURAL";"exacta"
"80400007";"JAILIA";"010901";"CHUQUISACA";"SUD CINTI";"CAMATAQUI (VILLA ABECIA)";"-20.930401";"-65.270416";"FISCAL";"RURAL";"13";"JAILIA";"RURAL";"exacta"
"80410057";"GERMAN LIMBER OJEDA MEDINA";"010801";"CHUQUISACA";"BELISARIO BOETO";"VILLA SERRANO";"-18.718727";"-64.322419";"FISCAL";"RURAL";"5";"JAHUE";"RURAL";"ambigua"
"60390005";"25 DE MAYO";"011003";"CHUQUISACA";"LUIS CALVO";"MACHARETI";"-20.452101";"-63.423992";"FISCAL";"RURAL";"165";"IVO";"RURAL";"ambigua"
"80450013";"INDALECIO LEON";"010401";"CHUQUISACA";"TOMINA";"PADILLA";"-19.536501";"-63.980442";"FISCAL";"RURAL";"8";"IVICUITE";"RURAL";"exacta"
"80390014";"ITY";"011001";"CHUQUISACA";"LUIS CALVO";"VILLA VACA GUZMAN (MUYUPAMPA)";"-19.592899";"-63.763397";"FISCAL";"RURAL";"94";"ITY";"RURAL";"exacta"
"80390013";"ITAPOCHI";"011001";"CHUQUISACA";"LUIS CALVO";"VILLA VACA GUZMAN (MUYUPAMPA)";"-19.0805";"-63.903793";"FISCAL";"RURAL";"5";"ITAPOCHI";"RURAL";"exacta"
"70440012";"ITAPO";"010502";"CHUQUISACA";"HERNANDO SILES";"SAN PABLO DE HUACARETA";"-20.4135";"-64.01088";"FISCAL";"RURAL";"12";"ITAPO";"RURAL";"exacta"
"80440024";"ITAPENTI";"010501";"CHUQUISACA";"HERNANDO SILES";"MONTEAGUDO";"-20.1777";"-63.832722";"FISCAL";"RURAL";"14";"ITAPENTI";"RURAL";"exacta"
"80390012";"ITAU";"011001";"CHUQUISACA";"LUIS CALVO";"VILLA VACA GUZMAN (MUYUPAMPA)";"-20.2777";"-63.76329";"FISCAL";"RURAL";"43";"ITAO";"RURAL";"exacta"
"70440011";"ITACARAY";"010502";"CHUQUISACA";"HERNANDO SILES";"SAN PABLO DE HUACARETA";"-20.705626";"-63.91432";"FISCAL";"RURAL";"6";"ITACARAY";"RURAL";"exacta"
"60390021";"TAMANIGUATI";"011003";"CHUQUISACA";"LUIS CALVO";"MACHARETI";"-20.609269";"-63.319778";"FISCAL";"RURAL";"115";"ISIPOTINDI";"RURAL";"exacta"
"80390011";"IRIPITI";"011001";"CHUQUISACA";"LUIS CALVO";"VILLA VACA GUZMAN (MUYUPAMPA)";"-19.2914";"-63.754579";"FISCAL";"RURAL";"3";"IRIPITY";"RURAL";"exacta"
"60390014";"YAPI";"011003";"CHUQUISACA";"LUIS CALVO";"MACHARETI";"-20.5648";"-63.402153";"FISCAL";"RURAL";"6";"IPATI";"RURAL";"exacta"
"60390015";"BAUTISTA JURADO HOYOS IPATI DE IVO";"011003";"CHUQUISACA";"LUIS CALVO";"MACHARETI";"-20.5434";"-63.402122";"FISCAL";"RURAL";"24";"IPATI";"RURAL";"exacta"
"70440036";"INTI";"010502";"CHUQUISACA";"HERNANDO SILES";"SAN PABLO DE HUACARETA";"-20.8367";"-64.053581";"FISCAL";"RURAL";"11";"INTI";"RURAL";"exacta"
"70440045";"ITAKISE";"010502";"CHUQUISACA";"HERNANDO SILES";"SAN PABLO DE HUACARETA";"-20.837551";"-64.050856";"FISCAL";"RURAL";"15";"INTI";"RURAL";"exacta"
"80440023";"INGAVI";"010501";"CHUQUISACA";"HERNANDO SILES";"MONTEAGUDO";"-20.219101";"-64.085548";"FISCAL";"RURAL";"71";"INGAVI";"RURAL";"ambigua"
"60420020";"EDUARDO ABAROA";"010703";"CHUQUISACA";"NOR CINTI";"INCAHUASI";"-20.7806";"-64.86776";"FISCAL";"RURAL";"308";"INCAHUASI";"URBANO";"exacta"
"60420065";"NACIONAL JUNIN";"010703";"CHUQUISACA";"NOR CINTI";"INCAHUASI";"-20.779743";"-64.8659";"FISCAL";"RURAL";"319";"INCAHUASI";"URBANO";"exacta"
"70470008";"INCA PAMPA";"010202";"CHUQUISACA";"AZURDUY";"TARVITA (VILLA ORIAS)";"-19.710531";"-64.665543";"FISCAL";"RURAL";"53";"INCA PAMPA";"RURAL";"ambigua"
"60400010";"IMPORA";"010903";"CHUQUISACA";"SUD CINTI";"LAS CARRERAS";"-21.362828";"-65.27783";"FISCAL";"RURAL";"6";"IMPORA";"RURAL";"ambigua"
"80480106";"IMILLA WAÑUSCA";"010101";"CHUQUISACA";"OROPEZA";"CAPITAL (SUCRE)";"-18.646807";"-65.180199";"CONVENIO";"RURAL";"20";"IMILLA HUAÑUSKA";"RURAL";"exacta"
"70390021";"IMBOCHI";"011002";"CHUQUISACA";"LUIS CALVO";"VILLA DE HUACAYA";"-20.526247";"-63.538994";"FISCAL";"RURAL";"19";"IMBOCHI";"RURAL";"exacta"
"80390010";"IGUEMBE";"011001";"CHUQUISACA";"LUIS CALVO";"VILLA VACA GUZMAN (MUYUPAMPA)";"-20.552642";"-63.750149";"FISCAL";"RURAL";"146";"IGUEMBE";"RURAL";"exacta"
"50460004";"ANTONIO JOSE DE SUCRE";"010304";"CHUQUISACA";"ZUDAÑEZ";"ICLA";"-19.364201";"-64.793198";"FISCAL";"RURAL";"188";"ICLA";"RURAL";"exacta"
"70450005";"ICHU PAMPA";"010402";"CHUQUISACA";"TOMINA";"TOMINA";"-19.24165";"-64.494982";"FISCAL";"RURAL";"16";"ICHUPAMPA";"RURAL";"exacta"
"80430007";"ICHU PAMPA";"010601";"CHUQUISACA";"YAMPARAEZ";"TARABUCO";"-19.1766";"-64.984924";"FISCAL";"RURAL";"16";"ICHUPAMPA";"RURAL";"exacta"
"60400001";"JUTURI";"010903";"CHUQUISACA";"SUD CINTI";"LAS CARRERAS";"-21.302529";"-65.292276";"FISCAL";"RURAL";"5";"HUTURI";"RURAL";"ambigua"
"80430067";"HUMA WALSU";"010601";"CHUQUISACA";"YAMPARAEZ";"TARABUCO";"-19.063299";"-64.983444";"FISCAL";"RURAL";"16";"HUMA HUALSO";"RURAL";"exacta"
"70440034";"HUIRASAY";"010502";"CHUQUISACA";"HERNANDO SILES";"SAN PABLO DE HUACARETA";"-20.6199";"-63.992126";"FISCAL";"RURAL";"117";"HUIRASAY";"RURAL";"exacta"
"80410008";"ANTONIO TOVAR";"010801";"CHUQUISACA";"BELISARIO BOETO";"VILLA SERRANO";"-19.148373";"-64.321531";"FISCAL";"RURAL";"14";"HUERTA MAYU";"RURAL";"exacta"
"80450040";"PEDRO CALIZAYA";"010401";"CHUQUISACA";"TOMINA";"PADILLA";"-19.4258";"-64.143997";"FISCAL";"RURAL";"34";"HUAYRAHUASI";"RURAL";"exacta"
"70420032";"HUAYLLAVI";"010702";"CHUQUISACA";"NOR CINTI";"SAN LUCAS";"-20.0874";"-64.858543";"CONVENIO";"RURAL";"23";"HUAYLLAVI";"RURAL";"exacta"
"70480025";"JOSE MARIANO SERRANO DE HUAYLLAS";"010102";"CHUQUISACA";"OROPEZA";"YOTALA";"-19.1703";"-65.326088";"FISCAL";"RURAL";"3";"HUAYLLAS";"RURAL";"ambigua"
"70420031";"HUAYLLANI";"010702";"CHUQUISACA";"NOR CINTI";"SAN LUCAS";"-20.361976";"-64.937078";"FISCAL";"RURAL";"126";"HUAYLLANI CHICO";"RURAL";"ambigua"
"70460004";"HUAYLLA PAMPA BAJA";"010302";"CHUQUISACA";"ZUDAÑEZ";"PRESTO";"-18.8619";"-64.947182";"FISCAL";"RURAL";"3";"HUAYLLA PAMPA BAJA";"RURAL";"exacta"
"40450027";"GARZAS CHICA";"010404";"CHUQUISACA";"TOMINA";"VILLA ALCALA";"-19.346308";"-64.352556";"FISCAL";"RURAL";"6";"HUASA PAMPA";"RURAL";"exacta"
"70430022";"ANA LEON";"010602";"CHUQUISACA";"YAMPARAEZ";"YAMPARAEZ";"-19.1779";"-65.041405";"FISCAL";"RURAL";"95";"HUASA CANCHA";"RURAL";"exacta"
"70420033";"HUAÑUMILLA";"010702";"CHUQUISACA";"NOR CINTI";"SAN LUCAS";"-19.948";"-64.747169";"FISCAL";"RURAL";"108";"HUAÑUMILLA";"RURAL";"exacta"
"60420018";"HUANCARANI BAJO";"010704";"CHUQUISACA";"NOR CINTI";"VILLA CHARCAS";"-20.6896";"-64.869385";"FISCAL";"RURAL";"112";"HUANCARANI BAJO";"RURAL";"exacta"
"60420019";"HUANCARANI CENTRO";"010704";"CHUQUISACA";"NOR CINTI";"VILLA CHARCAS";"-20.681601";"-64.870361";"FISCAL";"RURAL";"31";"HUANCARANI BAJO";"RURAL";"exacta"
"60420017";"HUANCARANI ALTO";"010704";"CHUQUISACA";"NOR CINTI";"VILLA CHARCAS";"-20.619101";"-64.877991";"FISCAL";"RURAL";"170";"HUANCARANI ALTO";"RURAL";"exacta"
"40450012";"MULACANCHA";"010404";"CHUQUISACA";"TOMINA";"VILLA ALCALA";"-19.350092";"-64.424302";"FISCAL";"RURAL";"16";"HUANCA PAMPA";"RURAL";"exacta"
"80480155";"WANKA PAMPA";"010101";"CHUQUISACA";"OROPEZA";"CAPITAL (SUCRE)";"-19.054158";"-65.105352";"CONVENIO";"RURAL";"5";"HUANCA PAMPA";"RURAL";"exacta"
"60420016";"HUAJLAYA";"010703";"CHUQUISACA";"NOR CINTI";"INCAHUASI";"-20.599631";"-64.542516";"FISCAL";"RURAL";"162";"HUAJLAYA";"RURAL";"ambigua"
"70470035";"WACHACA";"010202";"CHUQUISACA";"AZURDUY";"TARVITA (VILLA ORIAS)";"-19.626775";"-64.519539";"FISCAL";"RURAL";"23";"HUACHACA";"RURAL";"exacta"
"70390009";"SAN ANTONIO DE HUACAYA";"011002";"CHUQUISACA";"LUIS CALVO";"VILLA DE HUACAYA";"-20.744375";"-63.665324";"FISCAL";"RURAL";"149";"HUACAYA";"RURAL";"ambigua"
"70440027";"AMISTAD A";"010502";"CHUQUISACA";"HERNANDO SILES";"SAN PABLO DE HUACARETA";"-20.365801";"-64.004173";"FISCAL";"RURAL";"208";"HUACARETA";"URBANO";"exacta"
"70440028";"AMISTAD B";"010502";"CHUQUISACA";"HERNANDO SILES";"SAN PABLO DE HUACARETA";"-20.365";"-64.003647";"FISCAL";"RURAL";"280";"HUACARETA";"URBANO";"exacta"
"70460018";"TRANCAS HORNO Q'ASA";"010302";"CHUQUISACA";"ZUDAÑEZ";"PRESTO";"-18.841014";"-64.903176";"FISCAL";"RURAL";"12";"HORNO Q'ASA";"RURAL";"exacta"
"80470006";"HORCAS";"010201";"CHUQUISACA";"AZURDUY";"VILLA AZURDUY";"-20.322604";"-64.518095";"FISCAL";"RURAL";"15";"HORCAS";"RURAL";"exacta"
"80400006";"DANIEL SANCHEZ BUSTAMANTE";"010901";"CHUQUISACA";"SUD CINTI";"CAMATAQUI (VILLA ABECIA)";"-21.066615";"-65.277985";"FISCAL";"RURAL";"15";"HIGUERAYOC";"RURAL";"exacta"
"80420015";"HIGUERA HUAYCO";"010701";"CHUQUISACA";"NOR CINTI";"CAMARGO";"-20.79934";"-65.222016";"FISCAL";"RURAL";"6";"HIGUERA HUAYCO";"RURAL";"exacta"
"80430006";"HIGUERA CHILLCA";"010601";"CHUQUISACA";"YAMPARAEZ";"TARABUCO";"-19.2194";"-64.979599";"FISCAL";"RURAL";"14";"HIGUERA CHILLCA";"RURAL";"exacta"
"80440082";"YERBA PAMPA";"010501";"CHUQUISACA";"HERNANDO SILES";"MONTEAGUDO";"-20.251991";"-64.234064";"FISCAL";"RURAL";"5";"HIERBA PAMPA";"RURAL";"exacta"
"80440032";"PAMPA HEREDIA";"010501";"CHUQUISACA";"HERNANDO SILES";"MONTEAGUDO";"-19.803101";"-64.060501";"FISCAL";"RURAL";"10";"HEREDIA";"RURAL";"exacta"
"50460024";"GUITARRANI";"010202";"CHUQUISACA";"AZURDUY";"TARVITA (VILLA ORIAS)";"-19.5994";"-64.70575";"FISCAL";"RURAL";"38";"GUITARRANI";"RURAL";"sin coincidencia"
"70390010";"GUIRAITATI";"011002";"CHUQUISACA";"LUIS CALVO";"VILLA DE HUACAYA";"-20.621904";"-63.647853";"FISCAL";"RURAL";"2";"GUIRAITATY";"RURAL";"exacta"
"70450004";"GUERRA MAYU";"010402";"CHUQUISACA";"TOMINA";"TOMINA";"-19.2029";"-64.404152";"FISCAL";"RURAL";"7";"GUERRA MAYU";"RURAL";"exacta"
"70440008";"GUAYABILLAR";"010502";"CHUQUISACA";"HERNANDO SILES";"SAN PABLO DE HUACARETA";"-20.3386";"-64.010208";"FISCAL";"RURAL";"13";"GUAYABILLAR";"RURAL";"exacta"
"60390020";"GUARI";"011003";"CHUQUISACA";"LUIS CALVO";"MACHARETI";"-20.4548";"-63.410114";"FISCAL";"RURAL";"6";"GUARI";"RURAL";"exacta"
"80480103";"GUADALUPE";"010101";"CHUQUISACA";"OROPEZA";"CAPITAL (SUCRE)";"-18.852718";"-65.244354";"CONVENIO";"RURAL";"7";"GUADALUPE";"RURAL";"exacta"
"70470006";"GRANIZOS";"010202";"CHUQUISACA";"AZURDUY";"TARVITA (VILLA ORIAS)";"-19.724518";"-64.611485";"FISCAL";"RURAL";"19";"GRANISOS";"RURAL";"exacta"
"70450003";"FUERTE RUA";"010402";"CHUQUISACA";"TOMINA";"TOMINA";"-19.263933";"-64.523268";"FISCAL";"RURAL";"54";"FUERTE RUA";"RURAL";"exacta"
"80450020";"JOSE LUIS CARVAJAL";"010401";"CHUQUISACA";"TOMINA";"PADILLA";"-19.340918";"-64.17514";"FISCAL";"RURAL";"10";"FUERTE PAMPA";"RURAL";"exacta"
"80430004";"FICHUYUJ";"010601";"CHUQUISACA";"YAMPARAEZ";"TARABUCO";"-19.023001";"-64.975845";"FISCAL";"RURAL";"8";"FICHUYOJ";"RURAL";"exacta"
"80440021";"FERNANDEZ";"010501";"CHUQUISACA";"HERNANDO SILES";"MONTEAGUDO";"-20.0769";"-64.218803";"FISCAL";"RURAL";"9";"FERNANDEZ";"RURAL";"exacta"
"70430006";"GERARDO RIOS MURILLO";"010602";"CHUQUISACA";"YAMPARAEZ";"YAMPARAEZ";"-19.2556";"-65.073456";"FISCAL";"RURAL";"77";"ESCANA";"RURAL";"ambigua"
"70420029";"ENTRE RIOS";"010702";"CHUQUISACA";"NOR CINTI";"SAN LUCAS";"-20.084";"-65.011818";"CONVENIO";"RURAL";"11";"ENTRE RIOS";"RURAL";"exacta"
"80390009";"ENTIERRILLOS";"011001";"CHUQUISACA";"LUIS CALVO";"VILLA VACA GUZMAN (MUYUPAMPA)";"-19.517789";"-63.871505";"FISCAL";"RURAL";"9";"ENTIERRILLOS";"RURAL";"exacta"
"60390004";"EL VINAL";"011003";"CHUQUISACA";"LUIS CALVO";"MACHARETI";"-20.7045";"-63.105961";"FISCAL";"RURAL";"27";"EL VINAL";"RURAL";"exacta"
"40450028";"EDUARDO ABAROA";"010405";"CHUQUISACA";"TOMINA";"EL VILLAR";"-19.6301";"-64.310661";"FISCAL";"RURAL";"126";"EL VILLAR";"RURAL";"exacta"
"40450001";"MANUEL ASCENCIO PADILLA";"010405";"CHUQUISACA";"TOMINA";"EL VILLAR";"-19.630144";"-64.311136";"FISCAL";"RURAL";"107";"EL VILLAR";"RURAL";"exacta"
"60420064";"EL VERANO";"010703";"CHUQUISACA";"NOR CINTI";"INCAHUASI";"-20.562277";"-64.666767";"FISCAL";"RURAL";"8";"EL VERANO";"RURAL";"exacta"
"70420028";"EL TERRADO";"010702";"CHUQUISACA";"NOR CINTI";"SAN LUCAS";"-20.3936";"-64.986031";"FISCAL";"RURAL";"19";"EL TERADO";"RURAL";"exacta"
"80450010";"ADRIAN MOYA TAPIA";"010401";"CHUQUISACA";"TOMINA";"PADILLA";"-19.332546";"-64.141983";"FISCAL";"RURAL";"33";"EL TABACAL";"RURAL";"exacta"
"70470005";"EL SALTO";"010202";"CHUQUISACA";"AZURDUY";"TARVITA (VILLA ORIAS)";"-19.853475";"-64.489695";"FISCAL";"RURAL";"35";"EL SALTO";"RURAL";"ambigua"
"80450009";"TELEMINA BARJA";"010401";"CHUQUISACA";"TOMINA";"PADILLA";"-19.472521";"-64.186311";"FISCAL";"RURAL";"16";"EL ROSAL";"RURAL";"exacta"
"70420027";"EL RODEO";"010702";"CHUQUISACA";"NOR CINTI";"SAN LUCAS";"-20.400499";"-64.931206";"FISCAL";"RURAL";"10";"EL RODEO";"RURAL";"exacta"
"80440040";"EL RODEO";"010501";"CHUQUISACA";"HERNANDO SILES";"MONTEAGUDO";"-20.1637";"-64.235268";"FISCAL";"RURAL";"80";"EL RODEO";"RURAL";"ambigua"
"60420015";"MARCELO QUIROGA SANTA CRUZ";"010703";"CHUQUISACA";"NOR CINTI";"INCAHUASI";"-20.569907";"-64.598413";"FISCAL";"RURAL";"120";"EL QUEMADO";"RURAL";"exacta"
"80440086";"EL PUENTE";"010501";"CHUQUISACA";"HERNANDO SILES";"MONTEAGUDO";"-19.821199";"-64.129478";"FISCAL";"RURAL";"8";"EL PUENTE";"RURAL";"exacta"
"70460003";"EL PERAL";"010302";"CHUQUISACA";"ZUDAÑEZ";"PRESTO";"-18.956752";"-64.901633";"FISCAL";"RURAL";"19";"EL PERAL";"RURAL";"ambigua"
"70400019";"EL PALMAR";"010902";"CHUQUISACA";"SUD CINTI";"CULPINA";"-20.851999";"-64.317513";"FISCAL";"RURAL";"177";"EL PALMAR";"RURAL";"ambigua"
"70460019";"EL PALMAR";"010302";"CHUQUISACA";"ZUDAÑEZ";"PRESTO";"-18.694147";"-64.918971";"FISCAL";"RURAL";"43";"EL PALMAR";"RURAL";"exacta"
"80410006";"RENE ECHAVARRIA CARDOZO";"010801";"CHUQUISACA";"BELISARIO BOETO";"VILLA SERRANO";"-18.796887";"-64.30841";"FISCAL";"RURAL";"27";"EL ORO";"RURAL";"exacta"
"60420014";"EL FUERTE";"010703";"CHUQUISACA";"NOR CINTI";"INCAHUASI";"-20.449819";"-64.568603";"FISCAL";"RURAL";"69";"EL FUERTE";"RURAL";"exacta"
"40450004";"EL DORADO";"010405";"CHUQUISACA";"TOMINA";"EL VILLAR";"-19.790494";"-64.329062";"FISCAL";"RURAL";"193";"EL DORADO";"RURAL";"exacta"
"80420041";"THOTA";"010701";"CHUQUISACA";"NOR CINTI";"CAMARGO";"-20.636089";"-65.248849";"CONVENIO";"RURAL";"9";"EL CHURO DE LAS FLORES";"RURAL";"exacta"
"80420010";"CUEVA PAMPA";"010701";"CHUQUISACA";"NOR CINTI";"CAMARGO";"-20.631869";"-65.131206";"FISCAL";"RURAL";"21";"EL CHURO";"RURAL";"exacta"
"80420011";"EL CHURO";"010701";"CHUQUISACA";"NOR CINTI";"CAMARGO";"-20.632205";"-65.131308";"FISCAL";"RURAL";"7";"EL CHURO";"RURAL";"exacta"
"70470004";"EL CHACO";"010202";"CHUQUISACA";"AZURDUY";"TARVITA (VILLA ORIAS)";"-19.855019";"-64.642952";"FISCAL";"RURAL";"18";"EL CHACO";"RURAL";"exacta"
"80480116";"LUIS ESPINAL";"010101";"CHUQUISACA";"OROPEZA";"CAPITAL (SUCRE)";"-18.896262";"-65.110688";"CONVENIO";"RURAL";"309";"EL CHACO";"RURAL";"ambigua"
"80450006";"DOMINGO SALAZAR";"010401";"CHUQUISACA";"TOMINA";"PADILLA";"-19.5163";"-64.211197";"FISCAL";"RURAL";"4";"EL CERRO";"RURAL";"exacta"
"80430003";"EL CARMEN";"010601";"CHUQUISACA";"YAMPARAEZ";"TARABUCO";"-19.0662";"-64.996979";"FISCAL";"RURAL";"17";"EL CARMEN";"RURAL";"exacta"
"80440085";"EL BAÑADO B";"010501";"CHUQUISACA";"HERNANDO SILES";"MONTEAGUDO";"-20.359699";"-64.135254";"FISCAL";"RURAL";"4";"EL BAÑADO";"RURAL";"exacta"
"80410010";"MODESTO RIVERA DELGADO";"010801";"CHUQUISACA";"BELISARIO BOETO";"VILLA SERRANO";"-18.855125";"-64.263488";"FISCAL";"RURAL";"3";"EL ABRA- CUSILLO-OCAMPO";"RURAL";"exacta"
"80410005";"17 DE AGOSTO";"010801";"CHUQUISACA";"BELISARIO BOETO";"VILLA SERRANO";"-18.811826";"-64.376248";"FISCAL";"RURAL";"4";"DURAZNAL";"RURAL";"exacta"
"80470005";"DURAZNAL";"010201";"CHUQUISACA";"AZURDUY";"VILLA AZURDUY";"-20.41241";"-64.424701";"FISCAL";"RURAL";"100";"DURAZNAL";"RURAL";"exacta"
"60420013";"DISPUCO";"010704";"CHUQUISACA";"NOR CINTI";"VILLA CHARCAS";"-20.500933";"-64.770209";"FISCAL";"RURAL";"5";"DISPUCO";"RURAL";"exacta"
"80440018";"DESPENZAS";"010501";"CHUQUISACA";"HERNANDO SILES";"MONTEAGUDO";"-20.1103";"-64.09211";"FISCAL";"RURAL";"16";"DESPENZAS";"RURAL";"exacta"
"70420026";"CUTANAZU";"010702";"CHUQUISACA";"NOR CINTI";"SAN LUCAS";"-20.166";"-64.855446";"CONVENIO";"RURAL";"6";"CUTANAZU";"RURAL";"exacta"
"80430019";"CUSI WASI";"010601";"CHUQUISACA";"YAMPARAEZ";"TARABUCO";"-19.117328";"-65.010908";"FISCAL";"RURAL";"15";"CUSI HUASI";"RURAL";"ambigua"
"60460024";"VICTOR VILLAVICENCIO";"010303";"CHUQUISACA";"ZUDAÑEZ";"VILLA MOJOCOYA";"-18.814179";"-64.504346";"FISCAL";"RURAL";"3";"CURIMA";"RURAL";"exacta"
"80440083";"CUMARINDO";"010501";"CHUQUISACA";"HERNANDO SILES";"MONTEAGUDO";"-19.5084";"-63.970654";"FISCAL";"RURAL";"5";"CUMARINDO";"RURAL";"exacta"
"80390007";"LEO SCHWARZ";"011001";"CHUQUISACA";"LUIS CALVO";"VILLA VACA GUZMAN (MUYUPAMPA)";"-19.450199";"-63.84111";"FISCAL";"RURAL";"93";"CUMANDAYTI";"RURAL";"ambigua"
"70400008";"CHARCOMA";"010902";"CHUQUISACA";"SUD CINTI";"CULPINA";"-20.8347";"-64.919037";"FISCAL";"RURAL";"62";"CULPINA";"URBANO";"exacta"
"70400052";"ISIDORO LEYTON IBAÑEZ";"010902";"CHUQUISACA";"SUD CINTI";"CULPINA";"-20.8234";"-64.948204";"FISCAL";"URBANA";"372";"CULPINA";"URBANO";"exacta"
"70400053";"JOSE ANTONIO ZAMPA";"010902";"CHUQUISACA";"SUD CINTI";"CULPINA";"-20.823799";"-64.94442";"FISCAL";"URBANA";"302";"CULPINA";"URBANO";"exacta"
"70400054";"CECILIO GUZMAN DE ROJAS";"010902";"CHUQUISACA";"SUD CINTI";"CULPINA";"-20.8258";"-64.943321";"FISCAL";"URBANA";"216";"CULPINA";"URBANO";"exacta"
"70400059";"12 DE ABRIL";"010902";"CHUQUISACA";"SUD CINTI";"CULPINA";"-20.822701";"-64.945023";"FISCAL";"URBANA";"114";"CULPINA";"URBANO";"exacta"
"80470004";"LAS CUEVAS";"010201";"CHUQUISACA";"AZURDUY";"VILLA AZURDUY";"-20.010582";"-64.434413";"FISCAL";"RURAL";"17";"CUEVAS CAÑADAS";"RURAL";"exacta"
"60390025";"RENE ARTEAGA";"011003";"CHUQUISACA";"LUIS CALVO";"MACHARETI";"-20.950842";"-62.540984";"FISCAL";"RURAL";"21";"CUATRO VIENTOS";"RURAL";"exacta"
"70420025";"CRUZ MAYU";"010702";"CHUQUISACA";"NOR CINTI";"SAN LUCAS";"-20.033932";"-64.870185";"CONVENIO";"RURAL";"10";"CRUZ MAYU";"RURAL";"exacta"
"70470048";"CRUZ MAYU";"010202";"CHUQUISACA";"AZURDUY";"TARVITA (VILLA ORIAS)";"-19.961072";"-64.479826";"FISCAL";"RURAL";"16";"CRUZ MAYU";"RURAL";"exacta"
"80450004";"SAN FRANCISCO MENDOZA";"010401";"CHUQUISACA";"TOMINA";"PADILLA";"-19.3777";"-64.114175";"FISCAL";"RURAL";"5";"CRUZ LOMA";"RURAL";"exacta"
"70470003";"CRUZ KASA";"010202";"CHUQUISACA";"AZURDUY";"TARVITA (VILLA ORIAS)";"-19.872458";"-64.577479";"FISCAL";"RURAL";"13";"CRUZ KASA";"RURAL";"exacta"
"80420058";"JATUN HUASI";"010701";"CHUQUISACA";"NOR CINTI";"CAMARGO";"-20.551815";"-64.918983";"FISCAL";"RURAL";"11";"CRUZ HUASI";"RURAL";"exacta"
"80420060";"CRUZ HUASI";"010701";"CHUQUISACA";"NOR CINTI";"CAMARGO";"-20.526618";"-64.916064";"FISCAL";"RURAL";"9";"CRUZ HUASI";"RURAL";"exacta"
"80440017";"JUANA AZURDUY DE PADILLA";"010501";"CHUQUISACA";"HERNANDO SILES";"MONTEAGUDO";"-20.0184";"-63.984287";"FISCAL";"RURAL";"116";"CRUCE PIRAYMIRI";"RURAL";"ambigua"
"70480037";"DOROTEO HERNANDEZ";"010102";"CHUQUISACA";"OROPEZA";"YOTALA";"-19.1556";"-65.224983";"CONVENIO";"RURAL";"157";"CORTIJO";"RURAL";"ambigua"
"80440016";"CORTADERAL";"010501";"CHUQUISACA";"HERNANDO SILES";"MONTEAGUDO";"-20.284525";"-64.186099";"FISCAL";"RURAL";"5";"CORTADERAL";"RURAL";"exacta"
"70450002";"CORSO";"010402";"CHUQUISACA";"TOMINA";"TOMINA";"-19.146";"-64.496132";"FISCAL";"RURAL";"22";"CORSO";"RURAL";"ambigua"
"70460002";"CORRALON";"010302";"CHUQUISACA";"ZUDAÑEZ";"PRESTO";"-18.816799";"-64.958702";"FISCAL";"RURAL";"26";"CORRALON";"RURAL";"exacta"
"80430013";"JORGE ANIBARRO ZAPATA";"010601";"CHUQUISACA";"YAMPARAEZ";"TARABUCO";"-19.069401";"-64.904434";"FISCAL";"RURAL";"74";"CORORO";"RURAL";"ambigua"
"80430064";"BOLIVIA";"010601";"CHUQUISACA";"YAMPARAEZ";"TARABUCO";"-19.069599";"-64.904877";"FISCAL";"RURAL";"172";"CORORO";"RURAL";"ambigua"
"70420042";"CORMA";"010702";"CHUQUISACA";"NOR CINTI";"SAN LUCAS";"-20.237854";"-65.043222";"FISCAL";"RURAL";"43";"CORMA";"RURAL";"ambigua"
"80450008";"SUSANA DURAN";"010401";"CHUQUISACA";"TOMINA";"PADILLA";"-19.4228";"-64.00621";"FISCAL";"RURAL";"16";"COREY";"RURAL";"exacta"
"70420024";"COPLASIA";"010702";"CHUQUISACA";"NOR CINTI";"SAN LUCAS";"-20.3633";"-64.703972";"FISCAL";"RURAL";"59";"COPLACIA";"RURAL";"exacta"
"70420023";"CONDORIRI";"010702";"CHUQUISACA";"NOR CINTI";"SAN LUCAS";"-20.119652";"-64.946564";"CONVENIO";"RURAL";"15";"CONDORIRI";"RURAL";"exacta"
"70430004";"CONCEPCION";"010602";"CHUQUISACA";"YAMPARAEZ";"YAMPARAEZ";"-19.301201";"-65.117592";"FISCAL";"RURAL";"19";"CONCEPCION";"RURAL";"exacta"
"60480053";"ZANABRIA";"010103";"CHUQUISACA";"OROPEZA";"POROMA";"-18.9389";"-65.338097";"CONVENIO";"RURAL";"11";"COMUNIDAD ZANABRIA";"RURAL";"exacta"
"70400051";"YUQUINA";"010902";"CHUQUISACA";"SUD CINTI";"CULPINA";"-20.860901";"-64.931427";"FISCAL";"RURAL";"45";"COMUNIDAD YUQUINA";"RURAL";"exacta"
"60480044";"WAÑOMA BAJA";"010103";"CHUQUISACA";"OROPEZA";"POROMA";"-18.469";"-65.58577";"FISCAL";"RURAL";"111";"COMUNIDAD WAÑOMA BAJA";"RURAL";"exacta"
"60480042";"VIRU VIRU";"010103";"CHUQUISACA";"OROPEZA";"POROMA";"-18.383486";"-65.653017";"CONVENIO";"RURAL";"56";"COMUNIDAD VIRU VIRU";"RURAL";"exacta"
"70450018";"VILLA FLORES";"010402";"CHUQUISACA";"TOMINA";"TOMINA";"-19.303134";"-64.552199";"FISCAL";"RURAL";"34";"COMUNIDAD VILLA FLORES";"RURAL";"exacta"
"60450022";"SIMON BOLIVAR";"010403";"CHUQUISACA";"TOMINA";"SOPACHUY";"-19.420532";"-64.583231";"FISCAL";"RURAL";"24";"COMUNIDAD VILLA CANDELARIA";"RURAL";"exacta"
"60480041";"URUGUAYO";"010103";"CHUQUISACA";"OROPEZA";"POROMA";"-18.613901";"-65.350695";"CONVENIO";"RURAL";"16";"COMUNIDAD URUGUAYO";"RURAL";"exacta"
"80480152";"TUMPIQA";"010101";"CHUQUISACA";"OROPEZA";"CAPITAL (SUCRE)";"-18.9641";"-65.4487";"FISCAL";"RURAL";"13";"COMUNIDAD TUMPEKA B";"RURAL";"exacta"
"70400047";"TOJLASA";"010902";"CHUQUISACA";"SUD CINTI";"CULPINA";"-20.852501";"-64.914902";"FISCAL";"RURAL";"187";"COMUNIDAD TOJLASA";"RURAL";"exacta"
"60480058";"TOCOCALA";"010103";"CHUQUISACA";"OROPEZA";"POROMA";"-18.6777";"-65.235222";"CONVENIO";"RURAL";"20";"COMUNIDAD TOCOCALA";"RURAL";"exacta"
"70400031";"MONTE MAYOR";"010902";"CHUQUISACA";"SUD CINTI";"CULPINA";"-20.6173";"-64.243248";"FISCAL";"RURAL";"24";"COMUNIDAD TIMBOY DE MONTE MAYOR";"RURAL";"exacta"
"70400021";"EL THOLAR";"010902";"CHUQUISACA";"SUD CINTI";"CULPINA";"-20.8486";"-64.957184";"FISCAL";"RURAL";"143";"COMUNIDAD THOLAR";"RURAL";"exacta"
"60480039";"THOLA PAMPA";"010103";"CHUQUISACA";"OROPEZA";"POROMA";"-18.457199";"-65.593933";"CONVENIO";"RURAL";"37";"COMUNIDAD THOLA PAMPA";"RURAL";"exacta"
"70400048";"TARUCA CANCHA";"010902";"CHUQUISACA";"SUD CINTI";"CULPINA";"-20.848101";"-64.560226";"FISCAL";"RURAL";"18";"COMUNIDAD TARUCA CANCHA";"RURAL";"exacta"
"60480054";"SOICOCO";"010103";"CHUQUISACA";"OROPEZA";"POROMA";"-18.5019";"-65.506256";"CONVENIO";"RURAL";"23";"COMUNIDAD SOICOCO";"RURAL";"exacta"
"60480059";"BARTOLINA SISA";"010103";"CHUQUISACA";"OROPEZA";"POROMA";"-18.488741";"-65.529575";"FISCAL";"RURAL";"66";"COMUNIDAD SOICOCO";"RURAL";"exacta"
"60450015";"SIPICANI";"010403";"CHUQUISACA";"TOMINA";"SOPACHUY";"-19.433152";"-64.571451";"FISCAL";"RURAL";"33";"COMUNIDAD SIPICANI";"RURAL";"exacta"
"60480050";"SIJCHA ALTA";"010103";"CHUQUISACA";"OROPEZA";"POROMA";"-18.903434";"-65.315424";"CONVENIO";"RURAL";"17";"COMUNIDAD SIJCHA BAJA";"RURAL";"exacta"
"60480051";"SIJCHA BAJA";"010103";"CHUQUISACA";"OROPEZA";"POROMA";"-18.8993";"-65.32222";"CONVENIO";"RURAL";"5";"COMUNIDAD SIJCHA BAJA";"RURAL";"exacta"
"70400060";"SAN PEDRO DE SANCHO";"010902";"CHUQUISACA";"SUD CINTI";"CULPINA";"-20.843599";"-64.78373";"FISCAL";"RURAL";"4";"COMUNIDAD SAN PEDRO DE SANCHO";"RURAL";"exacta"
"70400061";"SAN MARTIN";"010902";"CHUQUISACA";"SUD CINTI";"CULPINA";"-20.7241";"-64.758919";"FISCAL";"RURAL";"24";"COMUNIDAD SAN MARTIN";"RURAL";"exacta"
"70400044";"SAN LORENZO";"010902";"CHUQUISACA";"SUD CINTI";"CULPINA";"-20.808701";"-64.911507";"FISCAL";"RURAL";"8";"COMUNIDAD SAN LORENZO";"RURAL";"exacta"
"60450001";"ACHATALAS";"010403";"CHUQUISACA";"TOMINA";"SOPACHUY";"-19.466719";"-64.519036";"FISCAL";"RURAL";"25";"COMUNIDAD SAN JUAN DE ORCAS";"RURAL";"exacta"
"60450014";"SAN JUAN DE HORCAS";"010403";"CHUQUISACA";"TOMINA";"SOPACHUY";"-19.466678";"-64.51898";"FISCAL";"RURAL";"25";"COMUNIDAD SAN JUAN DE ORCAS";"RURAL";"exacta"
"70400043";"SAN FRANCISCO";"010902";"CHUQUISACA";"SUD CINTI";"CULPINA";"-20.755699";"-64.711098";"FISCAL";"RURAL";"2";"COMUNIDAD SAN FRANCISCO BAJO";"RURAL";"exacta"
"60450013";"SAN BLAS ALTO";"010403";"CHUQUISACA";"TOMINA";"SOPACHUY";"-19.590144";"-64.394433";"FISCAL";"RURAL";"16";"COMUNIDAD SAN BLAS ALTO";"RURAL";"exacta"
"60450019";"SAN ANTONIO";"010403";"CHUQUISACA";"TOMINA";"SOPACHUY";"-19.436453";"-64.48156";"FISCAL";"RURAL";"7";"COMUNIDAD SAN ANTONIO";"RURAL";"exacta"
"70400042";"SALVIANI";"010902";"CHUQUISACA";"SUD CINTI";"CULPINA";"-20.7325";"-64.744255";"FISCAL";"RURAL";"32";"COMUNIDAD SALVIANI";"RURAL";"exacta"
"70400045";"SALAMAYU";"010902";"CHUQUISACA";"SUD CINTI";"CULPINA";"-20.7313";"-64.588684";"FISCAL";"RURAL";"20";"COMUNIDAD SALAMAYU - NOGALITOS";"RURAL";"exacta"
"60480032";"ROMERAL";"010103";"CHUQUISACA";"OROPEZA";"POROMA";"-18.849199";"-65.288048";"CONVENIO";"RURAL";"16";"COMUNIDAD ROMERAL";"RURAL";"exacta"
"70400005";"CENTRO ALTO";"010902";"CHUQUISACA";"SUD CINTI";"CULPINA";"-20.9035";"-64.868744";"FISCAL";"RURAL";"19";"COMUNIDAD QUISANA";"RURAL";"exacta"
"80480124";"PUNILLA";"010101";"CHUQUISACA";"OROPEZA";"CAPITAL (SUCRE)";"-18.9575";"-65.373573";"FISCAL";"RURAL";"205";"COMUNIDAD PUNILLA";"RURAL";"exacta"
"70400040";"PUMA CKASA";"010902";"CHUQUISACA";"SUD CINTI";"CULPINA";"-20.7491";"-64.664803";"FISCAL";"RURAL";"53";"COMUNIDAD PUMA CKASA";"RURAL";"exacta"
"70400039";"PUEBLO BAJO";"010902";"CHUQUISACA";"SUD CINTI";"CULPINA";"-20.8396";"-64.947258";"FISCAL";"RURAL";"16";"COMUNIDAD PUEBLO BAJO";"RURAL";"exacta"
"60420035";"PUEBLO ALTO";"010703";"CHUQUISACA";"NOR CINTI";"INCAHUASI";"-20.751064";"-64.880617";"FISCAL";"RURAL";"32";"COMUNIDAD PUEBLO ALTO CENTRO";"RURAL";"exacta"
"70400038";"PUCA PAMPA";"010902";"CHUQUISACA";"SUD CINTI";"CULPINA";"-20.775499";"-64.596497";"FISCAL";"RURAL";"101";"COMUNIDAD PUCAPAMPA";"RURAL";"exacta"
"70400037";"PUCA LAJA";"010902";"CHUQUISACA";"SUD CINTI";"CULPINA";"-20.777201";"-64.646378";"FISCAL";"RURAL";"18";"COMUNIDAD PUCALAJA";"RURAL";"exacta"
"70400036";"POTREROS";"010902";"CHUQUISACA";"SUD CINTI";"CULPINA";"-20.8256";"-64.58493";"FISCAL";"RURAL";"9";"COMUNIDAD POTRERO PUCAPAMPA";"RURAL";"exacta"
"70400056";"POTRERO LA LOMA";"010902";"CHUQUISACA";"SUD CINTI";"CULPINA";"-20.8232";"-64.748772";"FISCAL";"RURAL";"6";"COMUNIDAD POTRERO LA LOMA";"RURAL";"exacta"
"60480030";"FRAY FRANCISCO VALEA";"010103";"CHUQUISACA";"OROPEZA";"POROMA";"-18.5791";"-65.334473";"CONVENIO";"RURAL";"69";"COMUNIDAD POMANASA";"RURAL";"exacta"
"70400035";"PILAYA";"010902";"CHUQUISACA";"SUD CINTI";"CULPINA";"-20.921";"-64.747215";"FISCAL";"RURAL";"16";"COMUNIDAD PILAYA";"RURAL";"exacta"
"60450010";"PASLAPAYA";"010403";"CHUQUISACA";"TOMINA";"SOPACHUY";"-19.429385";"-64.519712";"FISCAL";"RURAL";"20";"COMUNIDAD PASLAPAYA";"RURAL";"exacta"
"60480061";"TOMAS KATARI";"010103";"CHUQUISACA";"OROPEZA";"POROMA";"-18.623221";"-65.377506";"CONVENIO";"RURAL";"29";"COMUNIDAD PANGORASI ALTA";"RURAL";"exacta"
"60480027";"SAN PEDRO DE PANGORASI";"010103";"CHUQUISACA";"OROPEZA";"POROMA";"-18.6024";"-65.399719";"CONVENIO";"RURAL";"25";"COMUNIDAD PANGORASI";"RURAL";"exacta"
"60450008";"PAMPAS DEL CARMEN";"010403";"CHUQUISACA";"TOMINA";"SOPACHUY";"-19.545687";"-64.414816";"FISCAL";"RURAL";"12";"COMUNIDAD PAMPAS DEL CARMEN";"RURAL";"exacta"
"70400034";"PAMPARAYOC";"010902";"CHUQUISACA";"SUD CINTI";"CULPINA";"-21.0728";"-64.827606";"FISCAL";"RURAL";"5";"COMUNIDAD PAMPARAYOC";"RURAL";"ambigua"
"60480026";"PALAJLA";"010103";"CHUQUISACA";"OROPEZA";"POROMA";"-18.451401";"-65.465179";"CONVENIO";"RURAL";"20";"COMUNIDAD PALAJLA";"RURAL";"exacta"
"70400033";"OROCOTE";"010902";"CHUQUISACA";"SUD CINTI";"CULPINA";"-20.811199";"-64.296227";"FISCAL";"RURAL";"20";"COMUNIDAD OROCOTE";"RURAL";"exacta"
"70400065";"VALLE HERMOSO DEL MONTE";"010902";"CHUQUISACA";"SUD CINTI";"CULPINA";"-20.808712";"-64.296141";"FISCAL";"RURAL";"6";"COMUNIDAD OROCOTE";"RURAL";"exacta"
"60480033";"SACABAMBA";"010103";"CHUQUISACA";"OROPEZA";"POROMA";"-18.5585";"-65.380905";"CONVENIO";"RURAL";"19";"COMUNIDAD ORIGINARIA SACABAMBA";"RURAL";"exacta"
"60480012";"HUAYRAPATA";"010103";"CHUQUISACA";"OROPEZA";"POROMA";"-18.47423";"-65.368477";"CONVENIO";"RURAL";"8";"COMUNIDAD ORIGINARIA PRODUCTIVA HUAYRAPATA";"RURAL";"exacta"
"60480004";"CALIZAYA";"010103";"CHUQUISACA";"OROPEZA";"POROMA";"-18.489799";"-65.330521";"CONVENIO";"RURAL";"11";"COMUNIDAD ORIGINARIA PRODUCTIVA CALIZAYA";"RURAL";"exacta"
"60480062";"JUANCITO PINTO";"010103";"CHUQUISACA";"OROPEZA";"POROMA";"-18.477004";"-65.47122";"FISCAL";"RURAL";"28";"COMUNIDAD ORIGINARIA PALAJLA 1";"RURAL";"exacta"
"60480025";"OLLISCO";"010103";"CHUQUISACA";"OROPEZA";"POROMA";"-18.535535";"-65.356877";"CONVENIO";"RURAL";"6";"COMUNIDAD ORIGINARIA OLLISCO";"RURAL";"exacta"
"60480015";"KATARIRI";"010103";"CHUQUISACA";"OROPEZA";"POROMA";"-18.479401";"-65.515808";"CONVENIO";"RURAL";"18";"COMUNIDAD ORIGINARIA KATARIRI";"RURAL";"exacta"
"60480003";"CALASAMANA";"010103";"CHUQUISACA";"OROPEZA";"POROMA";"-18.672535";"-65.32163";"CONVENIO";"RURAL";"33";"COMUNIDAD ORIGINARIA CALASAMANA";"RURAL";"exacta"
"70400057";"NUEVA ESPERANZA";"010902";"CHUQUISACA";"SUD CINTI";"CULPINA";"-20.6842";"-64.74334";"FISCAL";"RURAL";"0";"COMUNIDAD NUEVA ESPERANZA";"RURAL";"exacta"
"70400032";"NARANJITOS";"010902";"CHUQUISACA";"SUD CINTI";"CULPINA";"-20.886299";"-64.316658";"FISCAL";"RURAL";"30";"COMUNIDAD NARANJITOS";"RURAL";"exacta"
"60480023";"MOLLE ORKO";"010103";"CHUQUISACA";"OROPEZA";"POROMA";"-18.580918";"-65.313096";"CONVENIO";"RURAL";"19";"COMUNIDAD MOLLE ORKO";"RURAL";"exacta"
"80480243";"25 DE MAYO";"010101";"CHUQUISACA";"OROPEZA";"CAPITAL (SUCRE)";"-18.9932";"-65.560417";"FISCAL";"RURAL";"6";"COMUNIDAD MOLLE MOLLE";"RURAL";"exacta"
"60480022";"MILLUNI";"010103";"CHUQUISACA";"OROPEZA";"POROMA";"-18.8262";"-65.390495";"CONVENIO";"RURAL";"5";"COMUNIDAD MILLUNI";"RURAL";"exacta"
"60450007";"MILANES";"010403";"CHUQUISACA";"TOMINA";"SOPACHUY";"-19.553665";"-64.45861";"FISCAL";"RURAL";"9";"COMUNIDAD MILANES";"RURAL";"exacta"
"60450006";"MATELA BAJA";"010403";"CHUQUISACA";"TOMINA";"SOPACHUY";"-19.554536";"-64.443087";"FISCAL";"RURAL";"16";"COMUNIDAD MATELA BAJA";"RURAL";"exacta"
"60480021";"MARIQUILLA";"010103";"CHUQUISACA";"OROPEZA";"POROMA";"-18.437901";"-65.568169";"CONVENIO";"RURAL";"48";"COMUNIDAD MARIQUILLA";"RURAL";"exacta"
"70400063";"21 DE SEPTIEMBRE";"010902";"CHUQUISACA";"SUD CINTI";"CULPINA";"-20.6824";"-64.638565";"FISCAL";"RURAL";"24";"COMUNIDAD MARCAVI";"RURAL";"exacta"
"80480118";"MARAGUA";"010101";"CHUQUISACA";"OROPEZA";"CAPITAL (SUCRE)";"-19.0525";"-65.434303";"FISCAL";"RURAL";"88";"COMUNIDAD MARAGUA";"RURAL";"exacta"
"60480019";"MANZANAL DE PORRAS";"010103";"CHUQUISACA";"OROPEZA";"POROMA";"-18.7642";"-65.367325";"CONVENIO";"RURAL";"9";"COMUNIDAD MANZANAL DE PORRAS";"RURAL";"exacta"
"70400030";"EL MANZANAL";"010902";"CHUQUISACA";"SUD CINTI";"CULPINA";"-21.052401";"-64.416351";"FISCAL";"RURAL";"18";"COMUNIDAD MANZANAL";"RURAL";"exacta"
"60450005";"MAMA WASI";"010403";"CHUQUISACA";"TOMINA";"SOPACHUY";"-19.327004";"-64.603922";"FISCAL";"RURAL";"77";"COMUNIDAD MAMA WASI";"RURAL";"exacta"
"60480031";"RAFAEL CAMPOS DE LUJE";"010103";"CHUQUISACA";"OROPEZA";"POROMA";"-18.7822";"-65.218513";"CONVENIO";"RURAL";"88";"COMUNIDAD LUJE";"RURAL";"exacta"
"60480002";"LOS ALAMOS";"010103";"CHUQUISACA";"OROPEZA";"POROMA";"-18.865";"-65.343781";"CONVENIO";"RURAL";"5";"COMUNIDAD LOS ALAMOS";"RURAL";"exacta"
"70400029";"LARAMENDY";"010902";"CHUQUISACA";"SUD CINTI";"CULPINA";"-20.7922";"-64.779953";"FISCAL";"RURAL";"42";"COMUNIDAD LARAMENDI";"RURAL";"exacta"
"60480046";"SIMON BOLIVAR";"010103";"CHUQUISACA";"OROPEZA";"POROMA";"-18.729515";"-65.211446";"CONVENIO";"RURAL";"33";"COMUNIDAD LA PALCA";"RURAL";"exacta"
"70400028";"LA LOMA";"010902";"CHUQUISACA";"SUD CINTI";"CULPINA";"-20.8592";"-64.729744";"FISCAL";"RURAL";"45";"COMUNIDAD LA LOMA";"RURAL";"exacta"
"70400027";"LA CUEVA";"010902";"CHUQUISACA";"SUD CINTI";"CULPINA";"-20.9314";"-64.882332";"FISCAL";"RURAL";"51";"COMUNIDAD LA CUEVA";"RURAL";"exacta"
"60480018";"LA KASA";"010103";"CHUQUISACA";"OROPEZA";"POROMA";"-18.589417";"-65.288039";"CONVENIO";"RURAL";"18";"COMUNIDAD LA CKASA";"RURAL";"exacta"
"70400026";"LA CIENEGA";"010902";"CHUQUISACA";"SUD CINTI";"CULPINA";"-20.9328";"-64.968056";"FISCAL";"RURAL";"16";"COMUNIDAD LA CIENEGA";"RURAL";"exacta"
"60480017";"KULLKU";"010103";"CHUQUISACA";"OROPEZA";"POROMA";"-18.875299";"-65.294609";"CONVENIO";"RURAL";"3";"COMUNIDAD KULLCU";"RURAL";"exacta"
"80480127";"QHOCHA PATA";"010101";"CHUQUISACA";"OROPEZA";"CAPITAL (SUCRE)";"-18.9895";"-65.346375";"FISCAL";"RURAL";"34";"COMUNIDAD KHOCHAPATA";"RURAL";"exacta"
"60480014";"KASPI CANCHA";"010103";"CHUQUISACA";"OROPEZA";"POROMA";"-18.665899";"-65.241531";"CONVENIO";"RURAL";"16";"COMUNIDAD KASPICANCHA";"RURAL";"exacta"
"60480052";"KAINAKAS";"010103";"CHUQUISACA";"OROPEZA";"POROMA";"-18.867599";"-65.40506";"CONVENIO";"RURAL";"68";"COMUNIDAD KAINACAS";"RURAL";"exacta"
"60480020";"MARCAVI";"010103";"CHUQUISACA";"OROPEZA";"POROMA";"-18.7033";"-65.367233";"CONVENIO";"RURAL";"16";"COMUNIDAD IRICOTA";"RURAL";"exacta"
"60480013";"IROCOTA";"010103";"CHUQUISACA";"OROPEZA";"POROMA";"-18.681999";"-65.370094";"CONVENIO";"RURAL";"30";"COMUNIDAD IRICOTA";"RURAL";"exacta"
"60480016";"KHULAPUKARA";"010103";"CHUQUISACA";"OROPEZA";"POROMA";"-18.50085";"-65.385246";"CONVENIO";"RURAL";"20";"COMUNIDAD INDIGENA ORIGINARIA COLAPUCARA";"RURAL";"exacta"
"70400024";"HUAYLLAPATA";"010902";"CHUQUISACA";"SUD CINTI";"CULPINA";"-20.924999";"-64.566681";"FISCAL";"RURAL";"4";"COMUNIDAD HUAYLLAPATA";"RURAL";"exacta"
"70400023";"HUAYCO PUGIO";"010902";"CHUQUISACA";"SUD CINTI";"CULPINA";"-20.830999";"-65.099915";"FISCAL";"RURAL";"7";"COMUNIDAD HUAYCO PUJYO";"RURAL";"exacta"
"60480011";"HUAPI";"010103";"CHUQUISACA";"OROPEZA";"POROMA";"-18.682618";"-65.396433";"CONVENIO";"RURAL";"13";"COMUNIDAD HUAPI";"RURAL";"exacta"
"60480043";"WAÑOMA ALTA";"010103";"CHUQUISACA";"OROPEZA";"POROMA";"-18.4839";"-65.552246";"CONVENIO";"RURAL";"23";"COMUNIDAD HUAÑOMA ALTA";"RURAL";"exacta"
"70400022";"HUAJLITA";"010902";"CHUQUISACA";"SUD CINTI";"CULPINA";"-20.825701";"-64.604141";"FISCAL";"RURAL";"77";"COMUNIDAD HUAJLITA";"RURAL";"exacta"
"60480048";"EXALTACION";"010103";"CHUQUISACA";"OROPEZA";"POROMA";"-18.493401";"-65.439056";"CONVENIO";"RURAL";"4";"COMUNIDAD EXALTACION";"RURAL";"exacta"
"70400020";"EL SALITRE";"010902";"CHUQUISACA";"SUD CINTI";"CULPINA";"-20.909201";"-64.907364";"FISCAL";"RURAL";"10";"COMUNIDAD EL SALITRE";"RURAL";"exacta"
"70400018";"EL MONTE";"010902";"CHUQUISACA";"SUD CINTI";"CULPINA";"-21.006201";"-64.916779";"FISCAL";"RURAL";"53";"COMUNIDAD EL MONTE";"RURAL";"exacta"
"70400017";"EL CENTRO";"010902";"CHUQUISACA";"SUD CINTI";"CULPINA";"-20.871201";"-64.911125";"FISCAL";"RURAL";"41";"COMUNIDAD EL CENTRO";"RURAL";"exacta"
"60480057";"DURAZNILLO";"010103";"CHUQUISACA";"OROPEZA";"POROMA";"-18.420775";"-65.636701";"CONVENIO";"RURAL";"33";"COMUNIDAD DURAZNILLO";"RURAL";"exacta"
"70400015";"DOMINGAS";"010902";"CHUQUISACA";"SUD CINTI";"CULPINA";"-20.8936";"-64.627831";"FISCAL";"RURAL";"39";"COMUNIDAD DOMINGAS";"RURAL";"exacta"
"70400014";"CULPINA MAYU";"010902";"CHUQUISACA";"SUD CINTI";"CULPINA";"-20.780001";"-64.959045";"FISCAL";"RURAL";"0";"COMUNIDAD CULPINA MAYU";"RURAL";"exacta"
"60450004";"CUEVAS";"010403";"CHUQUISACA";"TOMINA";"SOPACHUY";"-19.522232";"-64.532288";"FISCAL";"RURAL";"16";"COMUNIDAD CUEVAS";"RURAL";"exacta"
"60480010";"CUCURI";"010103";"CHUQUISACA";"OROPEZA";"POROMA";"-18.8482";"-65.304054";"CONVENIO";"RURAL";"71";"COMUNIDAD CUCURI";"RURAL";"exacta"
"70400007";"CEDRO MAYU";"010902";"CHUQUISACA";"SUD CINTI";"CULPINA";"-20.846399";"-64.761787";"FISCAL";"RURAL";"15";"COMUNIDAD CREDO MAYU";"RURAL";"exacta"
"60480009";"COPAVILLQUE";"010103";"CHUQUISACA";"OROPEZA";"POROMA";"-18.624001";"-65.285645";"CONVENIO";"RURAL";"6";"COMUNIDAD COPAVILLQUE";"RURAL";"exacta"
"70400013";"COLLPA";"010902";"CHUQUISACA";"SUD CINTI";"CULPINA";"-20.8999";"-65.069405";"FISCAL";"RURAL";"7";"COMUNIDAD COLLPA";"RURAL";"exacta"
"70400012";"COCHA";"010902";"CHUQUISACA";"SUD CINTI";"CULPINA";"-20.7962";"-64.715012";"FISCAL";"RURAL";"15";"COMUNIDAD COCHA";"RURAL";"exacta"
"70400011";"CIENEGA CKASA";"010902";"CHUQUISACA";"SUD CINTI";"CULPINA";"-20.77";"-64.756195";"FISCAL";"RURAL";"8";"COMUNIDAD CIENEGA CKASA";"RURAL";"exacta"
"60480056";"CHILLCANI";"010103";"CHUQUISACA";"OROPEZA";"POROMA";"-18.573799";"-65.435837";"CONVENIO";"RURAL";"8";"COMUNIDAD CHILLCANI";"RURAL";"exacta"
"70400010";"CHILLAGUAYOC";"010902";"CHUQUISACA";"SUD CINTI";"CULPINA";"-20.742599";"-64.624596";"FISCAL";"RURAL";"13";"COMUNIDAD CHILLAGUAYO";"RURAL";"exacta"
"60480007";"CHIJMURI";"010103";"CHUQUISACA";"OROPEZA";"POROMA";"-18.810499";"-65.398506";"CONVENIO";"RURAL";"84";"COMUNIDAD CHIJMURI";"RURAL";"exacta"
"70400009";"CHICHAYOC";"010902";"CHUQUISACA";"SUD CINTI";"CULPINA";"-20.8339";"-64.636421";"FISCAL";"RURAL";"44";"COMUNIDAD CHICHAYO";"RURAL";"exacta"
"80480095";"CHAUNACA";"010101";"CHUQUISACA";"OROPEZA";"CAPITAL (SUCRE)";"-18.9904";"-65.439491";"FISCAL";"RURAL";"18";"COMUNIDAD CHAUNACA";"RURAL";"exacta"
"60480006";"MANUEL DIAZ DE CHALLCHA";"010103";"CHUQUISACA";"OROPEZA";"POROMA";"-18.440201";"-65.544968";"CONVENIO";"RURAL";"155";"COMUNIDAD CHALLCHA";"RURAL";"exacta"
"70400006";"CERRO BRAVO";"010902";"CHUQUISACA";"SUD CINTI";"CULPINA";"-21.0105";"-64.478653";"FISCAL";"RURAL";"8";"COMUNIDAD CERRO BRAVO";"RURAL";"exacta"
"70400003";"CARAPARI";"010902";"CHUQUISACA";"SUD CINTI";"CULPINA";"-20.9401";"-64.688965";"FISCAL";"RURAL";"2";"COMUNIDAD CARAPARI";"RURAL";"exacta"
"70400004";"CAÑON VERDE";"010902";"CHUQUISACA";"SUD CINTI";"CULPINA";"-21.135799";"-64.231148";"FISCAL";"RURAL";"14";"COMUNIDAD CAÑON VERDE - LAS ABRAS";"RURAL";"exacta"
"70400058";"LAS ABRAS";"010902";"CHUQUISACA";"SUD CINTI";"CULPINA";"-21.1308";"-64.236023";"FISCAL";"RURAL";"20";"COMUNIDAD CAÑON VERDE - LAS ABRAS";"RURAL";"exacta"
"70400002";"CANTU PAMPA";"010902";"CHUQUISACA";"SUD CINTI";"CULPINA";"-20.857";"-65.044022";"FISCAL";"RURAL";"24";"COMUNIDAD CANTU PAMPA";"RURAL";"exacta"
"60480045";"YANANI";"010103";"CHUQUISACA";"OROPEZA";"POROMA";"-18.597958";"-65.436481";"CONVENIO";"RURAL";"30";"COMUNIDAD CAMPESINA YANANI";"RURAL";"exacta"
"60480008";"COLQUEBAMBA";"010103";"CHUQUISACA";"OROPEZA";"POROMA";"-18.559606";"-65.455846";"CONVENIO";"RURAL";"21";"COMUNIDAD CAMPESINA COLQUEBAMBA";"RURAL";"exacta"
"70400016";"EL CAMPAMENTO";"010902";"CHUQUISACA";"SUD CINTI";"CULPINA";"-20.902399";"-64.519196";"FISCAL";"RURAL";"34";"COMUNIDAD CAMPAMENTO";"RURAL";"exacta"
"70400055";"CABRERIA";"010902";"CHUQUISACA";"SUD CINTI";"CULPINA";"-20.995899";"-64.924728";"FISCAL";"RURAL";"19";"COMUNIDAD CABRERIA";"RURAL";"exacta"
"80480147";"TALULA";"010101";"CHUQUISACA";"OROPEZA";"CAPITAL (SUCRE)";"-19.1206";"-65.461357";"FISCAL";"RURAL";"18";"COMUNIDAD C.O. TALULA";"RURAL";"exacta"
"80480296";"PUNKURANI";"010101";"CHUQUISACA";"OROPEZA";"CAPITAL (SUCRE)";"-19.1201";"-65.451912";"FISCAL";"RURAL";"31";"COMUNIDAD C.O. TALULA";"RURAL";"exacta"
"80480125";"PURUNQUILA";"010101";"CHUQUISACA";"OROPEZA";"CAPITAL (SUCRE)";"-19.1126";"-65.41143";"FISCAL";"RURAL";"10";"COMUNIDAD C.O. PURUNQUILA";"RURAL";"exacta"
"80480105";"HUMACA";"010101";"CHUQUISACA";"OROPEZA";"CAPITAL (SUCRE)";"-19.0884";"-65.476318";"FISCAL";"RURAL";"9";"COMUNIDAD C.O. HUMACA";"RURAL";"exacta"
"70400064";"SAN SEBASTIAN";"010902";"CHUQUISACA";"SUD CINTI";"CULPINA";"-21.0802";"-64.335518";"FISCAL";"RURAL";"10";"COMUNIDAD ARBOLITOS";"RURAL";"exacta"
"70400001";"ALTO MARCO ANTONIO";"010902";"CHUQUISACA";"SUD CINTI";"CULPINA";"-20.883499";"-64.866409";"FISCAL";"RURAL";"2";"COMUNIDAD ALTO MARCO ANTONIO";"RURAL";"exacta"
"80480293";"VIÑA PAMPA";"010101";"CHUQUISACA";"OROPEZA";"CAPITAL (SUCRE)";"-18.826607";"-65.203373";"CONVENIO";"URBANA";"19";"COMUNIDAD ALTO KORIPUNCU";"RURAL";"sin coincidencia"
"60450002";"ALIZOS";"010403";"CHUQUISACA";"TOMINA";"SOPACHUY";"-19.372582";"-64.552424";"FISCAL";"RURAL";"10";"COMUNIDAD ALISOS";"RURAL";"exacta"
"60450012";"SAN LUIS CHAVARRIA";"010403";"CHUQUISACA";"TOMINA";"SOPACHUY";"-19.370323";"-64.558264";"FISCAL";"RURAL";"24";"COMUNIDAD ALISOS";"RURAL";"exacta"
"60480001";"AGUILA ORKO";"010103";"CHUQUISACA";"OROPEZA";"POROMA";"-18.536563";"-65.287569";"CONVENIO";"RURAL";"9";"COMUNIDAD AGUILA ORCKO";"RURAL";"exacta"
"80400003";"CHIRI";"010901";"CHUQUISACA";"SUD CINTI";"CAMATAQUI (VILLA ABECIA)";"-21.011801";"-65.33683";"FISCAL";"RURAL";"18";"COLPANAYOC";"RURAL";"exacta"
"80400005";"2 DE AGOSTO";"010901";"CHUQUISACA";"SUD CINTI";"CAMATAQUI (VILLA ABECIA)";"-21.015882";"-65.306048";"FISCAL";"RURAL";"24";"COLPANAYOC";"RURAL";"exacta"
"70420022";"COLLPA MAYU";"010702";"CHUQUISACA";"NOR CINTI";"SAN LUCAS";"-20.440701";"-64.931511";"FISCAL";"RURAL";"36";"COLLPA MAYU";"RURAL";"exacta"
"70420107";"SIMON BOLIVAR";"010702";"CHUQUISACA";"NOR CINTI";"SAN LUCAS";"-20.247101";"-65.027992";"FISCAL";"RURAL";"63";"COLLPA KASA";"RURAL";"exacta"
"70420021";"COLLPA";"010702";"CHUQUISACA";"NOR CINTI";"SAN LUCAS";"-20.039264";"-64.653508";"FISCAL";"RURAL";"129";"COLLPA";"RURAL";"exacta"
"80460005";"COILOLO";"010301";"CHUQUISACA";"ZUDAÑEZ";"VILLA ZUDANEZ (TACOPAYA)";"-19.1628";"-64.674446";"FISCAL";"RURAL";"10";"COILOLO";"RURAL";"exacta"
"80420009";"COCHACA";"010701";"CHUQUISACA";"NOR CINTI";"CAMARGO";"-20.485012";"-65.10418";"FISCAL";"RURAL";"24";"COCHACA";"RURAL";"exacta"
"80420045";"HUACA CANCHA";"010701";"CHUQUISACA";"NOR CINTI";"CAMARGO";"-20.485233";"-65.099155";"FISCAL";"RURAL";"58";"COCHACA";"RURAL";"exacta"
"60420012";"COCHA LOMA";"010703";"CHUQUISACA";"NOR CINTI";"INCAHUASI";"-20.603753";"-64.653832";"FISCAL";"RURAL";"62";"CKOCHA LOMA";"RURAL";"exacta"
"70420019";"CIVITA";"010702";"CHUQUISACA";"NOR CINTI";"SAN LUCAS";"-20.003065";"-64.908074";"CONVENIO";"RURAL";"18";"CIVITA";"RURAL";"exacta"
"70420068";"PUTUTACA";"010702";"CHUQUISACA";"NOR CINTI";"SAN LUCAS";"-20.218554";"-65.019382";"FISCAL";"RURAL";"299";"CINTEÑO TAMBO";"RURAL";"ambigua"
"80470002";"CIMIENTOS";"010201";"CHUQUISACA";"AZURDUY";"VILLA AZURDUY";"-20.048159";"-64.406687";"FISCAL";"RURAL";"16";"CIMIENTOS";"RURAL";"exacta"
"80410041";"MACEDONIO AVILES GARNICA";"010801";"CHUQUISACA";"BELISARIO BOETO";"VILLA SERRANO";"-19.173922";"-64.167058";"FISCAL";"RURAL";"4";"CIENEGUILLAS";"RURAL";"exacta"
"80430020";"LA CIENEGA";"010601";"CHUQUISACA";"YAMPARAEZ";"TARABUCO";"-19.153601";"-64.995461";"FISCAL";"RURAL";"78";"CIENEGA";"RURAL";"ambigua"
"70420018";"CHURQUI CHURQUI";"010702";"CHUQUISACA";"NOR CINTI";"SAN LUCAS";"-20.305258";"-64.998227";"FISCAL";"RURAL";"21";"CHURQUI CHURQUI";"RURAL";"exacta"
"50460003";"CHURU";"010304";"CHUQUISACA";"ZUDAÑEZ";"ICLA";"-19.445101";"-64.708298";"FISCAL";"RURAL";"4";"CHURO";"RURAL";"exacta"
"70420017";"CHURIZAYA";"010702";"CHUQUISACA";"NOR CINTI";"SAN LUCAS";"-20.301669";"-65.042395";"FISCAL";"RURAL";"33";"CHURISAYA";"RURAL";"exacta"
"60460005";"JORGE ANIBARRO ZAPATA";"010303";"CHUQUISACA";"ZUDAÑEZ";"VILLA MOJOCOYA";"-18.916246";"-64.621013";"FISCAL";"RURAL";"54";"CHURICANA";"RURAL";"ambigua"
"80480099";"CHUQUI CHUQUI";"010101";"CHUQUISACA";"OROPEZA";"CAPITAL (SUCRE)";"-18.825249";"-65.12049";"CONVENIO";"RURAL";"155";"CHUQUI CHUQUI";"RURAL";"ambigua"
"70420016";"CHUNCHU";"010702";"CHUQUISACA";"NOR CINTI";"SAN LUCAS";"-20.203976";"-64.630627";"FISCAL";"RURAL";"132";"CHUNCHO";"RURAL";"exacta"
"50460027";"6 DE AGOSTO";"010304";"CHUQUISACA";"ZUDAÑEZ";"ICLA";"-19.585219";"-64.684035";"FISCAL";"RURAL";"167";"CHUNCA CANCHA";"RURAL";"exacta"
"70470041";"CHUNCA CANCHA";"010202";"CHUQUISACA";"AZURDUY";"TARVITA (VILLA ORIAS)";"-19.5854";"-64.684158";"FISCAL";"RURAL";"16";"CHUNCA CANCHA";"RURAL";"sin coincidencia"
"80480098";"BARTOLINA SISA DE CHULLPAS";"010101";"CHUQUISACA";"OROPEZA";"CAPITAL (SUCRE)";"-19.0497";"-65.499374";"FISCAL";"RURAL";"7";"CHULLPAS";"RURAL";"ambigua"
"80430028";"MOLLE MAYU";"010601";"CHUQUISACA";"YAMPARAEZ";"TARABUCO";"-19.037901";"-64.919632";"FISCAL";"RURAL";"6";"CHUAO PAMPA";"RURAL";"exacta"
"50460002";"CHOROMOMO";"010304";"CHUQUISACA";"ZUDAÑEZ";"ICLA";"-19.4216";"-64.803375";"FISCAL";"RURAL";"7";"CHOROMOMO";"RURAL";"exacta"
"60460004";"GUALBERTO VILLARROEL";"010303";"CHUQUISACA";"ZUDAÑEZ";"VILLA MOJOCOYA";"-18.871201";"-64.691399";"FISCAL";"RURAL";"7";"CHIQUERILLOS";"RURAL";"exacta"
"70420015";"ROSENDO LA FUENTE";"010702";"CHUQUISACA";"NOR CINTI";"SAN LUCAS";"-20.3715";"-65.01461";"FISCAL";"RURAL";"220";"CHIÑIMAYU";"RURAL";"ambigua"
"70460032";"CHIMORI";"010302";"CHUQUISACA";"ZUDAÑEZ";"PRESTO";"-18.8955";"-64.821686";"FISCAL";"RURAL";"15";"CHIMORE";"RURAL";"exacta"
"70390005";"CHIMBE";"011002";"CHUQUISACA";"LUIS CALVO";"VILLA DE HUACAYA";"-20.6495";"-63.558651";"FISCAL";"RURAL";"24";"CHIMBE";"RURAL";"exacta"
"70480027";"GERMAN BUSCH";"010102";"CHUQUISACA";"OROPEZA";"YOTALA";"-19.2075";"-65.282806";"FISCAL";"RURAL";"24";"CHILLPA ÑUCCHU";"RURAL";"exacta"
"60420011";"25 DE MAYO";"010703";"CHUQUISACA";"NOR CINTI";"INCAHUASI";"-20.684053";"-64.767155";"FISCAL";"RURAL";"81";"CHILLAJARA";"RURAL";"ambigua"
"60420063";"1RO. DE MAYO";"010703";"CHUQUISACA";"NOR CINTI";"INCAHUASI";"-20.685739";"-64.757102";"FISCAL";"RURAL";"10";"CHILLAJARA";"RURAL";"ambigua"
"70420014";"CHILLAGUA";"010702";"CHUQUISACA";"NOR CINTI";"SAN LUCAS";"-20.268801";"-64.966156";"FISCAL";"RURAL";"242";"CHILLAGUA";"RURAL";"exacta"
"60420010";"CHICHA PAMPA";"010703";"CHUQUISACA";"NOR CINTI";"INCAHUASI";"-20.672231";"-64.791873";"FISCAL";"RURAL";"8";"CHICHA PAMPA";"RURAL";"exacta"
"50460001";"CHAWARANI";"010304";"CHUQUISACA";"ZUDAÑEZ";"ICLA";"-19.370701";"-64.759377";"FISCAL";"RURAL";"36";"CHAWARANI";"RURAL";"exacta"
"80420008";"CHAVARRIA";"010701";"CHUQUISACA";"NOR CINTI";"CAMARGO";"-20.570337";"-65.368923";"FISCAL";"RURAL";"18";"CHAVARRIA";"RURAL";"exacta"
"70420013";"CHAUPI COCHA";"010702";"CHUQUISACA";"NOR CINTI";"SAN LUCAS";"-20.077855";"-65.242053";"CONVENIO";"RURAL";"7";"CHAUPI COCHA";"RURAL";"exacta"
"80450050";"SIMONA REVOLLO CEREZO";"010401";"CHUQUISACA";"TOMINA";"PADILLA";"-19.354601";"-64.012726";"FISCAL";"RURAL";"2";"CHAUJRAL";"RURAL";"exacta"
"80400004";"CHARPAXI";"010901";"CHUQUISACA";"SUD CINTI";"CAMATAQUI (VILLA ABECIA)";"-20.979401";"-65.291382";"FISCAL";"RURAL";"15";"CHARPAXI";"RURAL";"exacta"
"60420009";"CHARCOSI";"010704";"CHUQUISACA";"NOR CINTI";"VILLA CHARCAS";"-20.512427";"-64.776149";"FISCAL";"RURAL";"19";"CHARCOSI";"RURAL";"exacta"
"80420007";"CHAQUERI";"010701";"CHUQUISACA";"NOR CINTI";"CAMARGO";"-20.440114";"-65.093219";"FISCAL";"RURAL";"21";"CHAQUERI";"RURAL";"exacta"
"80440015";"CHAPIMAYU";"010501";"CHUQUISACA";"HERNANDO SILES";"MONTEAGUDO";"-19.877768";"-64.147937";"FISCAL";"RURAL";"103";"CHAPI MAYU";"RURAL";"ambigua"
"80410004";"MAURO NUÑEZ CACERES";"010801";"CHUQUISACA";"BELISARIO BOETO";"VILLA SERRANO";"-19.121492";"-64.218588";"FISCAL";"RURAL";"8";"CHAPAS";"RURAL";"exacta"
"70420012";"CHANCA";"010702";"CHUQUISACA";"NOR CINTI";"SAN LUCAS";"-20.001699";"-64.740608";"FISCAL";"RURAL";"17";"CHANKA";"RURAL";"exacta"
"70480007";"CHAMINA";"010102";"CHUQUISACA";"OROPEZA";"YOTALA";"-19.2082";"-65.355057";"FISCAL";"RURAL";"8";"CHAMINA";"RURAL";"exacta"
"80420006";"CHAJRA MAYU";"010701";"CHUQUISACA";"NOR CINTI";"CAMARGO";"-20.623165";"-65.000397";"FISCAL";"RURAL";"6";"CHAJRAMAYO";"RURAL";"exacta"
"80440014";"CHAJRA PAMPA";"010501";"CHUQUISACA";"HERNANDO SILES";"MONTEAGUDO";"-19.7791";"-64.114616";"FISCAL";"RURAL";"7";"CHAJRA PAMPA";"RURAL";"exacta"
"80450003";"HILARION DIAZ RODAS";"010401";"CHUQUISACA";"TOMINA";"PADILLA";"-19.297701";"-64.144112";"FISCAL";"RURAL";"3";"CHAJRA MAYU";"RURAL";"exacta"
"80440013";"CHACO BAÑADO";"010501";"CHUQUISACA";"HERNANDO SILES";"MONTEAGUDO";"-20.382376";"-64.282154";"FISCAL";"RURAL";"31";"CHACO BAÑADO";"RURAL";"exacta"
"80390034";"CERRILLOS";"011001";"CHUQUISACA";"LUIS CALVO";"VILLA VACA GUZMAN (MUYUPAMPA)";"-19.9545";"-63.769424";"FISCAL";"RURAL";"61";"CERRILLOS";"RURAL";"ambigua"
"80440012";"SANTIAGO DE CERILLOS";"010501";"CHUQUISACA";"HERNANDO SILES";"MONTEAGUDO";"-20.001755";"-63.89395";"FISCAL";"RURAL";"15";"CERRILLOS";"RURAL";"exacta"
"80460004";"CEREZAL";"010301";"CHUQUISACA";"ZUDAÑEZ";"VILLA ZUDANEZ (TACOPAYA)";"-19.007999";"-64.802551";"FISCAL";"RURAL";"18";"CEREZAL";"RURAL";"ambigua"
"60420073";"JUANCITO PINTO";"010704";"CHUQUISACA";"NOR CINTI";"VILLA CHARCAS";"-20.722047";"-64.888416";"FISCAL";"RURAL";"111";"CENTRO VILLA CHARCAS";"RURAL";"ambigua"
"80430016";"CAYAMBUCO";"010601";"CHUQUISACA";"YAMPARAEZ";"TARABUCO";"-19.0933";"-64.867386";"FISCAL";"RURAL";"38";"CAYAMBUCO";"RURAL";"ambigua"
"80430015";"KATANA";"010602";"CHUQUISACA";"YAMPARAEZ";"YAMPARAEZ";"-19.3249";"-65.022964";"FISCAL";"RURAL";"4";"CATANA";"RURAL";"exacta"
"60460003";"SAN PEDRO";"010303";"CHUQUISACA";"ZUDAÑEZ";"VILLA MOJOCOYA";"-18.984627";"-64.568357";"FISCAL";"RURAL";"28";"CASA GRANDE";"RURAL";"ambigua"
"70440006";"CASA ALTA";"010502";"CHUQUISACA";"HERNANDO SILES";"SAN PABLO DE HUACARETA";"-20.6374";"-64.01133";"FISCAL";"RURAL";"10";"CASA ALTA";"RURAL";"exacta"
"70480006";"CARVAJAL";"010102";"CHUQUISACA";"OROPEZA";"YOTALA";"-19.2059";"-65.312775";"FISCAL";"RURAL";"9";"CARVAJAL";"RURAL";"ambigua"
"80420005";"CARUSLA";"010701";"CHUQUISACA";"NOR CINTI";"CAMARGO";"-20.442262";"-65.121956";"FISCAL";"RURAL";"25";"CARUSLA";"RURAL";"ambigua"
"80420017";"HUANCARANI";"010701";"CHUQUISACA";"NOR CINTI";"CAMARGO";"-20.477974";"-65.138225";"FISCAL";"RURAL";"11";"CARUSLA";"RURAL";"ambigua"
"80420004";"CARPACHACRA";"010701";"CHUQUISACA";"NOR CINTI";"CAMARGO";"-20.642687";"-65.344314";"FISCAL";"RURAL";"10";"CARPACHACRA";"RURAL";"exacta"
"80390003";"CARAPARIRENDA";"011001";"CHUQUISACA";"LUIS CALVO";"VILLA VACA GUZMAN (MUYUPAMPA)";"-19.7339";"-63.800098";"FISCAL";"RURAL";"14";"CARAPARIRENDA";"RURAL";"exacta"
"60460002";"VILLA 1RO. DE MAYO";"010303";"CHUQUISACA";"ZUDAÑEZ";"VILLA MOJOCOYA";"-18.667089";"-64.801308";"FISCAL";"RURAL";"4";"CARAPARI PAMPA";"RURAL";"exacta"
"80480268";"CARAPARI";"010101";"CHUQUISACA";"OROPEZA";"CAPITAL (SUCRE)";"-18.621007";"-65.175464";"CONVENIO";"RURAL";"19";"CARAPARI";"RURAL";"exacta"
"60390003";"HEROES DEL CHACO HERNANDO SILES";"011003";"CHUQUISACA";"LUIS CALVO";"MACHARETI";"-20.757799";"-63.071621";"FISCAL";"RURAL";"142";"CARANDAYTI";"RURAL";"exacta"
"70430002";"CARAMA";"010602";"CHUQUISACA";"YAMPARAEZ";"YAMPARAEZ";"-19.339701";"-65.055092";"FISCAL";"RURAL";"71";"CARAMA";"RURAL";"exacta"
"70420070";"CARACOLLO";"010702";"CHUQUISACA";"NOR CINTI";"SAN LUCAS";"-20.2036";"-65.295441";"FISCAL";"RURAL";"8";"CARACOLLO";"RURAL";"exacta"
"80440009";"CARABALLO";"010501";"CHUQUISACA";"HERNANDO SILES";"MONTEAGUDO";"-20.0312";"-64.249329";"FISCAL";"RURAL";"6";"CARABALLO";"RURAL";"exacta"
"70420010";"CAPIRA";"010702";"CHUQUISACA";"NOR CINTI";"SAN LUCAS";"-20.392901";"-64.608799";"FISCAL";"RURAL";"43";"CAPIRA";"RURAL";"exacta"
"80440025";"CAPILLA VIEJA";"010501";"CHUQUISACA";"HERNANDO SILES";"MONTEAGUDO";"-19.8622";"-63.957264";"FISCAL";"RURAL";"8";"CAPILLA VIEJA";"RURAL";"exacta"
"80460024";"JATUN WASI";"010301";"CHUQUISACA";"ZUDAÑEZ";"VILLA ZUDANEZ (TACOPAYA)";"-18.969066";"-64.741092";"FISCAL";"RURAL";"8";"CAPILLA LLAVE";"RURAL";"ambigua"
"80460003";"CAPILLA LLAVE";"010301";"CHUQUISACA";"ZUDAÑEZ";"VILLA ZUDANEZ (TACOPAYA)";"-18.980593";"-64.707707";"FISCAL";"RURAL";"16";"CAPILLA LLAVE";"RURAL";"ambigua"
"70470021";"QHAPAJTALA";"010202";"CHUQUISACA";"AZURDUY";"TARVITA (VILLA ORIAS)";"-19.9559";"-64.568764";"FISCAL";"RURAL";"35";"CAPACTALA";"RURAL";"ambigua"
"80440011";"CAÑON LARGO";"010501";"CHUQUISACA";"HERNANDO SILES";"MONTEAGUDO";"-19.864799";"-63.892059";"FISCAL";"RURAL";"18";"CAÑON LARGO";"RURAL";"exacta"
"60420008";"CAÑAHUAYCO";"010704";"CHUQUISACA";"NOR CINTI";"VILLA CHARCAS";"-20.57";"-64.764603";"FISCAL";"RURAL";"21";"CAÑAHUAYCO";"RURAL";"exacta"
"80410003";"RUPERTO OJEDA";"010801";"CHUQUISACA";"BELISARIO BOETO";"VILLA SERRANO";"-19.041899";"-64.398318";"FISCAL";"RURAL";"11";"CAÑADILLAS";"RURAL";"exacta"
"80480094";"CANTU MOLINO";"010101";"CHUQUISACA";"OROPEZA";"CAPITAL (SUCRE)";"-18.8605";"-65.232712";"CONVENIO";"RURAL";"21";"CANTU MOLINO";"RURAL";"exacta"
"50460016";"CANTAR GALLO";"010304";"CHUQUISACA";"ZUDAÑEZ";"ICLA";"-19.517253";"-64.69355";"FISCAL";"RURAL";"21";"CANTAR GALLO";"RURAL";"exacta"
"80440007";"CANIZAL";"010501";"CHUQUISACA";"HERNANDO SILES";"MONTEAGUDO";"-19.9762";"-64.149269";"FISCAL";"RURAL";"18";"CANIZAL";"RURAL";"exacta"
"80440006";"REBECA DE LA VEGA";"010501";"CHUQUISACA";"HERNANDO SILES";"MONTEAGUDO";"-19.808191";"-63.983066";"FISCAL";"RURAL";"436";"CANDUA";"URBANO";"exacta"
"50460015";"ELIZARDO PEREZ DE CANDELARIA";"010304";"CHUQUISACA";"ZUDAÑEZ";"ICLA";"-19.298711";"-64.789933";"FISCAL";"RURAL";"75";"CANDELARIA";"RURAL";"exacta"
"70420008";"CANCHAS BLANCAS";"010702";"CHUQUISACA";"NOR CINTI";"SAN LUCAS";"-20.031539";"-64.79681";"CONVENIO";"RURAL";"93";"CANCHAS BLANCAS";"RURAL";"exacta"
"80450002";"CAMPO REDONDO INGAVI";"010401";"CHUQUISACA";"TOMINA";"PADILLA";"-19.294468";"-64.33402";"FISCAL";"RURAL";"14";"CAMPO REDONDO";"RURAL";"exacta"
"60390002";"CAMPO LEON";"011003";"CHUQUISACA";"LUIS CALVO";"MACHARETI";"-20.5375";"-63.106274";"FISCAL";"RURAL";"4";"CAMPO LEON";"RURAL";"exacta"
"60390022";"LA VICTORIA";"011003";"CHUQUISACA";"LUIS CALVO";"MACHARETI";"-20.499001";"-63.156757";"FISCAL";"RURAL";"4";"CAMPO LEON";"RURAL";"exacta"
"70440046";"CAMPO LARGO";"010502";"CHUQUISACA";"HERNANDO SILES";"SAN PABLO DE HUACARETA";"-20.667912";"-64.131843";"FISCAL";"RURAL";"16";"CAMPO LARGO";"RURAL";"exacta"
"70480004";"CAMPANARIO";"010102";"CHUQUISACA";"OROPEZA";"YOTALA";"-19.1064";"-65.267586";"FISCAL";"RURAL";"9";"CAMPANARIO";"RURAL";"exacta"
"80390036";"CAMOTAL";"011001";"CHUQUISACA";"LUIS CALVO";"VILLA VACA GUZMAN (MUYUPAMPA)";"-19.6747";"-63.858376";"FISCAL";"RURAL";"11";"CAMOTAL";"RURAL";"exacta"
"80400002";"CAMBLAYA";"010901";"CHUQUISACA";"SUD CINTI";"CAMATAQUI (VILLA ABECIA)";"-20.966325";"-65.191618";"FISCAL";"RURAL";"14";"CAMBLAYA";"RURAL";"exacta"
"70390004";"CAMATINDI";"011002";"CHUQUISACA";"LUIS CALVO";"VILLA DE HUACAYA";"-20.466652";"-63.482463";"FISCAL";"RURAL";"15";"CAMATINDY";"RURAL";"exacta"
"60390001";"CAMATINDI";"011003";"CHUQUISACA";"LUIS CALVO";"MACHARETI";"-20.995501";"-63.395008";"FISCAL";"RURAL";"124";"CAMATINDI";"RURAL";"exacta"
"80420047";"25 DE MAYO";"010701";"CHUQUISACA";"NOR CINTI";"CAMARGO";"-20.64258";"-65.210121";"FISCAL";"URBANA";"128";"CAMARGO";"URBANO";"exacta"
"80420049";"JOSE VICENTE CAMARGO";"010701";"CHUQUISACA";"NOR CINTI";"CAMARGO";"-20.643174";"-65.210196";"CONVENIO";"URBANA";"292";"CAMARGO";"URBANO";"exacta"
"80420050";"JUANA AZURDUY DE PADILLA";"010701";"CHUQUISACA";"NOR CINTI";"CAMARGO";"-20.643174";"-65.210196";"FISCAL";"URBANA";"183";"CAMARGO";"URBANO";"exacta"
"80420051";"BOLIVIA PRIMARIA";"010701";"CHUQUISACA";"NOR CINTI";"CAMARGO";"-20.639443";"-65.208035";"FISCAL";"URBANA";"267";"CAMARGO";"URBANO";"exacta"
"80420054";"BOLIVIA SECUNDARIA";"010701";"CHUQUISACA";"NOR CINTI";"CAMARGO";"-20.639443";"-65.208035";"FISCAL";"URBANA";"494";"CAMARGO";"URBANO";"exacta"
"80420055";"3 DE ABRIL SECUNDARIA";"010701";"CHUQUISACA";"NOR CINTI";"CAMARGO";"-20.64258";"-65.210121";"CONVENIO";"URBANA";"599";"CAMARGO";"URBANO";"exacta"
"80420061";"12 DE ABRIL";"010701";"CHUQUISACA";"NOR CINTI";"CAMARGO";"-20.639365";"-65.207184";"FISCAL";"URBANA";"154";"CAMARGO";"URBANO";"exacta"
"80440005";"CAMALOTE";"010501";"CHUQUISACA";"HERNANDO SILES";"MONTEAGUDO";"-19.759899";"-64.117439";"FISCAL";"RURAL";"16";"CAMALOTE";"RURAL";"exacta"
"60420037";"CAIZA K";"010704";"CHUQUISACA";"NOR CINTI";"VILLA CHARCAS";"-20.527856";"-64.746598";"FISCAL";"RURAL";"121";"CAIZ K";"RURAL";"exacta"
"60420007";"CAILLE";"010704";"CHUQUISACA";"NOR CINTI";"VILLA CHARCAS";"-20.453641";"-64.799478";"FISCAL";"RURAL";"26";"CAILLE";"RURAL";"exacta"
"80420002";"KACHUYOC";"010701";"CHUQUISACA";"NOR CINTI";"CAMARGO";"-20.415353";"-65.078386";"FISCAL";"RURAL";"6";"CACHUYO";"RURAL";"exacta"
"70480009";"JOSE VILLEGAS";"010102";"CHUQUISACA";"OROPEZA";"YOTALA";"-19.149599";"-65.293228";"FISCAL";"RURAL";"17";"CACHIMAYU";"RURAL";"ambigua"
"80440004";"CACHIMAYU";"010501";"CHUQUISACA";"HERNANDO SILES";"MONTEAGUDO";"-20.413521";"-64.243733";"FISCAL";"RURAL";"5";"CACHIMAYU";"RURAL";"exacta"
"70480003";"CABEZAS";"010102";"CHUQUISACA";"OROPEZA";"YOTALA";"-19.1394";"-65.261971";"FISCAL";"RURAL";"20";"CABEZAS";"RURAL";"exacta"
"70420007";"BUENA VISTA";"010702";"CHUQUISACA";"NOR CINTI";"SAN LUCAS";"-19.931801";"-64.935928";"CONVENIO";"RURAL";"56";"BUENA VISTA";"RURAL";"exacta"
"80440091";"BUENA VISTA";"010501";"CHUQUISACA";"HERNANDO SILES";"MONTEAGUDO";"-20.010714";"-64.031469";"FISCAL";"RURAL";"10";"BUENA VISTA";"RURAL";"exacta"
"60420005";"BOMBOMA";"010704";"CHUQUISACA";"NOR CINTI";"VILLA CHARCAS";"-20.451472";"-64.684623";"FISCAL";"RURAL";"31";"BOMBOMA";"RURAL";"exacta"
"80440003";"BOHORQUEZ";"010501";"CHUQUISACA";"HERNANDO SILES";"MONTEAGUDO";"-19.7202";"-64.033142";"FISCAL";"RURAL";"5";"BOHORQUEZ";"RURAL";"exacta"
"80390033";"LA BARRERA";"011001";"CHUQUISACA";"LUIS CALVO";"VILLA VACA GUZMAN (MUYUPAMPA)";"-19.478868";"-63.766165";"FISCAL";"RURAL";"4";"BELLA VISTA";"RURAL";"ambigua"
"80480266";"BELLA VISTA";"010101";"CHUQUISACA";"OROPEZA";"CAPITAL (SUCRE)";"-18.740289";"-65.145534";"CONVENIO";"RURAL";"5";"BELLA VISTA";"RURAL";"exacta"
"80440002";"BARTOLO";"010501";"CHUQUISACA";"HERNANDO SILES";"MONTEAGUDO";"-19.662201";"-64.039314";"FISCAL";"RURAL";"8";"BARTOLO";"RURAL";"exacta"
"80410046";"FIDELIA SARAVIA DE MOLINA";"010801";"CHUQUISACA";"BELISARIO BOETO";"VILLA SERRANO";"-18.995991";"-64.25836";"FISCAL";"RURAL";"6";"BARBECHOS (POTREROS)";"RURAL";"exacta"
"40450002";"BARBECHOS";"010405";"CHUQUISACA";"TOMINA";"EL VILLAR";"-19.552334";"-64.296769";"FISCAL";"RURAL";"15";"BARBECHOS";"RURAL";"exacta"
"80470001";"BARBECHOS";"010201";"CHUQUISACA";"AZURDUY";"VILLA AZURDUY";"-20.0112";"-64.528671";"FISCAL";"RURAL";"18";"BARBECHOS";"RURAL";"exacta"
"80390001";"BAICUA";"011001";"CHUQUISACA";"LUIS CALVO";"VILLA VACA GUZMAN (MUYUPAMPA)";"-20.53032";"-63.710532";"FISCAL";"RURAL";"6";"BAICUA";"RURAL";"exacta"
"80470032";"NICANOR LOPEZ SECUNDARIA";"010201";"CHUQUISACA";"AZURDUY";"VILLA AZURDUY";"-20.105301";"-64.413994";"FISCAL";"RURAL";"275";"AZURDUY";"URBANO";"exacta"
"80470033";"NICANOR LOPEZ PRIMARIA";"010201";"CHUQUISACA";"AZURDUY";"VILLA AZURDUY";"-20.104894";"-64.415304";"FISCAL";"RURAL";"141";"AZURDUY";"URBANO";"exacta"
"80470034";"JUANA AZURDUY DE PADILLA";"010201";"CHUQUISACA";"AZURDUY";"VILLA AZURDUY";"-20.104894";"-64.415304";"FISCAL";"RURAL";"165";"AZURDUY";"URBANO";"exacta"
"80440039";"RIO AZERO";"010501";"CHUQUISACA";"HERNANDO SILES";"MONTEAGUDO";"-19.568399";"-63.989983";"FISCAL";"RURAL";"16";"AZERO NORTE";"RURAL";"exacta"
"80440087";"LOS PINOS";"010501";"CHUQUISACA";"HERNANDO SILES";"MONTEAGUDO";"-19.6283";"-63.954361";"FISCAL";"RURAL";"5";"AZERO NORTE";"RURAL";"exacta"
"70440029";"ATIRIMBIA";"010502";"CHUQUISACA";"HERNANDO SILES";"SAN PABLO DE HUACARETA";"-20.8475";"-63.933723";"FISCAL";"RURAL";"16";"ATIRIMBIA";"RURAL";"exacta"
"70440039";"IVAVIRANTI";"010502";"CHUQUISACA";"HERNANDO SILES";"SAN PABLO DE HUACARETA";"-20.871214";"-63.951113";"FISCAL";"RURAL";"26";"ATIRIMBIA";"RURAL";"exacta"
"40450003";"BARTOLINA SISA";"010405";"CHUQUISACA";"TOMINA";"EL VILLAR";"-19.820307";"-64.326308";"FISCAL";"RURAL";"7";"ASTILLERO";"RURAL";"exacta"
"60460001";"TEODORO FLORES";"010303";"CHUQUISACA";"ZUDAÑEZ";"VILLA MOJOCOYA";"-18.794001";"-64.669529";"FISCAL";"RURAL";"16";"ASTILLERO";"RURAL";"exacta"
"80450001";"NICOLAS ABUAWAD";"010401";"CHUQUISACA";"TOMINA";"PADILLA";"-19.520615";"-64.170237";"FISCAL";"RURAL";"5";"ASTILLERO";"RURAL";"exacta"
"70450001";"ANTOFAGASTA";"010402";"CHUQUISACA";"TOMINA";"TOMINA";"-19.252001";"-64.447327";"FISCAL";"RURAL";"160";"ARQUILLOS";"RURAL";"ambigua"
"60420004";"JOSE VICENTE CAMARGO";"010704";"CHUQUISACA";"NOR CINTI";"VILLA CHARCAS";"-20.713699";"-64.906876";"FISCAL";"RURAL";"22";"ARPAJA BAJA";"RURAL";"exacta"
"60420003";"MCAL. SUCRE";"010704";"CHUQUISACA";"NOR CINTI";"VILLA CHARCAS";"-20.678101";"-64.948853";"FISCAL";"RURAL";"33";"ARPAJA ALTA";"RURAL";"exacta"
"70440032";"EL ARENAL";"010502";"CHUQUISACA";"HERNANDO SILES";"SAN PABLO DE HUACARETA";"-20.697703";"-64.19127";"FISCAL";"RURAL";"4";"ARENAL";"RURAL";"exacta"
"70460001";"ARAMASI";"010302";"CHUQUISACA";"ZUDAÑEZ";"PRESTO";"-18.786501";"-64.854904";"FISCAL";"RURAL";"50";"ARAMASI";"RURAL";"exacta"
"70460033";"SAN LORENZO";"010302";"CHUQUISACA";"ZUDAÑEZ";"PRESTO";"-18.80279";"-64.867594";"FISCAL";"RURAL";"23";"ARAMASI";"RURAL";"exacta"
"80480091";"SAN PEDRO DE ARABATE";"010101";"CHUQUISACA";"OROPEZA";"CAPITAL (SUCRE)";"-19.0728";"-65.151558";"FISCAL";"RURAL";"4";"ARABATE";"RURAL";"exacta"
"70440003";"RAFAEL PABON";"010502";"CHUQUISACA";"HERNANDO SILES";"SAN PABLO DE HUACARETA";"-20.572201";"-64.149643";"FISCAL";"RURAL";"111";"AÑIMBO";"RURAL";"ambigua"
"70440035";"VILLA HERMOSA";"010502";"CHUQUISACA";"HERNANDO SILES";"SAN PABLO DE HUACARETA";"-20.485201";"-63.869686";"FISCAL";"RURAL";"19";"ANGUAGUZU";"RURAL";"exacta"
"80430001";"ANGOLA";"010601";"CHUQUISACA";"YAMPARAEZ";"TARABUCO";"-19.249901";"-64.91758";"FISCAL";"RURAL";"10";"ANGOLA";"RURAL";"exacta"
"70420106";"ANDAMARCA";"010702";"CHUQUISACA";"NOR CINTI";"SAN LUCAS";"-20.324318";"-65.03988";"FISCAL";"RURAL";"28";"ANDAMARCA";"RURAL";"ambigua"
"60420002";"ANCOMARCA";"010704";"CHUQUISACA";"NOR CINTI";"VILLA CHARCAS";"-20.473142";"-64.751765";"FISCAL";"RURAL";"35";"ANCOMARCA";"RURAL";"exacta"
"60390026";"YUKI KAIPIPENDI";"011003";"CHUQUISACA";"LUIS CALVO";"MACHARETI";"-20.994761";"-63.533187";"FISCAL";"RURAL";"11";"ANCAHUAZU";"RURAL";"sin coincidencia"
"70390001";"ANKAGUASU";"011002";"CHUQUISACA";"LUIS CALVO";"VILLA DE HUACAYA";"-20.8869";"-63.674351";"FISCAL";"RURAL";"20";"ANCAHUAZU";"RURAL";"exacta"
"60450003";"AMANCAYA";"010403";"CHUQUISACA";"TOMINA";"SOPACHUY";"-19.325059";"-64.558446";"FISCAL";"RURAL";"133";"AMANCAYA";"RURAL";"ambigua"
"60450011";"SAN ISIDRO DE MUJICA";"010403";"CHUQUISACA";"TOMINA";"SOPACHUY";"-19.310947";"-64.578786";"FISCAL";"RURAL";"9";"AMANCAYA";"RURAL";"ambigua"
"80410002";"JUANA AZURDUY DE PADILLA";"010801";"CHUQUISACA";"BELISARIO BOETO";"VILLA SERRANO";"-19.100847";"-64.136614";"FISCAL";"RURAL";"14";"ALTO SECO";"RURAL";"exacta"
"80440019";"DIVISADERO";"010501";"CHUQUISACA";"HERNANDO SILES";"MONTEAGUDO";"-19.7414";"-63.960747";"FISCAL";"RURAL";"46";"ALTO DIVISADERO";"RURAL";"exacta"
"80460001";"ALISOS MAYU";"010301";"CHUQUISACA";"ZUDAÑEZ";"VILLA ZUDANEZ (TACOPAYA)";"-19.2967";"-64.671707";"FISCAL";"RURAL";"10";"ALISO MAYU";"RURAL";"exacta"
"40450021";"ALCALA";"010404";"CHUQUISACA";"TOMINA";"VILLA ALCALA";"-19.365254";"-64.38987";"FISCAL";"RURAL";"153";"ALCALA";"URBANO";"exacta"
"40450022";"RUFINO SALAZAR";"010404";"CHUQUISACA";"TOMINA";"VILLA ALCALA";"-19.369037";"-64.394544";"FISCAL";"RURAL";"147";"ALCALA";"URBANO";"exacta"
"70420001";"AJCHILLA";"010702";"CHUQUISACA";"NOR CINTI";"SAN LUCAS";"-20.325399";"-64.803871";"FISCAL";"RURAL";"9";"AJCHILLA";"RURAL";"exacta"
"80390039";"O ÑEMBOEA";"011001";"CHUQUISACA";"LUIS CALVO";"VILLA VACA GUZMAN (MUYUPAMPA)";"-19.469501";"-63.768336";"FISCAL";"RURAL";"101";"AGUAIRENDA";"RURAL";"exacta"
"80440084";"AGUADILLAS";"010501";"CHUQUISACA";"HERNANDO SILES";"MONTEAGUDO";"-19.665899";"-63.960995";"FISCAL";"RURAL";"7";"AGUADILLAS";"RURAL";"exacta"
"60420001";"JAIME ZUDAÑEZ";"010703";"CHUQUISACA";"NOR CINTI";"INCAHUASI";"-20.682393";"-64.75206";"FISCAL";"RURAL";"12";"AGUA Y CERCA";"RURAL";"exacta"
"80400001";"ACHUMA";"010901";"CHUQUISACA";"SUD CINTI";"CAMATAQUI (VILLA ABECIA)";"-20.9139";"-65.341454";"FISCAL";"RURAL";"7";"ACHUMA";"RURAL";"exacta"
"80410001";"VIRGEN DE GUADALUPE";"010801";"CHUQUISACA";"BELISARIO BOETO";"VILLA SERRANO";"-18.957787";"-64.279813";"FISCAL";"RURAL";"4";"ACHIRAS";"RURAL";"exacta"
"80440081";"ACHIRAL";"010501";"CHUQUISACA";"HERNANDO SILES";"MONTEAGUDO";"-19.7871";"-64.122711";"FISCAL";"RURAL";"23";"ACHIRAL";"RURAL";"exacta"
"70440013";"LA ABRA DE LOS PINOS";"010502";"CHUQUISACA";"HERNANDO SILES";"SAN PABLO DE HUACARETA";"-20.452299";"-64.004585";"FISCAL";"RURAL";"10";"ABRA DEL IVIO";"RURAL";"exacta"
"70470001";"ABRA KHASA";"010202";"CHUQUISACA";"AZURDUY";"TARVITA (VILLA ORIAS)";"-19.9738";"-64.5668";"FISCAL";"RURAL";"133";"ABRA CKASA";"RURAL";"ambigua"